fila,widget,columna,valor_actual,valor_nuevo,comprobado,motivo,en_post_publicado,url_post
212,noticias-265,C,https://www.abc.es/rss/2.0/espana/comunidad-valenciana/,https://noticias.carmenprofe.synology.me/scraper_generico.php?url=https%3A%2F%2Fwww.abc.es%2Fespana%2Fcomunidad-valenciana%2F,"8 noticias, 8 con foto, enlaces de abc.es",feed abandonado (última 2023-06-01): leer la página vía NAS,sí,https://noticiasautonomicas.blogspot.com/2026/07/comunidad-valenciana-abc.html
219,noticias-272,C,https://www.abc.es/rss/2.0/espana/castilla-la-mancha/,https://noticias.carmenprofe.synology.me/scraper_generico.php?url=https%3A%2F%2Fwww.abc.es%2Fespana%2Fcastilla-la-mancha%2F,"8 noticias, 8 con foto, enlaces de abc.es",feed abandonado (última 2022-07-27): leer la página vía NAS,sí,https://noticiasautonomicas.blogspot.com/2026/07/castilla-la-mancha-abc.html
231,noticias-284,C,https://www.abc.es/rss/2.0/economia/inmobiliario/,https://noticias.carmenprofe.synology.me/scraper_generico.php?url=https%3A%2F%2Fwww.abc.es%2Feconomia%2Finmobiliario%2F,"8 noticias, 8 con foto, enlaces de abc.es",feed abandonado (última 2026-06-15): leer la página vía NAS,sí,https://periodicosaliazon.blogspot.com/2026/07/inmobiliario-abc.html
318,noticias-429,C,https://www.elconfidencialdigital.com/rss/negocio/,https://noticias.carmenprofe.synology.me/scraper_generico.php?url=https%3A%2F%2Fwww.elconfidencialdigital.com%2Fnegocio%2F,"8 noticias, 8 con foto, enlaces de elconfidencialdigital.com",bloquea a GitHub (403): leer la página de la sección vía NAS,sí,https://periodicosaliazon.blogspot.com/2026/09/negocios-el-confidencial-digital.html
378,noticias-492,C,https://www.elconfidencialdigital.com/rss/cultura/,https://noticias.carmenprofe.synology.me/scraper_generico.php?url=https%3A%2F%2Fwww.elconfidencialdigital.com%2Fcultura%2F,"8 noticias, 8 con foto, enlaces de elconfidencialdigital.com",bloquea a GitHub (403): leer la página de la sección vía NAS,sí,https://periodicosaliazon.blogspot.com/2026/09/cultura-el-confidencial.html | https://periodicosaliazon.blogspot.com/2026/07/cultura-el-confidencial-digital.html
379,noticias-494,C,https://www.elconfidencialdigital.com/rss/apuestas/,https://noticias.carmenprofe.synology.me/scraper_generico.php?url=https%3A%2F%2Fwww.elconfidencialdigital.com%2Fapuestas%2F,"8 noticias, 8 con foto, enlaces de elconfidencialdigital.com",bloquea a GitHub (403): leer la página de la sección vía NAS,sí,https://periodicosaliazon.blogspot.com/2026/09/apuestas-el-confidencial-digital.html
381,noticias-493,C,https://www.elconfidencialdigital.com/rss/estilo-de-vida/,https://noticias.carmenprofe.synology.me/scraper_generico.php?url=https%3A%2F%2Fwww.elconfidencialdigital.com%2Festilo-de-vida%2F,"8 noticias, 8 con foto, enlaces de elconfidencialdigital.com",bloquea a GitHub (403): leer la página de la sección vía NAS,sí,https://periodicosaliazon.blogspot.com/2026/09/estilo-de-vida-el-confidencial-digital.html
385,noticias-501,C,https://www.elconfidencialdigital.com/rss/video/motor/,https://noticias.carmenprofe.synology.me/scraper_generico.php?url=https%3A%2F%2Fwww.elconfidencialdigital.com%2Fvideo%2Fmotor%2F,"8 noticias, 8 con foto, enlaces de elconfidencialdigital.com",bloquea a GitHub (403): leer la página de la sección vía NAS,sí,https://periodicosaliazon.blogspot.com/2026/09/motor-videos-el-confidencial-digital.html
386,noticias-496,C,https://www.elconfidencialdigital.com/rss/video/videos-de-ecd/,https://noticias.carmenprofe.synology.me/scraper_generico.php?url=https%3A%2F%2Fwww.elconfidencialdigital.com%2Fvideo%2Fvideos-de-ecd%2F,"8 noticias, 8 con foto, enlaces de elconfidencialdigital.com",bloquea a GitHub (403): leer la página de la sección vía NAS,sí,https://periodicosaliazon.blogspot.com/2026/09/videos-de-ecd-videos-el-confidencial.html
387,noticias-503,C,https://www.elconfidencialdigital.com/rss/video/defensa/,https://noticias.carmenprofe.synology.me/scraper_generico.php?url=https%3A%2F%2Fwww.elconfidencialdigital.com%2Fvideo%2Fdefensa%2F,"8 noticias, 8 con foto, enlaces de elconfidencialdigital.com",bloquea a GitHub (403): leer la página de la sección vía NAS,sí,https://periodicosaliazon.blogspot.com/2026/09/defensa-videos-el-confidencial-digital.html
388,noticias-504,C,https://www.elconfidencialdigital.com/rss/video/dinero/,https://noticias.carmenprofe.synology.me/scraper_generico.php?url=https%3A%2F%2Fwww.elconfidencialdigital.com%2Fvideo%2Fdinero%2F,"8 noticias, 8 con foto, enlaces de elconfidencialdigital.com",bloquea a GitHub (403): leer la página de la sección vía NAS,sí,https://periodicosaliazon.blogspot.com/2026/09/dinero-videos-el-confidencial-digital.html
390,noticias-506,C,https://www.elconfidencialdigital.com/rss/video/religion/,https://noticias.carmenprofe.synology.me/scraper_generico.php?url=https%3A%2F%2Fwww.elconfidencialdigital.com%2Fvideo%2Freligion%2F,"8 noticias, 8 con foto, enlaces de elconfidencialdigital.com",bloquea a GitHub (403): leer la página de la sección vía NAS,sí,https://periodicosaliazon.blogspot.com/2026/09/religion-videos-el-confidencial-digital.html
392,noticias-505,C,https://www.elconfidencialdigital.com/rss/video/casas-reales/,https://noticias.carmenprofe.synology.me/scraper_generico.php?url=https%3A%2F%2Fwww.elconfidencialdigital.com%2Fvideo%2Fcasas-reales%2F,"8 noticias, 8 con foto, enlaces de elconfidencialdigital.com",bloquea a GitHub (403): leer la página de la sección vía NAS,sí,https://periodicosaliazon.blogspot.com/2026/09/casas-reales-videos-el-confidencial.html
393,noticias-502,C,https://www.elconfidencialdigital.com/rss/video/cuidate/,https://noticias.carmenprofe.synology.me/scraper_generico.php?url=https%3A%2F%2Fwww.elconfidencialdigital.com%2Fvideo%2Fcuidate%2F,"8 noticias, 8 con foto, enlaces de elconfidencialdigital.com",bloquea a GitHub (403): leer la página de la sección vía NAS,sí,https://periodicosaliazon.blogspot.com/2026/09/cuidate-el-confidencial-digital.html
402,noticias-519,C,https://www.elconfidencialdigital.com/rss/album/gourmet/,https://noticias.carmenprofe.synology.me/scraper_generico.php?url=https%3A%2F%2Fwww.elconfidencialdigital.com%2Falbum%2Fgourmet%2F,"8 noticias, 8 con foto, enlaces de elconfidencialdigital.com",bloquea a GitHub (403): leer la página de la sección vía NAS,sí,https://periodicosaliazon.blogspot.com/2026/09/gourmet-el-confidencial-digital.html
404,noticias-520,C,https://www.elconfidencialdigital.com/rss/album/tendencias/,https://noticias.carmenprofe.synology.me/scraper_generico.php?url=https%3A%2F%2Fwww.elconfidencialdigital.com%2Falbum%2Ftendencias%2F,"8 noticias, 8 con foto, enlaces de elconfidencialdigital.com",bloquea a GitHub (403): leer la página de la sección vía NAS,sí,https://periodicosaliazon.blogspot.com/2026/09/tendencias-albumes-el-confidencial.html
456,noticias-4,C,https://www.newtral.es/tag/feminismo/feed/,https://noticias.carmenprofe.synology.me/scraper_generico.php?url=https%3A%2F%2Fwww.newtral.es%2Ftag%2Ffeminismo%2F,"8 noticias, 8 con foto, enlaces de newtral.es",feed abandonado (última 2026-08-28): leer la página vía NAS,sí,https://periodicosaliazon.blogspot.com/2026/07/feminismo-newtral_02109394168.html | https://periodicosaliazon.blogspot.com/2026/07/feminismo-newtral.html
460,noticias-9,C,https://www.newtral.es/tag/clima/feed/,https://noticias.carmenprofe.synology.me/scraper_generico.php?url=https%3A%2F%2Fwww.newtral.es%2Ftag%2Fclima%2F,"8 noticias, 8 con foto, enlaces de newtral.es",feed abandonado (última 2026-07-24): leer la página vía NAS,sí,https://periodicosaliazon.blogspot.com/2026/06/clima-newtral.html
471,noticias-215,C,https://es.euronews.com/rss?level=vertical&name=news,https://noticias.carmenprofe.synology.me/scraper_generico.php?url=https%3A%2F%2Fes.euronews.com%2F,"8 noticias, 8 con foto, enlaces de es.euronews.com",feed 406: leer la página vía NAS,sí,https://periodicosaliazon.blogspot.com/2026/09/ultimas-noticias-euro-news.html
528,noticias-324,C,https://www.abc.es/rss/2.0/estilo/decoracion/,https://noticias.carmenprofe.synology.me/scraper_generico.php?url=https%3A%2F%2Fwww.abc.es%2Festilo%2Fdecoracion%2F,"8 noticias, 8 con foto, enlaces de abc.es",feed abandonado (última 2026-08-20): leer la página vía NAS,sí,https://periodicosaliazon.blogspot.com/2026/09/decoracion-abc.html
546,noticias-342,C,https://www.abc.es/rss/2.0/summum/gastronomia-gourmet/,https://noticias.carmenprofe.synology.me/scraper_generico.php?url=https%3A%2F%2Fwww.abc.es%2Fsummum%2Fgastronomia-gourmet%2F,"8 noticias, 8 con foto, enlaces de abc.es",feed abandonado (última 2026-08-31): leer la página vía NAS,sí,https://periodicosaliazon.blogspot.com/2026/09/gastronomia-gourmet-abc.html
568,noticias-449,C,https://www.elconfidencialdigital.com/rss/la-voz-del-lector/,https://noticias.carmenprofe.synology.me/scraper_generico.php?url=https%3A%2F%2Fwww.elconfidencialdigital.com%2Fla-voz-del-lector%2F,"8 noticias, 7 con foto, enlaces de elconfidencialdigital.com",bloquea a GitHub (403): leer la página de la sección vía NAS,sí,https://periodicosaliazon.blogspot.com/2026/08/la-voz-del-lector-el-confidencial.html
570,noticias-467,C,https://www.elconfidencialdigital.com/rss/actualidad/,https://noticias.carmenprofe.synology.me/scraper_generico.php?url=https%3A%2F%2Fwww.elconfidencialdigital.com%2Factualidad%2F,"8 noticias, 8 con foto, enlaces de elconfidencialdigital.com",bloquea a GitHub (403): leer la página de la sección vía NAS,sí,https://periodicosaliazon.blogspot.com/2026/07/actualidad-el-confidencial.html
689,noticias-676,C,http://www.20minutos.es/rss/region-de-murcia/,https://noticias.carmenprofe.synology.me/scraper_generico.php?url=https%3A%2F%2Fwww.20minutos.es%2Fregion-de-murcia%2F,"8 noticias, 8 con foto, enlaces de 20minutos.es",RSS de 20minutos eliminado (404),sí,https://noticiasautonomicas.blogspot.com/2026/07/murcia-20-minutos.html
803,noticias-837,C,https://e00-elmundo.uecdn.es/elmundo/rss/solidaridad.xml,https://noticias.carmenprofe.synology.me/scraper_generico.php?url=https%3A%2F%2Fwww.elmundo.es%2Fsolidaridad.html,"8 noticias, 8 con foto, enlaces de elmundo.es",sección de El Mundo abandonada (última 2013-10-20),sí,https://periodicosaliazon.blogspot.com/2026/09/solidaridad-el-mundo.html
887,noticias-908,C,https://e00-elmundo.uecdn.es/elmundo/rss/videos.xml,https://noticias.carmenprofe.synology.me/scraper_generico.php?url=https%3A%2F%2Fwww.elmundo.es%2Fvideos.html,"8 noticias, 8 con foto, enlaces de elmundo.es",sección de El Mundo abandonada (última 2015-02-24),sí,https://periodicosaliazon.blogspot.com/2026/09/videos-el-mundo.html
1030,noticias-1002,C,https://www.publico.es/rss/,https://noticias.carmenprofe.synology.me/scraper_generico.php?url=https%3A%2F%2Fwww.publico.es%2F,"8 noticias, 8 con foto, enlaces de publico.es",feed 404: leer la página vía NAS,sí,https://periodicosaliazon.blogspot.com/2026/07/portada-publicoes.html | https://periodicosaliazon.blogspot.com/2026/07/publicoes.html
1189,noticias-1220,C,https://carmenprofe.synology.me/scraper_generico.php?url=https%3A%2F%2Fefe.com%2Fmundo%2F,https://carmenprofe.synology.me/wpcom_generico.php?sitio=efe.com&categoria=mundo&limite=12,"12 noticias, 12 con foto, última 2026-10-04, enlaces de efe.com",EFE vía NAS bloqueado: pasar a wpcom_generico (como 2240),sí,https://periodicosaliazon.blogspot.com/2026/08/mundo-efe.html
1191,noticias-1221,C,https://carmenprofe.synology.me/scraper_generico.php?url=https%3A%2F%2Fefe.com%2Feconomia%2F,https://carmenprofe.synology.me/wpcom_generico.php?sitio=efe.com&categoria=economia&limite=12,"12 noticias, 12 con foto, última 2026-10-04, enlaces de efe.com",EFE vía NAS bloqueado: pasar a wpcom_generico (como 2240),sí,https://periodicosaliazon.blogspot.com/2026/09/economia-efe.html
1192,noticias-1223,C,https://carmenprofe.synology.me/scraper_generico.php?url=https%3A%2F%2Fefe.com%2Fcultura%2F,https://carmenprofe.synology.me/wpcom_generico.php?sitio=efe.com&categoria=cultura&limite=12,"12 noticias, 12 con foto, última 2026-10-04, enlaces de efe.com",EFE vía NAS bloqueado: pasar a wpcom_generico (como 2240),sí,https://periodicosaliazon.blogspot.com/2026/09/cultura-efe.html
1204,noticias-1235,C,https://noticias.carmenprofe.synology.me/scraper_generico.php?url=https%3A%2F%2Fefe.com%2Fcataluna%2F,https://carmenprofe.synology.me/wpcom_generico.php?sitio=efe.com&categoria=cataluna&limite=12,"12 noticias, 12 con foto, última 2026-10-04, enlaces de efe.com",EFE vía NAS bloqueado: pasar a wpcom_generico (como 2240),sí,https://noticiasautonomicas.blogspot.com/2026/08/cataluna-efe.html
171,noticias-187,C,https://www.lavozdegalicia.es/sanitago/index.xml,https://noticias.carmenprofe.synology.me/scraper_generico.php?url=https%3A%2F%2Fwww.lavozdegalicia.es%2Fsanitago%2F,"6 noticias, 3 con foto, enlaces de lavozdegalicia.es play.google.com",feed 404: leer la página vía NAS,no,
178,noticias-194,C,https://www.lavozdegalicia.es/futbolgalego/index.xml,https://noticias.carmenprofe.synology.me/scraper_generico.php?url=https%3A%2F%2Fwww.lavozdegalicia.es%2Ffutbolgalego%2F,"6 noticias, 3 con foto, enlaces de lavozdegalicia.es play.google.com",feed 404: leer la página vía NAS,no,
181,noticias-197,C,https://www.lavozdegalicia.es/sabebien/index.xml,https://noticias.carmenprofe.synology.me/scraper_generico.php?url=https%3A%2F%2Fwww.lavozdegalicia.es%2Fsabebien%2F,"6 noticias, 3 con foto, enlaces de lavozdegalicia.es play.google.com",feed 404: leer la página vía NAS,no,
186,noticias-202,C,https://www.europasur.es/algeciras/rss,https://noticias.carmenprofe.synology.me/scraper_generico.php?url=https%3A%2F%2Fwww.europasur.es%2Falgeciras%2F,"8 noticias, 8 con foto, enlaces de europasur.es",feed 404: leer la página vía NAS,no,
189,noticias-205,C,https://cnnespanol.cnn.com/feed/,https://noticias.carmenprofe.synology.me/scraper_generico.php?url=https%3A%2F%2Fcnnespanol.cnn.com%2F,"8 noticias, 6 con foto, enlaces de cnnespanol.cnn.com",feed 404: leer la página vía NAS,no,
223,noticias-276,C,https://www.abc.es/rss/2.0/https://www.abc.es/noticias/la-tercera-de-abc/,https://noticias.carmenprofe.synology.me/scraper_generico.php?url=https%3A%2F%2Fwww.abc.es%2Fnoticias%2Fla-tercera-de-abc%2F,"8 noticias, 8 con foto, enlaces de abc.es",errata: URL de ABC duplicada,no,
224,noticias-277,C,https://www.abc.es/rss/2.0/https://www.abc.es/opinion/fe-de-ratas/,https://www.abc.es/rss/2.0/opinion/fe-de-ratas/,"25 noticias, 25 con foto, última 2026-10-03, enlaces de abc.es",errata: URL de ABC duplicada,no,
225,noticias-278,C,https://www.abc.es/rss/2.0/https://www.abc.es/autor/cartas-al-director-7188/,https://noticias.carmenprofe.synology.me/scraper_generico.php?url=https%3A%2F%2Fwww.abc.es%2Fautor%2Fcartas-al-director-7188%2F,"8 noticias, 8 con foto, enlaces de abc.es",errata: URL de ABC duplicada,no,
227,noticias-280,C,https://www.abc.es/rss/2.0/https://www.abc.es/espana/madrid/agenda/,https://www.abc.es/rss/2.0/espana/madrid/agenda/,"25 noticias, 25 con foto, última 2026-10-02, enlaces de abc.es",errata: URL de ABC duplicada,no,
230,noticias-283,C,https://www.abc.es/rss/2.0/https://www.abc.es/economia/cuentas-corrientes/,https://www.abc.es/rss/2.0/economia/cuentas-corrientes/,"25 noticias, 25 con foto, última 2026-10-03, enlaces de abc.es",errata: URL de ABC duplicada,no,
233,noticias-286,C,https://www.abc.es/rss/2.0/https://finanzas.abc.es/,https://www.abc.es/rss/2.0/,"25 noticias, 25 con foto, última 2026-10-04, enlaces de abc.es",errata: URL de ABC duplicada,no,
246,noticias-299,C,https://www.abc.es/rss/2.0/https://www.abc.es/deportes/futbol/mundial/,https://noticias.carmenprofe.synology.me/scraper_generico.php?url=https%3A%2F%2Fwww.abc.es%2Fdeportes%2Ffutbol%2Fmundial%2F,"8 noticias, 8 con foto, enlaces de abc.es",errata: URL de ABC duplicada,no,
270,noticias-380,C,https://rss.elconfidencial.com/tags/temas/hardware-9341/,https://noticias.carmenprofe.synology.me/scraper_generico.php?url=https%3A%2F%2Frss.elconfidencial.com%2Ftags%2Ftemas%2Fhardware-9341%2F,"8 noticias, 0 con foto, enlaces de elconfidencial.com blogs.elconfidencial.com",feed 404: leer la página vía NAS,no,
273,noticias-383,C,https://rss.elconfidencial.com/tags/temas/redes-sociales-9344/,https://noticias.carmenprofe.synology.me/scraper_generico.php?url=https%3A%2F%2Frss.elconfidencial.com%2Ftags%2Ftemas%2Fredes-sociales-9344%2F,"8 noticias, 0 con foto, enlaces de elconfidencial.com blogs.elconfidencial.com",feed 404: leer la página vía NAS,no,
288,noticias-396,C,https://rss.elconfidencial.com/tags/temas/educacion-9332/,https://noticias.carmenprofe.synology.me/scraper_generico.php?url=https%3A%2F%2Frss.elconfidencial.com%2Ftags%2Ftemas%2Feducacion-9332%2F,"8 noticias, 0 con foto, enlaces de elconfidencial.com blogs.elconfidencial.com",feed 404: leer la página vía NAS,no,
289,noticias-397,C,https://rss.elconfidencial.com/tags/temas/psicologia-9333/,https://noticias.carmenprofe.synology.me/scraper_generico.php?url=https%3A%2F%2Frss.elconfidencial.com%2Ftags%2Ftemas%2Fpsicologia-9333%2F,"8 noticias, 0 con foto, enlaces de elconfidencial.com blogs.elconfidencial.com",feed 404: leer la página vía NAS,no,
311,noticias-420,C,https://www.elconfidencialdigital.com/rss/video/,https://noticias.carmenprofe.synology.me/scraper_generico.php?url=https%3A%2F%2Fwww.elconfidencialdigital.com%2Fvideo%2F,"8 noticias, 8 con foto, enlaces de elconfidencialdigital.com",bloquea a GitHub (403): leer la página de la sección vía NAS,no,
313,noticias-422,C,https://www.elconfidencialdigital.com/rss/poll/,https://noticias.carmenprofe.synology.me/scraper_generico.php?url=https%3A%2F%2Fwww.elconfidencialdigital.com%2Fpoll%2F,"8 noticias, 8 con foto, enlaces de elconfidencialdigital.com",bloquea a GitHub (403): leer la página de la sección vía NAS,no,
314,noticias-423,C,https://www.elconfidencialdigital.com/rss/portadas/,https://noticias.carmenprofe.synology.me/scraper_generico.php?url=https%3A%2F%2Fwww.elconfidencialdigital.com%2Fportadas%2F,"8 noticias, 8 con foto, enlaces de elconfidencialdigital.com",bloquea a GitHub (403): leer la página de la sección vía NAS,no,
316,noticias-425,C,https://www.elconfidencialdigital.com/rss/videonoticias-ecd/,https://noticias.carmenprofe.synology.me/scraper_generico.php?url=https%3A%2F%2Fwww.elconfidencialdigital.com%2Fvideonoticias-ecd%2F,"8 noticias, 8 con foto, enlaces de elconfidencialdigital.com",bloquea a GitHub (403): leer la página de la sección vía NAS,no,
317,noticias-428,C,https://www.elconfidencialdigital.com/rss/la-buena-vida/,https://noticias.carmenprofe.synology.me/scraper_generico.php?url=https%3A%2F%2Fwww.elconfidencialdigital.com%2Fla-buena-vida%2F,"8 noticias, 8 con foto, enlaces de elconfidencialdigital.com",bloquea a GitHub (403): leer la página de la sección vía NAS,no,
319,noticias-427,C,https://www.elconfidencialdigital.com/rss/deportes/,https://noticias.carmenprofe.synology.me/scraper_generico.php?url=https%3A%2F%2Fwww.elconfidencialdigital.com%2Fdeportes%2F,"8 noticias, 8 con foto, enlaces de elconfidencialdigital.com",bloquea a GitHub (403): leer la página de la sección vía NAS,no,
320,noticias-424,C,https://www.elconfidencialdigital.com/rss/videos-de-ecd/,https://noticias.carmenprofe.synology.me/scraper_generico.php?url=https%3A%2F%2Fwww.elconfidencialdigital.com%2Fvideos-de-ecd%2F,"8 noticias, 8 con foto, enlaces de elconfidencialdigital.com",bloquea a GitHub (403): leer la página de la sección vía NAS,no,
324,noticias-433,C,https://www.elconfidencialdigital.com/rss/tendencias/,https://noticias.carmenprofe.synology.me/scraper_generico.php?url=https%3A%2F%2Fwww.elconfidencialdigital.com%2Ftendencias%2F,"8 noticias, 7 con foto, enlaces de elconfidencialdigital.com",bloquea a GitHub (403): leer la página de la sección vía NAS,no,
325,noticias-434,C,https://www.elconfidencialdigital.com/rss/educacion-formacion/,https://noticias.carmenprofe.synology.me/scraper_generico.php?url=https%3A%2F%2Fwww.elconfidencialdigital.com%2Feducacion-formacion%2F,"8 noticias, 8 con foto, enlaces de elconfidencialdigital.com",bloquea a GitHub (403): leer la página de la sección vía NAS,no,
330,noticias-440,C,https://www.elconfidencialdigital.com/rss/vivir/,https://noticias.carmenprofe.synology.me/scraper_generico.php?url=https%3A%2F%2Fwww.elconfidencialdigital.com%2Fvivir%2F,"8 noticias, 8 con foto, enlaces de elconfidencialdigital.com",bloquea a GitHub (403): leer la página de la sección vía NAS,no,
333,noticias-442,C,https://www.elconfidencialdigital.com/rss/seguridad/,https://noticias.carmenprofe.synology.me/scraper_generico.php?url=https%3A%2F%2Fwww.elconfidencialdigital.com%2Fseguridad%2F,"8 noticias, 8 con foto, enlaces de elconfidencialdigital.com",bloquea a GitHub (403): leer la página de la sección vía NAS,no,
334,noticias-445,C,https://www.elconfidencialdigital.com/rss/la-guinda-y-la-guindilla/,https://noticias.carmenprofe.synology.me/scraper_generico.php?url=https%3A%2F%2Fwww.elconfidencialdigital.com%2Fla-guinda-y-la-guindilla%2F,"8 noticias, 7 con foto, enlaces de elconfidencialdigital.com",bloquea a GitHub (403): leer la página de la sección vía NAS,no,
335,noticias-444,C,https://www.elconfidencialdigital.com/rss/denuncias-de-los-lectores/,https://noticias.carmenprofe.synology.me/scraper_generico.php?url=https%3A%2F%2Fwww.elconfidencialdigital.com%2Fdenuncias-de-los-lectores%2F,"8 noticias, 6 con foto, enlaces de elconfidencialdigital.com",bloquea a GitHub (403): leer la página de la sección vía NAS,no,
336,noticias-448,C,https://www.elconfidencialdigital.com/rss/la-tertulia/,https://noticias.carmenprofe.synology.me/scraper_generico.php?url=https%3A%2F%2Fwww.elconfidencialdigital.com%2Fla-tertulia%2F,"8 noticias, 8 con foto, enlaces de elconfidencialdigital.com",bloquea a GitHub (403): leer la página de la sección vía NAS,no,
338,noticias-450,C,https://www.elconfidencialdigital.com/rss/tribuna-libre/,https://noticias.carmenprofe.synology.me/scraper_generico.php?url=https%3A%2F%2Fwww.elconfidencialdigital.com%2Ftribuna-libre%2F,"8 noticias, 5 con foto, enlaces de elconfidencialdigital.com",bloquea a GitHub (403): leer la página de la sección vía NAS,no,
339,noticias-451,C,https://www.elconfidencialdigital.com/rss/el-criticon/,https://noticias.carmenprofe.synology.me/scraper_generico.php?url=https%3A%2F%2Fwww.elconfidencialdigital.com%2Fel-criticon%2F,"8 noticias, 3 con foto, enlaces de elconfidencialdigital.com",bloquea a GitHub (403): leer la página de la sección vía NAS,no,
340,noticias-452,C,https://www.elconfidencialdigital.com/rss/videos/,https://noticias.carmenprofe.synology.me/scraper_generico.php?url=https%3A%2F%2Fwww.elconfidencialdigital.com%2Fvideos%2F,"8 noticias, 8 con foto, enlaces de elconfidencialdigital.com",bloquea a GitHub (403): leer la página de la sección vía NAS,no,
343,noticias-455,C,https://www.elconfidencialdigital.com/rss/juridico/,https://noticias.carmenprofe.synology.me/scraper_generico.php?url=https%3A%2F%2Fwww.elconfidencialdigital.com%2Fjuridico%2F,"8 noticias, 7 con foto, enlaces de elconfidencialdigital.com",bloquea a GitHub (403): leer la página de la sección vía NAS,no,
347,noticias-460,C,https://www.elconfidencialdigital.com/rss/perfil/,https://noticias.carmenprofe.synology.me/scraper_generico.php?url=https%3A%2F%2Fwww.elconfidencialdigital.com%2Fperfil%2F,"8 noticias, 8 con foto, enlaces de elconfidencialdigital.com",bloquea a GitHub (403): leer la página de la sección vía NAS,no,
348,noticias-461,C,https://www.elconfidencialdigital.com/rss/innovacion/,https://noticias.carmenprofe.synology.me/scraper_generico.php?url=https%3A%2F%2Fwww.elconfidencialdigital.com%2Finnovacion%2F,"8 noticias, 8 con foto, enlaces de elconfidencialdigital.com",bloquea a GitHub (403): leer la página de la sección vía NAS,no,
349,noticias-462,C,https://www.elconfidencialdigital.com/rss/otros/,https://noticias.carmenprofe.synology.me/scraper_generico.php?url=https%3A%2F%2Fwww.elconfidencialdigital.com%2Fotros%2F,"8 noticias, 8 con foto, enlaces de elconfidencialdigital.com",bloquea a GitHub (403): leer la página de la sección vía NAS,no,
351,noticias-466,C,https://www.elconfidencialdigital.com/rss/podcast/,https://noticias.carmenprofe.synology.me/scraper_generico.php?url=https%3A%2F%2Fwww.elconfidencialdigital.com%2Fpodcast%2F,"8 noticias, 8 con foto, enlaces de elconfidencialdigital.com",bloquea a GitHub (403): leer la página de la sección vía NAS,no,
353,noticias-463,C,https://www.elconfidencialdigital.com/rss/judicial/,https://noticias.carmenprofe.synology.me/scraper_generico.php?url=https%3A%2F%2Fwww.elconfidencialdigital.com%2Fjudicial%2F,"8 noticias, 8 con foto, enlaces de elconfidencialdigital.com",bloquea a GitHub (403): leer la página de la sección vía NAS,no,
354,noticias-468,C,https://www.elconfidencialdigital.com/rss/videos-copa-mundial-fifa-catar-2022/,https://noticias.carmenprofe.synology.me/scraper_generico.php?url=https%3A%2F%2Fwww.elconfidencialdigital.com%2Fvideos-copa-mundial-fifa-catar-2022%2F,"8 noticias, 8 con foto, enlaces de elconfidencialdigital.com",bloquea a GitHub (403): leer la página de la sección vía NAS,no,
355,noticias-469,C,https://www.elconfidencialdigital.com/rss/curiosidades/,https://noticias.carmenprofe.synology.me/scraper_generico.php?url=https%3A%2F%2Fwww.elconfidencialdigital.com%2Fcuriosidades%2F,"8 noticias, 8 con foto, enlaces de elconfidencialdigital.com",bloquea a GitHub (403): leer la página de la sección vía NAS,no,
357,noticias-471,C,https://www.elconfidencialdigital.com/rss/pueblos-con-encanto/,https://noticias.carmenprofe.synology.me/scraper_generico.php?url=https%3A%2F%2Fwww.elconfidencialdigital.com%2Fpueblos-con-encanto%2F,"8 noticias, 8 con foto, enlaces de elconfidencialdigital.com",bloquea a GitHub (403): leer la página de la sección vía NAS,no,
358,noticias-473,C,https://www.elconfidencialdigital.com/rss/tiempo/,https://noticias.carmenprofe.synology.me/scraper_generico.php?url=https%3A%2F%2Fwww.elconfidencialdigital.com%2Ftiempo%2F,"8 noticias, 8 con foto, enlaces de elconfidencialdigital.com",bloquea a GitHub (403): leer la página de la sección vía NAS,no,
359,noticias-474,C,https://www.elconfidencialdigital.com/rss/cotilleo/,https://noticias.carmenprofe.synology.me/scraper_generico.php?url=https%3A%2F%2Fwww.elconfidencialdigital.com%2Fcotilleo%2F,"8 noticias, 8 con foto, enlaces de elconfidencialdigital.com",bloquea a GitHub (403): leer la página de la sección vía NAS,no,
360,noticias-472,C,https://www.elconfidencialdigital.com/rss/consumo/,https://noticias.carmenprofe.synology.me/scraper_generico.php?url=https%3A%2F%2Fwww.elconfidencialdigital.com%2Fconsumo%2F,"8 noticias, 8 con foto, enlaces de elconfidencialdigital.com",bloquea a GitHub (403): leer la página de la sección vía NAS,no,
361,noticias-475,C,https://www.elconfidencialdigital.com/rss/belleza/,https://noticias.carmenprofe.synology.me/scraper_generico.php?url=https%3A%2F%2Fwww.elconfidencialdigital.com%2Fbelleza%2F,"8 noticias, 8 con foto, enlaces de elconfidencialdigital.com",bloquea a GitHub (403): leer la página de la sección vía NAS,no,
362,noticias-477,C,https://www.elconfidencialdigital.com/rss/cine/,https://noticias.carmenprofe.synology.me/scraper_generico.php?url=https%3A%2F%2Fwww.elconfidencialdigital.com%2Fcine%2F,"8 noticias, 8 con foto, enlaces de elconfidencialdigital.com",bloquea a GitHub (403): leer la página de la sección vía NAS,no,
363,noticias-476,C,https://www.elconfidencialdigital.com/rss/moda/,https://noticias.carmenprofe.synology.me/scraper_generico.php?url=https%3A%2F%2Fwww.elconfidencialdigital.com%2Fmoda%2F,"8 noticias, 8 con foto, enlaces de elconfidencialdigital.com",bloquea a GitHub (403): leer la página de la sección vía NAS,no,
364,noticias-479,C,https://www.elconfidencialdigital.com/rss/electrodomesticos/,https://noticias.carmenprofe.synology.me/scraper_generico.php?url=https%3A%2F%2Fwww.elconfidencialdigital.com%2Felectrodomesticos%2F,"8 noticias, 8 con foto, enlaces de elconfidencialdigital.com",bloquea a GitHub (403): leer la página de la sección vía NAS,no,
366,noticias-480,C,https://www.elconfidencialdigital.com/rss/tecnologia/,https://noticias.carmenprofe.synology.me/scraper_generico.php?url=https%3A%2F%2Fwww.elconfidencialdigital.com%2Ftecnologia%2F,"8 noticias, 8 con foto, enlaces de elconfidencialdigital.com",bloquea a GitHub (403): leer la página de la sección vía NAS,no,
367,noticias-481,C,https://www.elconfidencialdigital.com/rss/viajes/,https://noticias.carmenprofe.synology.me/scraper_generico.php?url=https%3A%2F%2Fwww.elconfidencialdigital.com%2Fviajes%2F,"8 noticias, 8 con foto, enlaces de elconfidencialdigital.com",bloquea a GitHub (403): leer la página de la sección vía NAS,no,
370,noticias-482,C,https://www.elconfidencialdigital.com/rss/regalos/,https://noticias.carmenprofe.synology.me/scraper_generico.php?url=https%3A%2F%2Fwww.elconfidencialdigital.com%2Fregalos%2F,"8 noticias, 8 con foto, enlaces de elconfidencialdigital.com",bloquea a GitHub (403): leer la página de la sección vía NAS,no,
372,noticias-486,C,https://www.elconfidencialdigital.com/rss/ikea/,https://noticias.carmenprofe.synology.me/scraper_generico.php?url=https%3A%2F%2Fwww.elconfidencialdigital.com%2Fikea%2F,"8 noticias, 8 con foto, enlaces de elconfidencialdigital.com",bloquea a GitHub (403): leer la página de la sección vía NAS,no,
374,noticias-487,C,https://www.elconfidencialdigital.com/rss/aprovecha-el-verano/,https://noticias.carmenprofe.synology.me/scraper_generico.php?url=https%3A%2F%2Fwww.elconfidencialdigital.com%2Faprovecha-el-verano%2F,"8 noticias, 8 con foto, enlaces de elconfidencialdigital.com",bloquea a GitHub (403): leer la página de la sección vía NAS,no,
375,noticias-489,C,https://www.elconfidencialdigital.com/rss/negocio-inversion/,https://noticias.carmenprofe.synology.me/scraper_generico.php?url=https%3A%2F%2Fwww.elconfidencialdigital.com%2Fnegocio-inversion%2F,"8 noticias, 8 con foto, enlaces de elconfidencialdigital.com",bloquea a GitHub (403): leer la página de la sección vía NAS,no,
377,noticias-491,C,https://www.elconfidencialdigital.com/rss/semana-santa/,https://noticias.carmenprofe.synology.me/scraper_generico.php?url=https%3A%2F%2Fwww.elconfidencialdigital.com%2Fsemana-santa%2F,"8 noticias, 8 con foto, enlaces de elconfidencialdigital.com",bloquea a GitHub (403): leer la página de la sección vía NAS,no,
382,noticias-498,C,https://www.elconfidencialdigital.com/rss/video/videoblog-jose-apezarena/,https://noticias.carmenprofe.synology.me/scraper_generico.php?url=https%3A%2F%2Fwww.elconfidencialdigital.com%2Fvideo%2Fvideoblog-jose-apezarena%2F,"8 noticias, 8 con foto, enlaces de elconfidencialdigital.com",bloquea a GitHub (403): leer la página de la sección vía NAS,no,
383,noticias-499,C,https://www.elconfidencialdigital.com/rss/video/deportes/,https://noticias.carmenprofe.synology.me/scraper_generico.php?url=https%3A%2F%2Fwww.elconfidencialdigital.com%2Fvideo%2Fdeportes%2F,"8 noticias, 8 con foto, enlaces de elconfidencialdigital.com",bloquea a GitHub (403): leer la página de la sección vía NAS,no,
384,noticias-500,C,https://www.elconfidencialdigital.com/rss/video/la-buena-vida/,https://noticias.carmenprofe.synology.me/scraper_generico.php?url=https%3A%2F%2Fwww.elconfidencialdigital.com%2Fvideo%2Fla-buena-vida%2F,"8 noticias, 8 con foto, enlaces de elconfidencialdigital.com",bloquea a GitHub (403): leer la página de la sección vía NAS,no,
389,noticias-507,C,https://www.elconfidencialdigital.com/rss/video/vivir/,https://noticias.carmenprofe.synology.me/scraper_generico.php?url=https%3A%2F%2Fwww.elconfidencialdigital.com%2Fvideo%2Fvivir%2F,"8 noticias, 8 con foto, enlaces de elconfidencialdigital.com",bloquea a GitHub (403): leer la página de la sección vía NAS,no,
391,noticias-508,C,https://www.elconfidencialdigital.com/rss/video/politica/,https://noticias.carmenprofe.synology.me/scraper_generico.php?url=https%3A%2F%2Fwww.elconfidencialdigital.com%2Fvideo%2Fpolitica%2F,"8 noticias, 8 con foto, enlaces de elconfidencialdigital.com",bloquea a GitHub (403): leer la página de la sección vía NAS,no,
394,noticias-510,C,https://www.elconfidencialdigital.com/rss/video/la-voz-del-lector/,https://noticias.carmenprofe.synology.me/scraper_generico.php?url=https%3A%2F%2Fwww.elconfidencialdigital.com%2Fvideo%2Fla-voz-del-lector%2F,"8 noticias, 8 con foto, enlaces de elconfidencialdigital.com",bloquea a GitHub (403): leer la página de la sección vía NAS,no,
395,noticias-512,C,https://www.elconfidencialdigital.com/rss/video/el-chivato/,https://noticias.carmenprofe.synology.me/scraper_generico.php?url=https%3A%2F%2Fwww.elconfidencialdigital.com%2Fvideo%2Fel-chivato%2F,"8 noticias, 8 con foto, enlaces de elconfidencialdigital.com",bloquea a GitHub (403): leer la página de la sección vía NAS,no,
396,noticias-513,C,https://www.elconfidencialdigital.com/rss/video/actualidad/,https://noticias.carmenprofe.synology.me/scraper_generico.php?url=https%3A%2F%2Fwww.elconfidencialdigital.com%2Fvideo%2Factualidad%2F,"8 noticias, 8 con foto, enlaces de elconfidencialdigital.com",bloquea a GitHub (403): leer la página de la sección vía NAS,no,
397,noticias-511,C,https://www.elconfidencialdigital.com/rss/video/videos/,https://noticias.carmenprofe.synology.me/scraper_generico.php?url=https%3A%2F%2Fwww.elconfidencialdigital.com%2Fvideo%2Fvideos%2F,"8 noticias, 8 con foto, enlaces de elconfidencialdigital.com",bloquea a GitHub (403): leer la página de la sección vía NAS,no,
398,noticias-514,C,https://www.elconfidencialdigital.com/rss/video/videos-copa-mundial-fifa-catar-2022/,https://noticias.carmenprofe.synology.me/scraper_generico.php?url=https%3A%2F%2Fwww.elconfidencialdigital.com%2Fvideo%2Fvideos-copa-mundial-fifa-catar-2022%2F,"8 noticias, 8 con foto, enlaces de elconfidencialdigital.com",bloquea a GitHub (403): leer la página de la sección vía NAS,no,
399,noticias-515,C,https://www.elconfidencialdigital.com/rss/video/viajes/,https://noticias.carmenprofe.synology.me/scraper_generico.php?url=https%3A%2F%2Fwww.elconfidencialdigital.com%2Fvideo%2Fviajes%2F,"8 noticias, 8 con foto, enlaces de elconfidencialdigital.com",bloquea a GitHub (403): leer la página de la sección vía NAS,no,
401,noticias-517,C,https://www.elconfidencialdigital.com/rss/album/deportes/,https://noticias.carmenprofe.synology.me/scraper_generico.php?url=https%3A%2F%2Fwww.elconfidencialdigital.com%2Falbum%2Fdeportes%2F,"8 noticias, 8 con foto, enlaces de elconfidencialdigital.com",bloquea a GitHub (403): leer la página de la sección vía NAS,no,
403,noticias-521,C,https://www.elconfidencialdigital.com/rss/album/medios/,https://noticias.carmenprofe.synology.me/scraper_generico.php?url=https%3A%2F%2Fwww.elconfidencialdigital.com%2Falbum%2Fmedios%2F,"8 noticias, 8 con foto, enlaces de elconfidencialdigital.com",bloquea a GitHub (403): leer la página de la sección vía NAS,no,
405,noticias-522,C,https://www.elconfidencialdigital.com/rss/album/defensa/,https://noticias.carmenprofe.synology.me/scraper_generico.php?url=https%3A%2F%2Fwww.elconfidencialdigital.com%2Falbum%2Fdefensa%2F,"8 noticias, 8 con foto, enlaces de elconfidencialdigital.com",bloquea a GitHub (403): leer la página de la sección vía NAS,no,
406,noticias-523,C,https://www.elconfidencialdigital.com/rss/album/dinero/,https://noticias.carmenprofe.synology.me/scraper_generico.php?url=https%3A%2F%2Fwww.elconfidencialdigital.com%2Falbum%2Fdinero%2F,"8 noticias, 8 con foto, enlaces de elconfidencialdigital.com",bloquea a GitHub (403): leer la página de la sección vía NAS,no,
407,noticias-524,C,https://www.elconfidencialdigital.com/rss/album/casas-reales/,https://noticias.carmenprofe.synology.me/scraper_generico.php?url=https%3A%2F%2Fwww.elconfidencialdigital.com%2Falbum%2Fcasas-reales%2F,"8 noticias, 8 con foto, enlaces de elconfidencialdigital.com",bloquea a GitHub (403): leer la página de la sección vía NAS,no,
408,noticias-525,C,https://www.elconfidencialdigital.com/rss/album/religion/,https://noticias.carmenprofe.synology.me/scraper_generico.php?url=https%3A%2F%2Fwww.elconfidencialdigital.com%2Falbum%2Freligion%2F,"8 noticias, 8 con foto, enlaces de elconfidencialdigital.com",bloquea a GitHub (403): leer la página de la sección vía NAS,no,
410,noticias-528,C,https://www.elconfidencialdigital.com/rss/album/seguridad/,https://noticias.carmenprofe.synology.me/scraper_generico.php?url=https%3A%2F%2Fwww.elconfidencialdigital.com%2Falbum%2Fseguridad%2F,"8 noticias, 8 con foto, enlaces de elconfidencialdigital.com",bloquea a GitHub (403): leer la página de la sección vía NAS,no,
411,noticias-529,C,https://www.elconfidencialdigital.com/rss/album/la-voz-del-lector/,https://noticias.carmenprofe.synology.me/scraper_generico.php?url=https%3A%2F%2Fwww.elconfidencialdigital.com%2Falbum%2Fla-voz-del-lector%2F,"8 noticias, 8 con foto, enlaces de elconfidencialdigital.com",bloquea a GitHub (403): leer la página de la sección vía NAS,no,
412,noticias-530,C,https://www.elconfidencialdigital.com/rss/album/tribuna-libre/,https://noticias.carmenprofe.synology.me/scraper_generico.php?url=https%3A%2F%2Fwww.elconfidencialdigital.com%2Falbum%2Ftribuna-libre%2F,"8 noticias, 8 con foto, enlaces de elconfidencialdigital.com",bloquea a GitHub (403): leer la página de la sección vía NAS,no,
413,noticias-532,C,https://www.elconfidencialdigital.com/rss/album/juridico/,https://noticias.carmenprofe.synology.me/scraper_generico.php?url=https%3A%2F%2Fwww.elconfidencialdigital.com%2Falbum%2Fjuridico%2F,"8 noticias, 8 con foto, enlaces de elconfidencialdigital.com",bloquea a GitHub (403): leer la página de la sección vía NAS,no,
414,noticias-534,C,https://www.elconfidencialdigital.com/rss/album/el-chivato/,https://noticias.carmenprofe.synology.me/scraper_generico.php?url=https%3A%2F%2Fwww.elconfidencialdigital.com%2Falbum%2Fel-chivato%2F,"8 noticias, 8 con foto, enlaces de elconfidencialdigital.com",bloquea a GitHub (403): leer la página de la sección vía NAS,no,
415,noticias-533,C,https://www.elconfidencialdigital.com/rss/album/el-chau-chau/,https://noticias.carmenprofe.synology.me/scraper_generico.php?url=https%3A%2F%2Fwww.elconfidencialdigital.com%2Falbum%2Fel-chau-chau%2F,"8 noticias, 8 con foto, enlaces de elconfidencialdigital.com",bloquea a GitHub (403): leer la página de la sección vía NAS,no,
416,noticias-537,C,https://www.elconfidencialdigital.com/rss/album/consumo/,https://noticias.carmenprofe.synology.me/scraper_generico.php?url=https%3A%2F%2Fwww.elconfidencialdigital.com%2Falbum%2Fconsumo%2F,"8 noticias, 8 con foto, enlaces de elconfidencialdigital.com",bloquea a GitHub (403): leer la página de la sección vía NAS,no,
417,noticias-536,C,https://www.elconfidencialdigital.com/rss/album/famosos/,https://noticias.carmenprofe.synology.me/scraper_generico.php?url=https%3A%2F%2Fwww.elconfidencialdigital.com%2Falbum%2Ffamosos%2F,"8 noticias, 8 con foto, enlaces de elconfidencialdigital.com",bloquea a GitHub (403): leer la página de la sección vía NAS,no,
418,noticias-538,C,https://www.elconfidencialdigital.com/rss/album/cotilleo/,https://noticias.carmenprofe.synology.me/scraper_generico.php?url=https%3A%2F%2Fwww.elconfidencialdigital.com%2Falbum%2Fcotilleo%2F,"8 noticias, 8 con foto, enlaces de elconfidencialdigital.com",bloquea a GitHub (403): leer la página de la sección vía NAS,no,
419,noticias-539,C,https://www.elconfidencialdigital.com/rss/album/tecnologia/,https://noticias.carmenprofe.synology.me/scraper_generico.php?url=https%3A%2F%2Fwww.elconfidencialdigital.com%2Falbum%2Ftecnologia%2F,"8 noticias, 8 con foto, enlaces de elconfidencialdigital.com",bloquea a GitHub (403): leer la página de la sección vía NAS,no,
420,noticias-541,C,https://www.elconfidencialdigital.com/rss/album/series/,https://noticias.carmenprofe.synology.me/scraper_generico.php?url=https%3A%2F%2Fwww.elconfidencialdigital.com%2Falbum%2Fseries%2F,"8 noticias, 8 con foto, enlaces de elconfidencialdigital.com",bloquea a GitHub (403): leer la página de la sección vía NAS,no,
421,noticias-540,C,https://www.elconfidencialdigital.com/rss/album/viajes/,https://noticias.carmenprofe.synology.me/scraper_generico.php?url=https%3A%2F%2Fwww.elconfidencialdigital.com%2Falbum%2Fviajes%2F,"8 noticias, 8 con foto, enlaces de elconfidencialdigital.com",bloquea a GitHub (403): leer la página de la sección vía NAS,no,
422,noticias-542,C,https://www.elconfidencialdigital.com/rss/poll/videos-de-ecd/,https://noticias.carmenprofe.synology.me/scraper_generico.php?url=https%3A%2F%2Fwww.elconfidencialdigital.com%2Fpoll%2Fvideos-de-ecd%2F,"8 noticias, 8 con foto, enlaces de elconfidencialdigital.com",bloquea a GitHub (403): leer la página de la sección vía NAS,no,
423,noticias-543,C,https://www.elconfidencialdigital.com/rss/poll/videonoticias-ecd/,https://noticias.carmenprofe.synology.me/scraper_generico.php?url=https%3A%2F%2Fwww.elconfidencialdigital.com%2Fpoll%2Fvideonoticias-ecd%2F,"8 noticias, 8 con foto, enlaces de elconfidencialdigital.com",bloquea a GitHub (403): leer la página de la sección vía NAS,no,
424,noticias-544,C,https://www.elconfidencialdigital.com/rss/poll/deportes/,https://noticias.carmenprofe.synology.me/scraper_generico.php?url=https%3A%2F%2Fwww.elconfidencialdigital.com%2Fpoll%2Fdeportes%2F,"8 noticias, 8 con foto, enlaces de elconfidencialdigital.com",bloquea a GitHub (403): leer la página de la sección vía NAS,no,
425,noticias-545,C,https://www.elconfidencialdigital.com/rss/poll/medios/,https://noticias.carmenprofe.synology.me/scraper_generico.php?url=https%3A%2F%2Fwww.elconfidencialdigital.com%2Fpoll%2Fmedios%2F,"8 noticias, 8 con foto, enlaces de elconfidencialdigital.com",bloquea a GitHub (403): leer la página de la sección vía NAS,no,
426,noticias-547,C,https://www.elconfidencialdigital.com/rss/poll/casas-reales/,https://noticias.carmenprofe.synology.me/scraper_generico.php?url=https%3A%2F%2Fwww.elconfidencialdigital.com%2Fpoll%2Fcasas-reales%2F,"8 noticias, 8 con foto, enlaces de elconfidencialdigital.com",bloquea a GitHub (403): leer la página de la sección vía NAS,no,
427,noticias-546,C,https://www.elconfidencialdigital.com/rss/poll/dinero/,https://noticias.carmenprofe.synology.me/scraper_generico.php?url=https%3A%2F%2Fwww.elconfidencialdigital.com%2Fpoll%2Fdinero%2F,"8 noticias, 8 con foto, enlaces de elconfidencialdigital.com",bloquea a GitHub (403): leer la página de la sección vía NAS,no,
428,noticias-549,C,https://www.elconfidencialdigital.com/rss/poll/politica/,https://noticias.carmenprofe.synology.me/scraper_generico.php?url=https%3A%2F%2Fwww.elconfidencialdigital.com%2Fpoll%2Fpolitica%2F,"8 noticias, 8 con foto, enlaces de elconfidencialdigital.com",bloquea a GitHub (403): leer la página de la sección vía NAS,no,
429,noticias-548,C,https://www.elconfidencialdigital.com/rss/poll/vivir/,https://noticias.carmenprofe.synology.me/scraper_generico.php?url=https%3A%2F%2Fwww.elconfidencialdigital.com%2Fpoll%2Fvivir%2F,"8 noticias, 8 con foto, enlaces de elconfidencialdigital.com",bloquea a GitHub (403): leer la página de la sección vía NAS,no,
431,noticias-535,C,https://www.elconfidencialdigital.com/rss/album/otros/,https://noticias.carmenprofe.synology.me/scraper_generico.php?url=https%3A%2F%2Fwww.elconfidencialdigital.com%2Falbum%2Fotros%2F,"8 noticias, 8 con foto, enlaces de elconfidencialdigital.com",bloquea a GitHub (403): leer la página de la sección vía NAS,no,
432,noticias-550,C,https://www.elconfidencialdigital.com/rss/poll/seguridad/,https://noticias.carmenprofe.synology.me/scraper_generico.php?url=https%3A%2F%2Fwww.elconfidencialdigital.com%2Fpoll%2Fseguridad%2F,"8 noticias, 8 con foto, enlaces de elconfidencialdigital.com",bloquea a GitHub (403): leer la página de la sección vía NAS,no,
433,noticias-551,C,https://www.elconfidencialdigital.com/rss/poll/encuestas/,https://noticias.carmenprofe.synology.me/scraper_generico.php?url=https%3A%2F%2Fwww.elconfidencialdigital.com%2Fpoll%2Fencuestas%2F,"8 noticias, 8 con foto, enlaces de elconfidencialdigital.com",bloquea a GitHub (403): leer la página de la sección vía NAS,no,
434,noticias-553,C,https://www.elconfidencialdigital.com/rss/poll/actualidad/,https://noticias.carmenprofe.synology.me/scraper_generico.php?url=https%3A%2F%2Fwww.elconfidencialdigital.com%2Fpoll%2Factualidad%2F,"8 noticias, 8 con foto, enlaces de elconfidencialdigital.com",bloquea a GitHub (403): leer la página de la sección vía NAS,no,
435,noticias-555,C,https://www.elconfidencialdigital.com/rss/author/atenea/,https://noticias.carmenprofe.synology.me/scraper_generico.php?url=https%3A%2F%2Fwww.elconfidencialdigital.com%2Fauthor%2Fatenea%2F,"8 noticias, 8 con foto, enlaces de elconfidencialdigital.com",bloquea a GitHub (403): leer la página de la sección vía NAS,no,
436,noticias-554,C,https://www.elconfidencialdigital.com/rss/author/andrea-ortega-rubio/,https://noticias.carmenprofe.synology.me/scraper_generico.php?url=https%3A%2F%2Fwww.elconfidencialdigital.com%2Fauthor%2Fandrea-ortega-rubio%2F,"8 noticias, 8 con foto, enlaces de elconfidencialdigital.com",bloquea a GitHub (403): leer la página de la sección vía NAS,no,
437,noticias-552,C,https://www.elconfidencialdigital.com/rss/poll/otros/,https://noticias.carmenprofe.synology.me/scraper_generico.php?url=https%3A%2F%2Fwww.elconfidencialdigital.com%2Fpoll%2Fotros%2F,"8 noticias, 8 con foto, enlaces de elconfidencialdigital.com",bloquea a GitHub (403): leer la página de la sección vía NAS,no,
438,noticias-558,C,https://www.elconfidencialdigital.com/rss/author/blanca-gonzalez-haz/,https://noticias.carmenprofe.synology.me/scraper_generico.php?url=https%3A%2F%2Fwww.elconfidencialdigital.com%2Fauthor%2Fblanca-gonzalez-haz%2F,"8 noticias, 8 con foto, enlaces de elconfidencialdigital.com",bloquea a GitHub (403): leer la página de la sección vía NAS,no,
439,noticias-557,C,https://www.elconfidencialdigital.com/rss/author/oscar-beltran-izquierdo/,https://noticias.carmenprofe.synology.me/scraper_generico.php?url=https%3A%2F%2Fwww.elconfidencialdigital.com%2Fauthor%2Foscar-beltran-izquierdo%2F,"8 noticias, 8 con foto, enlaces de elconfidencialdigital.com",bloquea a GitHub (403): leer la página de la sección vía NAS,no,
441,noticias-561,C,https://www.elconfidencialdigital.com/rss/author/juan/,https://noticias.carmenprofe.synology.me/scraper_generico.php?url=https%3A%2F%2Fwww.elconfidencialdigital.com%2Fauthor%2Fjuan%2F,"8 noticias, 8 con foto, enlaces de elconfidencialdigital.com",bloquea a GitHub (403): leer la página de la sección vía NAS,no,
442,noticias-560,C,https://www.elconfidencialdigital.com/rss/author/editor/,https://noticias.carmenprofe.synology.me/scraper_generico.php?url=https%3A%2F%2Fwww.elconfidencialdigital.com%2Fauthor%2Feditor%2F,"8 noticias, 6 con foto, enlaces de elconfidencialdigital.com",bloquea a GitHub (403): leer la página de la sección vía NAS,no,
444,noticias-562,C,https://www.elconfidencialdigital.com/rss/author/javier-del-pozo/,https://noticias.carmenprofe.synology.me/scraper_generico.php?url=https%3A%2F%2Fwww.elconfidencialdigital.com%2Fauthor%2Fjavier-del-pozo%2F,"8 noticias, 8 con foto, enlaces de elconfidencialdigital.com",bloquea a GitHub (403): leer la página de la sección vía NAS,no,
447,noticias-567,C,https://www.elconfidencialdigital.com/rss/author/jose-maria-martinez/,https://noticias.carmenprofe.synology.me/scraper_generico.php?url=https%3A%2F%2Fwww.elconfidencialdigital.com%2Fauthor%2Fjose-maria-martinez%2F,"8 noticias, 8 con foto, enlaces de elconfidencialdigital.com",bloquea a GitHub (403): leer la página de la sección vía NAS,no,
450,noticias-563,C,https://www.elconfidencialdigital.com/rss/author/javier-fumero/,https://noticias.carmenprofe.synology.me/scraper_generico.php?url=https%3A%2F%2Fwww.elconfidencialdigital.com%2Fauthor%2Fjavier-fumero%2F,"8 noticias, 8 con foto, enlaces de elconfidencialdigital.com",bloquea a GitHub (403): leer la página de la sección vía NAS,no,
451,noticias-569,C,https://www.elconfidencialdigital.com/rss/author/manuel-alvarez-plaza/,https://noticias.carmenprofe.synology.me/scraper_generico.php?url=https%3A%2F%2Fwww.elconfidencialdigital.com%2Fauthor%2Fmanuel-alvarez-plaza%2F,"8 noticias, 8 con foto, enlaces de elconfidencialdigital.com",bloquea a GitHub (403): leer la página de la sección vía NAS,no,
452,noticias-572,C,https://www.elconfidencialdigital.com/rss/author/victor-hernandez-saavedra/,https://noticias.carmenprofe.synology.me/scraper_generico.php?url=https%3A%2F%2Fwww.elconfidencialdigital.com%2Fauthor%2Fvictor-hernandez-saavedra%2F,"8 noticias, 8 con foto, enlaces de elconfidencialdigital.com",bloquea a GitHub (403): leer la página de la sección vía NAS,no,
472,noticias-216,C,https://www.vozpopuli.com/rss/,https://noticias.carmenprofe.synology.me/scraper_generico.php?url=https%3A%2F%2Fwww.vozpopuli.com%2F,"8 noticias, 8 con foto, enlaces de vozpopuli.com",feed 404: leer la página vía NAS,no,
475,noticias-219,C,https://www.larazon.es/rss/portada.xml,https://noticias.carmenprofe.synology.me/scraper_generico.php?url=https%3A%2F%2Fwww.larazon.es%2F,"8 noticias, 8 con foto, enlaces de larazon.es",bloquea a GitHub (503): leer la página vía NAS,no,
477,noticias-221,C,https://www.xataka.com/feed,https://noticias.carmenprofe.synology.me/scraper_generico.php?url=https%3A%2F%2Fwww.xataka.com%2F,"8 noticias, 8 con foto, enlaces de xataka.com",feed 404: leer la página vía NAS,no,
478,noticias-222,C,https://www.rtve.es/noticias/rss/mundo.xml,https://noticias.carmenprofe.synology.me/scraper_generico.php?url=https%3A%2F%2Fwww.rtve.es%2Fnoticias%2F,"8 noticias, 8 con foto, enlaces de rtve.es",feed 404: leer la página vía NAS,no,
486,noticias-230,C,https://www.larazon.es/rss/portada.xml,https://noticias.carmenprofe.synology.me/scraper_generico.php?url=https%3A%2F%2Fwww.larazon.es%2F,"8 noticias, 8 con foto, enlaces de larazon.es",bloquea a GitHub (503): leer la página vía NAS,no,
490,noticias-234,C,https://www.publico.es/rss/,https://noticias.carmenprofe.synology.me/scraper_generico.php?url=https%3A%2F%2Fwww.publico.es%2F,"8 noticias, 8 con foto, enlaces de publico.es",feed 404: leer la página vía NAS,no,
495,noticias-239,C,https://www.epe.es/rss/,https://noticias.carmenprofe.synology.me/scraper_generico.php?url=https%3A%2F%2Fwww.epe.es%2F,"8 noticias, 8 con foto, enlaces de epe.es",feed 404: leer la página vía NAS,no,
498,noticias-242,C,https://www.vozpopuli.com/feed/,https://noticias.carmenprofe.synology.me/scraper_generico.php?url=https%3A%2F%2Fwww.vozpopuli.com%2F,"8 noticias, 8 con foto, enlaces de vozpopuli.com",feed 404: leer la página vía NAS,no,
505,noticias-249,C,https://www.hispanidad.com/rss.xml,https://noticias.carmenprofe.synology.me/scraper_generico.php?url=https%3A%2F%2Fwww.hispanidad.com%2F,"8 noticias, 8 con foto, enlaces de hispanidad.com",feed 404: leer la página vía NAS,no,
515,noticias-311,C,https://www.abc.es/rss/2.0/https://www.abc.es/deportes/juegos-olimpicos/,https://noticias.carmenprofe.synology.me/scraper_generico.php?url=https%3A%2F%2Fwww.abc.es%2Fdeportes%2Fjuegos-olimpicos%2F,"8 noticias, 8 con foto, enlaces de abc.es",errata: URL de ABC duplicada,no,
517,noticias-313,C,https://www.abc.es/rss/2.0/https://www.abc.es/historia/,https://www.abc.es/rss/2.0/historia/,"25 noticias, 25 con foto, última 2026-10-02, enlaces de abc.es",errata: URL de ABC duplicada,no,
531,noticias-327,C,https://www.abc.es/rss/2.0/https://www.abc.es/familia/,https://www.abc.es/rss/2.0/familia/,"25 noticias, 25 con foto, última 2026-10-04, enlaces de abc.es",errata: URL de ABC duplicada,no,
532,noticias-328,C,https://www.abc.es/rss/2.0/https://www.abc.es/familia/padres-hijos/,https://www.abc.es/rss/2.0/familia/padres-hijos/,"25 noticias, 25 con foto, última 2026-10-04, enlaces de abc.es",errata: URL de ABC duplicada,no,
533,noticias-329,C,https://www.abc.es/rss/2.0/https://www.abc.es/familia/educacion/,https://www.abc.es/rss/2.0/familia/educacion/,"25 noticias, 25 con foto, última 2026-09-28, enlaces de abc.es",errata: URL de ABC duplicada,no,
534,noticias-330,C,https://www.abc.es/rss/2.0/https://www.abc.es/familia/vida-sana/,https://noticias.carmenprofe.synology.me/scraper_generico.php?url=https%3A%2F%2Fwww.abc.es%2Ffamilia%2Fvida-sana%2F,"8 noticias, 8 con foto, enlaces de abc.es",errata: URL de ABC duplicada,no,
535,noticias-331,C,https://www.abc.es/rss/2.0/https://www.abc.es/familia/parejas/,https://noticias.carmenprofe.synology.me/scraper_generico.php?url=https%3A%2F%2Fwww.abc.es%2Ffamilia%2Fparejas%2F,"8 noticias, 8 con foto, enlaces de abc.es",errata: URL de ABC duplicada,no,
536,noticias-332,C,https://www.abc.es/rss/2.0/https://www.abc.es/familia/mayores/,https://noticias.carmenprofe.synology.me/scraper_generico.php?url=https%3A%2F%2Fwww.abc.es%2Ffamilia%2Fmayores%2F,"8 noticias, 8 con foto, enlaces de abc.es",errata: URL de ABC duplicada,no,
537,noticias-333,C,https://www.abc.es/rss/2.0/https://www.abc.es/familia/actividades-ninos/,https://noticias.carmenprofe.synology.me/scraper_generico.php?url=https%3A%2F%2Fwww.abc.es%2Ffamilia%2Factividades-ninos%2F,"8 noticias, 8 con foto, enlaces de abc.es",errata: URL de ABC duplicada,no,
549,noticias-345,C,https://www.abc.es/rss/2.0/https://www.abc.es/favorito/,https://www.abc.es/rss/2.0/favorito/,"25 noticias, 25 con foto, última 2026-10-04, enlaces de abc.es",errata: URL de ABC duplicada,no,
551,noticias-347,C,https://www.abc.es/rss/2.0/https://www.abc.es/familia/,https://www.abc.es/rss/2.0/familia/,"25 noticias, 25 con foto, última 2026-10-04, enlaces de abc.es",errata: URL de ABC duplicada,no,
552,noticias-348,C,https://www.abc.es/rss/2.0/https://www.abc.es/recreo/,https://www.abc.es/rss/2.0/recreo/,"25 noticias, 25 con foto, última 2026-10-04, enlaces de abc.es",errata: URL de ABC duplicada,no,
553,noticias-349,C,https://www.abc.es/rss/2.0/https://www.cope.es/,https://www.abc.es/rss/2.0/,"25 noticias, 25 con foto, última 2026-10-04, enlaces de abc.es",errata: URL de ABC duplicada,no,
569,noticias-456,C,https://www.elconfidencialdigital.com/rss/muy-confidencial/,https://noticias.carmenprofe.synology.me/scraper_generico.php?url=https%3A%2F%2Fwww.elconfidencialdigital.com%2Fmuy-confidencial%2F,"8 noticias, 3 con foto, enlaces de elconfidencialdigital.com",bloquea a GitHub (403): leer la página de la sección vía NAS,no,
571,noticias-497,C,https://www.elconfidencialdigital.com/rss/video/videonoticias-ecd/,https://noticias.carmenprofe.synology.me/scraper_generico.php?url=https%3A%2F%2Fwww.elconfidencialdigital.com%2Fvideo%2Fvideonoticias-ecd%2F,"8 noticias, 8 con foto, enlaces de elconfidencialdigital.com",bloquea a GitHub (403): leer la página de la sección vía NAS,no,
572,noticias-509,C,https://www.elconfidencialdigital.com/rss/video/seguridad/,https://noticias.carmenprofe.synology.me/scraper_generico.php?url=https%3A%2F%2Fwww.elconfidencialdigital.com%2Fvideo%2Fseguridad%2F,"8 noticias, 8 con foto, enlaces de elconfidencialdigital.com",bloquea a GitHub (403): leer la página de la sección vía NAS,no,
573,noticias-516,C,https://www.elconfidencialdigital.com/rss/album/videonoticias-ecd/,https://noticias.carmenprofe.synology.me/scraper_generico.php?url=https%3A%2F%2Fwww.elconfidencialdigital.com%2Falbum%2Fvideonoticias-ecd%2F,"8 noticias, 8 con foto, enlaces de elconfidencialdigital.com",bloquea a GitHub (403): leer la página de la sección vía NAS,no,
574,noticias-526,C,https://www.elconfidencialdigital.com/rss/album/vivir/,https://noticias.carmenprofe.synology.me/scraper_generico.php?url=https%3A%2F%2Fwww.elconfidencialdigital.com%2Falbum%2Fvivir%2F,"8 noticias, 8 con foto, enlaces de elconfidencialdigital.com",bloquea a GitHub (403): leer la página de la sección vía NAS,no,
576,noticias-566,C,https://www.elconfidencialdigital.com/rss/author/jose-apezarena/,https://noticias.carmenprofe.synology.me/scraper_generico.php?url=https%3A%2F%2Fwww.elconfidencialdigital.com%2Fauthor%2Fjose-apezarena%2F,"8 noticias, 6 con foto, enlaces de elconfidencialdigital.com",bloquea a GitHub (403): leer la página de la sección vía NAS,no,
579,noticias-634,C,http://www.20minutos.es/rss/ciudadreal/,https://noticias.carmenprofe.synology.me/scraper_generico.php?url=https%3A%2F%2Fwww.20minutos.es%2Fciudadreal%2F,"8 noticias, 3 con foto, enlaces de 20minutos.es",RSS de 20minutos eliminado (404),no,
614,noticias-614,C,http://www.20minutos.es/rss/algeciras/,https://noticias.carmenprofe.synology.me/scraper_generico.php?url=https%3A%2F%2Fwww.20minutos.es%2Falgeciras%2F,"8 noticias, 3 con foto, enlaces de 20minutos.es",RSS de 20minutos eliminado (404),no,
621,noticias-624,C,http://www.20minutos.es/rss/barcelona-cataluna/,https://noticias.carmenprofe.synology.me/scraper_generico.php?url=https%3A%2F%2Fwww.20minutos.es%2Fbarcelona-cataluna%2F,"8 noticias, 8 con foto, enlaces de 20minutos.es",RSS de 20minutos eliminado (404),no,
624,noticias-626,C,http://www.20minutos.es/rss/bilbao/,https://noticias.carmenprofe.synology.me/scraper_generico.php?url=https%3A%2F%2Fwww.20minutos.es%2Fbilbao%2F,"8 noticias, 8 con foto, enlaces de 20minutos.es",RSS de 20minutos eliminado (404),no,
629,noticias-630,C,http://www.20minutos.es/rss/cartagena/,https://noticias.carmenprofe.synology.me/scraper_generico.php?url=https%3A%2F%2Fwww.20minutos.es%2Fcartagena%2F,"8 noticias, 3 con foto, enlaces de 20minutos.es",RSS de 20minutos eliminado (404),no,
638,noticias-641,C,http://www.20minutos.es/rss/elche/,https://noticias.carmenprofe.synology.me/scraper_generico.php?url=https%3A%2F%2Fwww.20minutos.es%2Felche%2F,"8 noticias, 3 con foto, enlaces de 20minutos.es",RSS de 20minutos eliminado (404),no,
639,noticias-645,C,http://www.20minutos.es/rss/gijon/,https://noticias.carmenprofe.synology.me/scraper_generico.php?url=https%3A%2F%2Fwww.20minutos.es%2Fgijon%2F,"8 noticias, 8 con foto, enlaces de 20minutos.es",RSS de 20minutos eliminado (404),no,
646,noticias-650,C,http://www.20minutos.es/rss/huesca/,https://noticias.carmenprofe.synology.me/scraper_generico.php?url=https%3A%2F%2Fwww.20minutos.es%2Fhuesca%2F,"8 noticias, 3 con foto, enlaces de 20minutos.es",RSS de 20minutos eliminado (404),no,
647,noticias-654,C,http://www.20minutos.es/rss/laspalmas/,https://noticias.carmenprofe.synology.me/scraper_generico.php?url=https%3A%2F%2Fwww.20minutos.es%2Flaspalmas%2F,"8 noticias, 3 con foto, enlaces de 20minutos.es",RSS de 20minutos eliminado (404),no,
649,noticias-657,C,http://www.20minutos.es/rss/lleida/,https://noticias.carmenprofe.synology.me/scraper_generico.php?url=https%3A%2F%2Fwww.20minutos.es%2Flleida%2F,"8 noticias, 3 con foto, enlaces de 20minutos.es",RSS de 20minutos eliminado (404),no,
653,noticias-658,C,http://www.20minutos.es/rss/logrono/,https://noticias.carmenprofe.synology.me/scraper_generico.php?url=https%3A%2F%2Fwww.20minutos.es%2Flogrono%2F,"8 noticias, 3 con foto, enlaces de 20minutos.es",RSS de 20minutos eliminado (404),no,
655,noticias-663,C,http://www.20minutos.es/rss/marbella/,https://noticias.carmenprofe.synology.me/scraper_generico.php?url=https%3A%2F%2Fwww.20minutos.es%2Fmarbella%2F,"8 noticias, 3 con foto, enlaces de 20minutos.es",RSS de 20minutos eliminado (404),no,
660,noticias-670,C,http://www.20minutos.es/rss/oviedo/,https://noticias.carmenprofe.synology.me/scraper_generico.php?url=https%3A%2F%2Fwww.20minutos.es%2Foviedo%2F,"8 noticias, 8 con foto, enlaces de 20minutos.es",RSS de 20minutos eliminado (404),no,
664,noticias-673,C,http://www.20minutos.es/rss/palma/,https://noticias.carmenprofe.synology.me/scraper_generico.php?url=https%3A%2F%2Fwww.20minutos.es%2Fpalma%2F,"8 noticias, 3 con foto, enlaces de 20minutos.es",RSS de 20minutos eliminado (404),no,
666,noticias-674,C,http://www.20minutos.es/rss/pamplona/,https://noticias.carmenprofe.synology.me/scraper_generico.php?url=https%3A%2F%2Fwww.20minutos.es%2Fpamplona%2F,"8 noticias, 3 con foto, enlaces de 20minutos.es",RSS de 20minutos eliminado (404),no,
667,noticias-679,C,http://www.20minutos.es/rss/sansebastian/,https://noticias.carmenprofe.synology.me/scraper_generico.php?url=https%3A%2F%2Fwww.20minutos.es%2Fsansebastian%2F,"8 noticias, 8 con foto, enlaces de 20minutos.es",RSS de 20minutos eliminado (404),no,
669,noticias-680,C,http://www.20minutos.es/rss/santander/,https://noticias.carmenprofe.synology.me/scraper_generico.php?url=https%3A%2F%2Fwww.20minutos.es%2Fsantander%2F,"8 noticias, 3 con foto, enlaces de 20minutos.es",RSS de 20minutos eliminado (404),no,
670,noticias-681,C,http://www.20minutos.es/rss/santiago/,https://noticias.carmenprofe.synology.me/scraper_generico.php?url=https%3A%2F%2Fwww.20minutos.es%2Fsantiago%2F,"8 noticias, 3 con foto, enlaces de 20minutos.es",RSS de 20minutos eliminado (404),no,
681,noticias-698,C,http://www.20minutos.es/rss/vitoria/,https://noticias.carmenprofe.synology.me/scraper_generico.php?url=https%3A%2F%2Fwww.20minutos.es%2Fvitoria%2F,"8 noticias, 3 con foto, enlaces de 20minutos.es",RSS de 20minutos eliminado (404),no,
683,noticias-693,C,http://www.20minutos.es/rss/vigo/,https://noticias.carmenprofe.synology.me/scraper_generico.php?url=https%3A%2F%2Fwww.20minutos.es%2Fvigo%2F,"8 noticias, 8 con foto, enlaces de 20minutos.es",RSS de 20minutos eliminado (404),no,
685,noticias-700,C,http://www.20minutos.es/rss/zamora/,https://noticias.carmenprofe.synology.me/scraper_generico.php?url=http%3A%2F%2Fwww.20minutos.es%2Fzamora%2F,"8 noticias, 3 con foto, enlaces de 20minutos.es",feed abandonado (última 2026-08-27): leer la página vía NAS,no,
686,noticias-702,C,http://www.20minutos.es/rss/zona20/,https://noticias.carmenprofe.synology.me/scraper_generico.php?url=https%3A%2F%2Fwww.20minutos.es%2Fzona20%2F,"8 noticias, 3 con foto, enlaces de 20minutos.es",RSS de 20minutos eliminado (404),no,
688,noticias-669,C,http://www.20minutos.es/rss/ourense/,https://noticias.carmenprofe.synology.me/scraper_generico.php?url=https%3A%2F%2Fwww.20minutos.es%2Fourense%2F,"8 noticias, 3 con foto, enlaces de 20minutos.es",RSS de 20minutos eliminado (404),no,
691,noticias-688,C,http://www.20minutos.es/rss/teruel/,https://noticias.carmenprofe.synology.me/scraper_generico.php?url=http%3A%2F%2Fwww.20minutos.es%2Fteruel%2F,"8 noticias, 3 con foto, enlaces de 20minutos.es",feed abandonado (última 2026-08-31): leer la página vía NAS,no,
692,noticias-696,C,http://www.20minutos.es/rss/vinetas/2/calpurnio/,https://noticias.carmenprofe.synology.me/scraper_generico.php?url=https%3A%2F%2Fwww.20minutos.es%2Fvinetas%2F2%2Fcalpurnio%2F,"8 noticias, 3 con foto, enlaces de 20minutos.es",RSS de 20minutos eliminado (404),no,
693,noticias-697,C,http://www.20minutos.es/rss/vinetas/3/mike-bonales/,https://noticias.carmenprofe.synology.me/scraper_generico.php?url=https%3A%2F%2Fwww.20minutos.es%2Fvinetas%2F3%2Fmike-bonales%2F,"8 noticias, 3 con foto, enlaces de 20minutos.es",RSS de 20minutos eliminado (404),no,
804,noticias-838,C,https://e00-elmundo.uecdn.es/elmundo/rss/comunicacion.xml,https://noticias.carmenprofe.synology.me/scraper_generico.php?url=https%3A%2F%2Fwww.elmundo.es%2Fcomunicacion.html,"8 noticias, 8 con foto, enlaces de elmundo.es",sección de El Mundo abandonada (última 2026-09-29),no,
883,noticias-903,C,https://e00-elmundo.uecdn.esyodona/rss/portada.xml,https://e00-elmundo.uecdn.es/yodona/rss/portada.xml,"19 noticias, 19 con foto, última 2026-10-03, enlaces de elmundo.es",errata en la URL: falta la barra (uecdn.es/yodona),no,
944,noticias-695,C,http://www.20minutos.es/rss/vinetas/1/eneko/,https://noticias.carmenprofe.synology.me/scraper_generico.php?url=https%3A%2F%2Fwww.20minutos.es%2Fvinetas%2F1%2Feneko%2F,"8 noticias, 3 con foto, enlaces de 20minutos.es",RSS de 20minutos eliminado (404),no,
950,noticias-970,C,https://www.europasur.es/algeciras/rss,https://noticias.carmenprofe.synology.me/scraper_generico.php?url=https%3A%2F%2Fwww.europasur.es%2Falgeciras%2F,"8 noticias, 8 con foto, enlaces de europasur.es",feed 404: leer la página vía NAS,no,
1005,noticias-1020,C,https://www.huffingtonpost.es/section/spain/feed,https://noticias.carmenprofe.synology.me/scraper_generico.php?url=https%3A%2F%2Fwww.huffingtonpost.es%2Fsection%2Fspain%2F,"7 noticias, 3 con foto, enlaces de huffingtonpost.es",feed 404: leer la página vía NAS,no,
1006,noticias-973,C,https://cnnespanol.cnn.com/feed/,https://noticias.carmenprofe.synology.me/scraper_generico.php?url=https%3A%2F%2Fcnnespanol.cnn.com%2F,"8 noticias, 6 con foto, enlaces de cnnespanol.cnn.com",feed 404: leer la página vía NAS,no,
1014,noticias-983,C,https://es.euronews.com/rss?level=vertical&name=news,https://noticias.carmenprofe.synology.me/scraper_generico.php?url=https%3A%2F%2Fes.euronews.com%2F,"8 noticias, 8 con foto, enlaces de es.euronews.com",feed 406: leer la página vía NAS,no,
1016,noticias-984,C,https://www.vozpopuli.com/rss/,https://noticias.carmenprofe.synology.me/scraper_generico.php?url=https%3A%2F%2Fwww.vozpopuli.com%2F,"8 noticias, 8 con foto, enlaces de vozpopuli.com",feed 404: leer la página vía NAS,no,
1020,noticias-989,C,https://www.xataka.com/feed,https://noticias.carmenprofe.synology.me/scraper_generico.php?url=https%3A%2F%2Fwww.xataka.com%2F,"8 noticias, 8 con foto, enlaces de xataka.com",feed 404: leer la página vía NAS,no,
1021,noticias-990,C,https://www.rtve.es/noticias/rss/mundo.xml,https://noticias.carmenprofe.synology.me/scraper_generico.php?url=https%3A%2F%2Fwww.rtve.es%2Fnoticias%2F,"8 noticias, 8 con foto, enlaces de rtve.es",feed 404: leer la página vía NAS,no,
1025,noticias-987,C,https://www.larazon.es/rss/portada.xml,https://noticias.carmenprofe.synology.me/scraper_generico.php?url=https%3A%2F%2Fwww.larazon.es%2F,"8 noticias, 8 con foto, enlaces de larazon.es",bloquea a GitHub (503): leer la página vía NAS,no,
1029,noticias-998,C,https://www.larazon.es/rss/portada.xml,https://noticias.carmenprofe.synology.me/scraper_generico.php?url=https%3A%2F%2Fwww.larazon.es%2F,"8 noticias, 8 con foto, enlaces de larazon.es",bloquea a GitHub (503): leer la página vía NAS,no,
1035,noticias-1007,C,https://www.epe.es/rss/,https://noticias.carmenprofe.synology.me/scraper_generico.php?url=https%3A%2F%2Fwww.epe.es%2F,"8 noticias, 8 con foto, enlaces de epe.es",feed 404: leer la página vía NAS,no,
1037,noticias-1010,C,https://www.vozpopuli.com/feed/,https://noticias.carmenprofe.synology.me/scraper_generico.php?url=https%3A%2F%2Fwww.vozpopuli.com%2F,"8 noticias, 8 con foto, enlaces de vozpopuli.com",feed 404: leer la página vía NAS,no,
1042,noticias-1017,C,https://www.hispanidad.com/rss.xml,https://noticias.carmenprofe.synology.me/scraper_generico.php?url=https%3A%2F%2Fwww.hispanidad.com%2F,"8 noticias, 8 con foto, enlaces de hispanidad.com",feed 404: leer la página vía NAS,no,
1102,noticias-1135,C,https://noticias.carmenprofe.synology.me/scraper_generico.php?url=https%3A%2F%2Felpais.com%2Fespana%2F,https://feeds.elpais.com/mrss-s/pages/ep/site/elpais.com/section/espana/portada,"19 noticias, 19 con foto, última 2026-10-04, enlaces de elpais.com",El País vía NAS sirve copia vieja: pasar a RSS oficial,no,
1130,noticias-1166,C,https://carmenprofe.synology.me/scraper_generico.php?url=https%3A%2F%2Felpais.com%2Faniversario%2F,https://feeds.elpais.com/mrss-s/pages/ep/site/elpais.com/section/aniversario/portada,"69 noticias, 66 con foto, última 2026-09-29, enlaces de elpais.com",El País vía NAS sirve copia vieja: pasar a RSS oficial,no,
1131,noticias-1169,C,https://carmenprofe.synology.me/scraper_generico.php?url=https%3A%2F%2Felpais.com%2Fvideos%2F,https://feeds.elpais.com/mrss-s/pages/ep/site/elpais.com/section/videos/portada,"30 noticias, 30 con foto, última 2026-10-04, enlaces de elpais.com",El País vía NAS sirve copia vieja: pasar a RSS oficial,no,
1133,noticias-1147,C,https://carmenprofe.synology.me/scraper_generico.php?url=https%3A%2F%2Felpais.com%2Fsociedad%2F,https://feeds.elpais.com/mrss-s/pages/ep/site/elpais.com/section/sociedad/portada,"37 noticias, 31 con foto, última 2026-10-04, enlaces de elpais.com",El País vía NAS sirve copia vieja: pasar a RSS oficial,no,
1187,noticias-1218,C,https://carmenprofe.synology.me/scraper_generico.php?url=https%3A%2F%2Fefe.com%2F%23noticias,https://carmenprofe.synology.me/wpcom_generico.php?sitio=efe.com&limite=12,"12 noticias, 12 con foto, última 2026-10-04, enlaces de efe.com",EFE vía NAS bloqueado: pasar a wpcom_generico (como 2240),no,
1188,noticias-1219,C,https://noticias.carmenprofe.synology.me/scraper_generico.php?url=https%3A%2F%2Fefe.com%2Fespana%2F,https://carmenprofe.synology.me/wpcom_generico.php?sitio=efe.com&categoria=espana&limite=12,"12 noticias, 12 con foto, última 2026-10-04, enlaces de efe.com",EFE vía NAS bloqueado: pasar a wpcom_generico (como 2240),no,
1193,noticias-1226,C,https://carmenprofe.synology.me/scraper_generico.php?url=https%3A%2F%2Fefe.com%2Feducacion%2F,https://carmenprofe.synology.me/wpcom_generico.php?sitio=efe.com&categoria=educacion&limite=12,"12 noticias, 12 con foto, última 2026-09-29, enlaces de efe.com",EFE vía NAS bloqueado: pasar a wpcom_generico (como 2240),no,
1194,noticias-1224,C,https://carmenprofe.synology.me/scraper_generico.php?url=https%3A%2F%2Fefe.com%2Fciencia-y-tecnologia%2F,https://carmenprofe.synology.me/wpcom_generico.php?sitio=efe.com&categoria=ciencia-y-tecnologia&limite=12,"12 noticias, 12 con foto, última 2026-10-02, enlaces de efe.com",EFE vía NAS bloqueado: pasar a wpcom_generico (como 2240),no,
1195,noticias-1225,C,https://carmenprofe.synology.me/scraper_generico.php?url=https%3A%2F%2Fefe.com%2Fdeportes%2F,https://carmenprofe.synology.me/wpcom_generico.php?sitio=efe.com&categoria=deportes&limite=12,"12 noticias, 12 con foto, última 2026-10-04, enlaces de efe.com",EFE vía NAS bloqueado: pasar a wpcom_generico (como 2240),no,
1196,noticias-1227,C,https://carmenprofe.synology.me/scraper_generico.php?url=https%3A%2F%2Fefe.com%2Fsalud%2F,https://carmenprofe.synology.me/wpcom_generico.php?sitio=efe.com&categoria=salud&limite=12,"12 noticias, 12 con foto, última 2026-10-04, enlaces de efe.com",EFE vía NAS bloqueado: pasar a wpcom_generico (como 2240),no,
1197,noticias-1228,C,https://carmenprofe.synology.me/scraper_generico.php?url=https%3A%2F%2Fefe.com%2Fmedio-ambiente%2F,https://carmenprofe.synology.me/wpcom_generico.php?sitio=efe.com&categoria=medio-ambiente&limite=12,"12 noticias, 12 con foto, última 2026-10-04, enlaces de efe.com",EFE vía NAS bloqueado: pasar a wpcom_generico (como 2240),no,
1198,noticias-1229,C,https://carmenprofe.synology.me/scraper_generico.php?url=https%3A%2F%2Fefe.com%2Fandalucia%2F,https://carmenprofe.synology.me/wpcom_generico.php?sitio=efe.com&categoria=andalucia&limite=12,"12 noticias, 12 con foto, última 2026-10-04, enlaces de efe.com",EFE vía NAS bloqueado: pasar a wpcom_generico (como 2240),no,
1199,noticias-1231,C,https://carmenprofe.synology.me/scraper_generico.php?url=https%3A%2F%2Fefe.com%2Fcanarias%2F,https://carmenprofe.synology.me/wpcom_generico.php?sitio=efe.com&categoria=canarias&limite=12,"12 noticias, 12 con foto, última 2026-10-04, enlaces de efe.com",EFE vía NAS bloqueado: pasar a wpcom_generico (como 2240),no,
1200,noticias-1230,C,https://carmenprofe.synology.me/scraper_generico.php?url=https%3A%2F%2Fefe.com%2Faragon%2F,https://carmenprofe.synology.me/wpcom_generico.php?sitio=efe.com&categoria=aragon&limite=12,"12 noticias, 12 con foto, última 2026-10-04, enlaces de efe.com",EFE vía NAS bloqueado: pasar a wpcom_generico (como 2240),no,
1202,noticias-1233,C,https://carmenprofe.synology.me/scraper_generico.php?url=https%3A%2F%2Fefe.com%2Fcastilla-y-leon%2F,https://carmenprofe.synology.me/wpcom_generico.php?sitio=efe.com&categoria=castilla-y-leon&limite=12,"12 noticias, 12 con foto, última 2026-10-04, enlaces de efe.com",EFE vía NAS bloqueado: pasar a wpcom_generico (como 2240),no,
1203,noticias-1234,C,https://carmenprofe.synology.me/scraper_generico.php?url=https%3A%2F%2Fefe.com%2Fcastilla-la-mancha%2F,https://carmenprofe.synology.me/wpcom_generico.php?sitio=efe.com&categoria=castilla-la-mancha&limite=12,"12 noticias, 12 con foto, última 2026-10-04, enlaces de efe.com",EFE vía NAS bloqueado: pasar a wpcom_generico (como 2240),no,
1368,noticias-1405,C,https://rss.elconfidencial.com/tags/temas/hardware-9341/,https://noticias.carmenprofe.synology.me/scraper_generico.php?url=https%3A%2F%2Frss.elconfidencial.com%2Ftags%2Ftemas%2Fhardware-9341%2F,"8 noticias, 0 con foto, enlaces de elconfidencial.com blogs.elconfidencial.com",feed 404: leer la página vía NAS,no,
1370,noticias-1408,C,https://rss.elconfidencial.com/tags/temas/redes-sociales-9344/,https://noticias.carmenprofe.synology.me/scraper_generico.php?url=https%3A%2F%2Frss.elconfidencial.com%2Ftags%2Ftemas%2Fredes-sociales-9344%2F,"8 noticias, 0 con foto, enlaces de elconfidencial.com blogs.elconfidencial.com",feed 404: leer la página vía NAS,no,
1378,noticias-1422,C,https://rss.elconfidencial.com/tags/temas/psicologia-9333/,https://noticias.carmenprofe.synology.me/scraper_generico.php?url=https%3A%2F%2Frss.elconfidencial.com%2Ftags%2Ftemas%2Fpsicologia-9333%2F,"8 noticias, 0 con foto, enlaces de elconfidencial.com blogs.elconfidencial.com",feed 404: leer la página vía NAS,no,
1379,noticias-1421,C,https://rss.elconfidencial.com/tags/temas/educacion-9332/,https://noticias.carmenprofe.synology.me/scraper_generico.php?url=https%3A%2F%2Frss.elconfidencial.com%2Ftags%2Ftemas%2Feducacion-9332%2F,"8 noticias, 0 con foto, enlaces de elconfidencial.com blogs.elconfidencial.com",feed 404: leer la página vía NAS,no,
1512,noticias-1554,C,https://www.zamoranews.com/rss/video/,https://noticias.carmenprofe.synology.me/scraper_generico.php?url=https%3A%2F%2Fwww.zamoranews.com%2Fvideo%2F,"8 noticias, 8 con foto, enlaces de zamoranews.com",feed abandonado (última 2026-06-10): leer la página vía NAS,no,
1552,noticias-1594,C,https://www.zamoranews.com/rss/segovia/,https://noticias.carmenprofe.synology.me/scraper_generico.php?url=https%3A%2F%2Fwww.zamoranews.com%2Fsegovia%2F,"8 noticias, 8 con foto, enlaces de zamoranews.com",feed abandonado (última 2026-07-22): leer la página vía NAS,no,
1754,noticias-1795,C,http://www.20minutos.es/rss/algeciras/,https://noticias.carmenprofe.synology.me/scraper_generico.php?url=https%3A%2F%2Fwww.20minutos.es%2Falgeciras%2F,"8 noticias, 3 con foto, enlaces de 20minutos.es",RSS de 20minutos eliminado (404),no,
1759,noticias-1801,C,http://www.20minutos.es/rss/artrend/,https://noticias.carmenprofe.synology.me/scraper_generico.php?url=https%3A%2F%2Fwww.20minutos.es%2Fartrend%2F,"8 noticias, 8 con foto, enlaces de 20minutos.es",RSS de 20minutos eliminado (404),no,
1763,noticias-1805,C,http://www.20minutos.es/rss/barcelona-cataluna/,https://noticias.carmenprofe.synology.me/scraper_generico.php?url=https%3A%2F%2Fwww.20minutos.es%2Fbarcelona-cataluna%2F,"8 noticias, 8 con foto, enlaces de 20minutos.es",RSS de 20minutos eliminado (404),no,
1766,noticias-1807,C,http://www.20minutos.es/rss/bilbao/,https://noticias.carmenprofe.synology.me/scraper_generico.php?url=https%3A%2F%2Fwww.20minutos.es%2Fbilbao%2F,"8 noticias, 8 con foto, enlaces de 20minutos.es",RSS de 20minutos eliminado (404),no,
1768,noticias-1811,C,http://www.20minutos.es/rss/cartagena/,https://noticias.carmenprofe.synology.me/scraper_generico.php?url=https%3A%2F%2Fwww.20minutos.es%2Fcartagena%2F,"8 noticias, 3 con foto, enlaces de 20minutos.es",RSS de 20minutos eliminado (404),no,
1774,noticias-1816,C,http://www.20minutos.es/rss/ciudadreal/,https://noticias.carmenprofe.synology.me/scraper_generico.php?url=https%3A%2F%2Fwww.20minutos.es%2Fciudadreal%2F,"8 noticias, 3 con foto, enlaces de 20minutos.es",RSS de 20minutos eliminado (404),no,
1781,noticias-1823,C,http://www.20minutos.es/rss/elche/,https://noticias.carmenprofe.synology.me/scraper_generico.php?url=https%3A%2F%2Fwww.20minutos.es%2Felche%2F,"8 noticias, 3 con foto, enlaces de 20minutos.es",RSS de 20minutos eliminado (404),no,
1784,noticias-1827,C,http://www.20minutos.es/rss/gijon/,https://noticias.carmenprofe.synology.me/scraper_generico.php?url=https%3A%2F%2Fwww.20minutos.es%2Fgijon%2F,"8 noticias, 8 con foto, enlaces de 20minutos.es",RSS de 20minutos eliminado (404),no,
1791,noticias-1832,C,http://www.20minutos.es/rss/huesca/,https://noticias.carmenprofe.synology.me/scraper_generico.php?url=https%3A%2F%2Fwww.20minutos.es%2Fhuesca%2F,"8 noticias, 3 con foto, enlaces de 20minutos.es",RSS de 20minutos eliminado (404),no,
1792,noticias-1836,C,http://www.20minutos.es/rss/laspalmas/,https://noticias.carmenprofe.synology.me/scraper_generico.php?url=https%3A%2F%2Fwww.20minutos.es%2Flaspalmas%2F,"8 noticias, 3 con foto, enlaces de 20minutos.es",RSS de 20minutos eliminado (404),no,
1796,noticias-1839,C,http://www.20minutos.es/rss/lleida/,https://noticias.carmenprofe.synology.me/scraper_generico.php?url=https%3A%2F%2Fwww.20minutos.es%2Flleida%2F,"8 noticias, 3 con foto, enlaces de 20minutos.es",RSS de 20minutos eliminado (404),no,
1800,noticias-1845,C,http://www.20minutos.es/rss/marbella/,https://noticias.carmenprofe.synology.me/scraper_generico.php?url=https%3A%2F%2Fwww.20minutos.es%2Fmarbella%2F,"8 noticias, 3 con foto, enlaces de 20minutos.es",RSS de 20minutos eliminado (404),no,
1806,noticias-1851,C,http://www.20minutos.es/rss/ourense/,https://noticias.carmenprofe.synology.me/scraper_generico.php?url=https%3A%2F%2Fwww.20minutos.es%2Fourense%2F,"8 noticias, 3 con foto, enlaces de 20minutos.es",RSS de 20minutos eliminado (404),no,
1807,noticias-1852,C,http://www.20minutos.es/rss/oviedo/,https://noticias.carmenprofe.synology.me/scraper_generico.php?url=https%3A%2F%2Fwww.20minutos.es%2Foviedo%2F,"8 noticias, 8 con foto, enlaces de 20minutos.es",RSS de 20minutos eliminado (404),no,
1810,noticias-1855,C,http://www.20minutos.es/rss/palma/,https://noticias.carmenprofe.synology.me/scraper_generico.php?url=https%3A%2F%2Fwww.20minutos.es%2Fpalma%2F,"8 noticias, 3 con foto, enlaces de 20minutos.es",RSS de 20minutos eliminado (404),no,
1811,noticias-1856,C,http://www.20minutos.es/rss/pamplona/,https://noticias.carmenprofe.synology.me/scraper_generico.php?url=https%3A%2F%2Fwww.20minutos.es%2Fpamplona%2F,"8 noticias, 3 con foto, enlaces de 20minutos.es",RSS de 20minutos eliminado (404),no,
1813,noticias-1858,C,http://www.20minutos.es/rss/region-de-murcia/,https://noticias.carmenprofe.synology.me/scraper_generico.php?url=https%3A%2F%2Fwww.20minutos.es%2Fregion-de-murcia%2F,"8 noticias, 8 con foto, enlaces de 20minutos.es",RSS de 20minutos eliminado (404),no,
1816,noticias-1861,C,http://www.20minutos.es/rss/sansebastian/,https://noticias.carmenprofe.synology.me/scraper_generico.php?url=https%3A%2F%2Fwww.20minutos.es%2Fsansebastian%2F,"8 noticias, 8 con foto, enlaces de 20minutos.es",RSS de 20minutos eliminado (404),no,
1817,noticias-1862,C,http://www.20minutos.es/rss/santander/,https://noticias.carmenprofe.synology.me/scraper_generico.php?url=https%3A%2F%2Fwww.20minutos.es%2Fsantander%2F,"8 noticias, 3 con foto, enlaces de 20minutos.es",RSS de 20minutos eliminado (404),no,
1818,noticias-1863,C,http://www.20minutos.es/rss/santiago/,https://noticias.carmenprofe.synology.me/scraper_generico.php?url=https%3A%2F%2Fwww.20minutos.es%2Fsantiago%2F,"8 noticias, 3 con foto, enlaces de 20minutos.es",RSS de 20minutos eliminado (404),no,
1825,noticias-1870,C,http://www.20minutos.es/rss/teruel/,https://noticias.carmenprofe.synology.me/scraper_generico.php?url=http%3A%2F%2Fwww.20minutos.es%2Fteruel%2F,"8 noticias, 3 con foto, enlaces de 20minutos.es",feed abandonado (última 2026-08-31): leer la página vía NAS,no,
1830,noticias-1875,C,http://www.20minutos.es/rss/vigo/,https://noticias.carmenprofe.synology.me/scraper_generico.php?url=https%3A%2F%2Fwww.20minutos.es%2Fvigo%2F,"8 noticias, 8 con foto, enlaces de 20minutos.es",RSS de 20minutos eliminado (404),no,
1832,noticias-1879,C,http://www.20minutos.es/rss/vinetas/3/mike-bonales/,https://noticias.carmenprofe.synology.me/scraper_generico.php?url=https%3A%2F%2Fwww.20minutos.es%2Fvinetas%2F3%2Fmike-bonales%2F,"8 noticias, 3 con foto, enlaces de 20minutos.es",RSS de 20minutos eliminado (404),no,
1833,noticias-1878,C,http://www.20minutos.es/rss/vinetas/2/calpurnio/,https://noticias.carmenprofe.synology.me/scraper_generico.php?url=https%3A%2F%2Fwww.20minutos.es%2Fvinetas%2F2%2Fcalpurnio%2F,"8 noticias, 3 con foto, enlaces de 20minutos.es",RSS de 20minutos eliminado (404),no,
1834,noticias-1880,C,http://www.20minutos.es/rss/vitoria/,https://noticias.carmenprofe.synology.me/scraper_generico.php?url=https%3A%2F%2Fwww.20minutos.es%2Fvitoria%2F,"8 noticias, 3 con foto, enlaces de 20minutos.es",RSS de 20minutos eliminado (404),no,
1836,noticias-1882,C,http://www.20minutos.es/rss/zamora/,https://noticias.carmenprofe.synology.me/scraper_generico.php?url=http%3A%2F%2Fwww.20minutos.es%2Fzamora%2F,"8 noticias, 3 con foto, enlaces de 20minutos.es",feed abandonado (última 2026-08-27): leer la página vía NAS,no,
1838,noticias-1884,C,http://www.20minutos.es/rss/zona20/,https://noticias.carmenprofe.synology.me/scraper_generico.php?url=https%3A%2F%2Fwww.20minutos.es%2Fzona20%2F,"8 noticias, 3 con foto, enlaces de 20minutos.es",RSS de 20minutos eliminado (404),no,
1937,noticias-1936,C,https://e00-elmundo.uecdn.es/elmundo/rss/solidaridad.xml,https://noticias.carmenprofe.synology.me/scraper_generico.php?url=https%3A%2F%2Fwww.elmundo.es%2Fsolidaridad.html,"8 noticias, 8 con foto, enlaces de elmundo.es",sección de El Mundo abandonada (última 2013-10-20),no,
1938,noticias-1937,C,https://e00-elmundo.uecdn.es/elmundo/rss/comunicacion.xml,https://noticias.carmenprofe.synology.me/scraper_generico.php?url=https%3A%2F%2Fwww.elmundo.es%2Fcomunicacion.html,"8 noticias, 8 con foto, enlaces de elmundo.es",sección de El Mundo abandonada (última 2026-09-29),no,
10,noticias-26,C,https://www.lavanguardia.com/rss/mamas-y-papas.xml,,ninguna alternativa probada funciona: 200 con 1 noticias: https://noticias.carmenprofe.synology.me/scraper_generico.php?url=https%3A%2F%2Fwww.lavanguardia.com%2Fmamas-y-papas.xml,feed abandonado (última 2022-10-15): leer la página vía NAS,sí,https://periodicosaliazon.blogspot.com/2026/07/mamas-y-papas-la-vanguardia.html
42,noticias-45,C,https://www.lavanguardia.com/rss/ocio/viajes.xml,,ninguna alternativa probada funciona: 200 con 1 noticias: https://noticias.carmenprofe.synology.me/scraper_generico.php?url=https%3A%2F%2Fwww.lavanguardia.com%2Focio%2Fviajes.xml,feed abandonado (última 2026-06-04): leer la página vía NAS,sí,https://periodicosaliazon.blogspot.com/2026/09/ocio-viajes-la-vanguardia.html | https://periodicosaliazon.blogspot.com/2026/07/viajes-la-vanguardia.html
58,noticias-63,C,https://noticias.carmenprofe.synology.me/scraper_generico.php?url=https%3A%2F%2Fclasificados.lavanguardia.com%2Flinneo-frontalweb%2F,,sin sustituto,feed 503: leer la página vía NAS,sí,https://periodicosaliazon.blogspot.com/2026/07/clasificados-la-vanguardia_02096189302.html
798,noticias-832,C,https://e00-elmundo.uecdn.es/elmundo/rss/castellon.xml,,ninguna alternativa probada funciona: 200 con 0 noticias: https://noticias.carmenprofe.synology.me/scraper_generico.php?url=https%3A%2F%2Fwww.elmundo.es%2Fcastellon.html,sección de El Mundo abandonada (última 2023-05-09),sí,https://osyrisalba.blogspot.com/2026/07/castellon-el-mundo.html
880,noticias-898,C,https://e00-elmundo.uecdn.es/elmundodeporte/rss/motor.xml,,ninguna alternativa probada funciona: 200 con 0 noticias: https://noticias.carmenprofe.synology.me/scraper_generico.php?url=https%3A%2F%2Fe00-elmundo.uecdn.es%2Felmundodeporte%2F,feed abandonado (última 2013-10-25): leer la página vía NAS,sí,https://periodicosaliazon.blogspot.com/2026/07/motor-el-mundo.html
947,noticias-967,C,https://carmenprofe.synology.me/scraper_generico.php?url=https%3A%2F%2Felpais.com%2Fautor%2Faaron-favila%2F,,ninguna alternativa probada funciona: 404 con 0 noticias: https://feeds.elpais.com/mrss-s/list/ep/site/elpais.com/author/aaron-favila/a,El País vía NAS sirve copia vieja: pasar a RSS oficial,sí,https://periodicosaliazon.blogspot.com/2026/07/aaron-favila-autores-el-pais.html
948,noticias-968,C,https://carmenprofe.synology.me/scraper_generico.php?url=https%3A%2F%2Felpais.com%2Fnoticias%2Faaron-peirsol%2F,,ninguna alternativa probada funciona: 404 con 0 noticias: https://feeds.elpais.com/mrss-s/list/ep/site/elpais.com/tag/aaron-peirsol/a,El País vía NAS sirve copia vieja: pasar a RSS oficial,sí,https://periodicosaliazon.blogspot.com/2026/07/aaron-peirsol-autores-el-pais.html
1119,noticias-1156,C,https://noticias.carmenprofe.synology.me/scraper_generico.php?url=https%3A%2F%2Felpais.com%2Fdeportes%2Fbaloncesto%2F,,ninguna alternativa probada funciona: 404 con 0 noticias: https://feeds.elpais.com/mrss-s/pages/ep/site/elpais.com/section/deportes/subsection/baloncesto/portada; 370 con 0 noticias: https://feeds.elpais.com/mrss-s/pages/ep/site/elpais.com/section/baloncesto/portada,El País vía NAS sirve copia vieja: pasar a RSS oficial,sí,https://periodicosaliazon.blogspot.com/2026/09/baloncesto-el-pais.html
1658,noticias-1701,C,https://carmenprofe.synology.me/scraper_generico.php?url=https%3A%2F%2Fwww.zamoranews.com%2Finternacional%2F,,sin sustituto,la web no da noticias al NAS (sirve copia vieja): revisar a mano,sí,https://periodicosaliazon.blogspot.com/2026/08/internacional-zamora-news.html
1897,noticias-2024,C,https://noticias.carmenprofe.synology.me/scraper_generico.php?url=https%3A%2F%2Fwww.esdiario.com%2Finternacional%2F,,sin sustituto,la web no da noticias al NAS (sirve copia vieja): revisar a mano,sí,https://periodicosaliazon.blogspot.com/2026/09/internacional-esdiario.html
1898,noticias-2025,C,https://noticias.carmenprofe.synology.me/scraper_generico.php?url=https%3A%2F%2Fwww.esdiario.com%2Ftemas%2Fsucesos%2F,,sin sustituto,la web no da noticias al NAS (sirve copia vieja): revisar a mano,sí,https://periodicosaliazon.blogspot.com/2026/09/sucesos-esdiario_0997815128.html
1920,noticias-1919,C,https://e00-elmundo.uecdn.es/elmundo/rss/union_europea.xml,,ninguna alternativa probada funciona: 200 con 0 noticias: https://noticias.carmenprofe.synology.me/scraper_generico.php?url=https%3A%2F%2Fwww.elmundo.es%2Funion-europea.html,sección de El Mundo abandonada (última 2013-10-25),sí,https://periodicosaliazon.blogspot.com/2026/09/union-europea-el-mundo.html
1998,noticias-1997,C,https://e00-elmundo.uecdn.es/elmundodeporte/rss/motor.xml,,ninguna alternativa probada funciona: 200 con 0 noticias: https://noticias.carmenprofe.synology.me/scraper_generico.php?url=https%3A%2F%2Fe00-elmundo.uecdn.es%2Felmundodeporte%2F,feed abandonado (última 2013-10-25): leer la página vía NAS,sí,https://periodicosaliazon.blogspot.com/2026/09/motor-el-mundo_01770269674.html
1999,noticias-1998,C,https://e00-elmundo.uecdn.es/elmundodeporte/rss/masdeporte.xml,,ninguna alternativa probada funciona: 200 con 0 noticias: https://noticias.carmenprofe.synology.me/scraper_generico.php?url=https%3A%2F%2Fe00-elmundo.uecdn.es%2Felmundodeporte%2F,feed abandonado (última 2013-10-23): leer la página vía NAS,sí,https://periodicosaliazon.blogspot.com/2026/09/mas-deporte-el-mundo.html
2005,noticias-2050,C,https://carmenprofe.synology.me/scraper_generico.php?url=https%3A%2F%2Floquesomos.es%2Fcategory%2Fculturarte%2Fs-cine-13%2F,,sin sustituto,la web no da noticias al NAS (sirve copia vieja): revisar a mano,sí,https://periodicosaliazon.blogspot.com/2026/09/cine-lo-que-somos.html
2006,noticias-2051,C,https://noticias.carmenprofe.synology.me/scraper_generico.php?url=https%3A%2F%2Floquesomos.es%2Fcategory%2Fculturarte%2Fs-musica-13%2F,,sin sustituto,la web no da noticias al NAS (sirve copia vieja): revisar a mano,sí,https://periodicosaliazon.blogspot.com/2026/09/musica-lo-que-somos.html
2023,noticias-2069,C,https://carmenprofe.synology.me/scraper_generico.php?url=https%3A%2F%2Floquesomos.es%2Fcategory%2Fmundo%2Fs-galiza-13%2F,,sin sustituto,la web no da noticias al NAS (sirve copia vieja): revisar a mano,sí,https://noticiasautonomicas.blogspot.com/2026/09/galicia-lo-que-somos.html
2024,noticias-2070,C,https://carmenprofe.synology.me/scraper_generico.php?url=https%3A%2F%2Floquesomos.es%2Fcategory%2Fmundo%2Fs-iberia-13%2Fs-andaluz-13%2F,,sin sustituto,la web no da noticias al NAS (sirve copia vieja): revisar a mano,sí,https://noticiasautonomicas.blogspot.com/2026/09/andalucia-lo-que-somos.html
2025,noticias-2071,C,https://carmenprofe.synology.me/scraper_generico.php?url=https%3A%2F%2Floquesomos.es%2Fcategory%2Fmundo%2Fs-iberia-13%2Fs-cantabria-13%2F,,sin sustituto,la web no da noticias al NAS (sirve copia vieja): revisar a mano,sí,https://noticiasautonomicas.blogspot.com/2026/09/cantabria-lo-que-somos.html
2052,noticias-2098,C,https://noticias.carmenprofe.synology.me/scraper_generico.php?url=https%3A%2F%2Floquesomos.es%2Fcategory%2Fs-economia-13%2Fs-lucha-de-clases-s%2F,,sin sustituto,la web no da noticias al NAS (sirve copia vieja): revisar a mano,sí,https://periodicosaliazon.blogspot.com/2026/09/lucha-de-clases-lo-que-somos.html
2054,noticias-2100,C,https://carmenprofe.synology.me/scraper_generico.php?url=https%3A%2F%2Floquesomos.es%2Fcategory%2Fs-podcast-13%2F,,sin sustituto,la web no da noticias al NAS (sirve copia vieja): revisar a mano,sí,https://periodicosaliazon.blogspot.com/2026/09/podcast-lo-que-somos.html
2224,noticias-2336,C,https://noticias.carmenprofe.synology.me/scraper_generico.php?url=https%3A%2F%2Floquesomos.es%2F,,sin sustituto,la web no da noticias al NAS (sirve copia vieja): revisar a mano,sí,https://periodicosaliazon.blogspot.com/2026/09/portada-lo-que-somos.html
2265,noticias-2335,C,https://noticias.carmenprofe.synology.me/scraper_generico.php?url=https%3A%2F%2Floquesomos.es%2Fcategory%2Fmaneras-de-vivir%2F,,sin sustituto,la web no da noticias al NAS (sirve copia vieja): revisar a mano,sí,https://periodicosaliazon.blogspot.com/2026/09/maneras-de-vivir-lo-que-somos.html
197,noticias-213,C,https://cincodias.elpais.com/seccion/rss/economia/,,ninguna alternativa probada funciona: 200 con 0 noticias: https://noticias.carmenprofe.synology.me/scraper_generico.php?url=https%3A%2F%2Fcincodias.elpais.com%2Fseccion%2F,feed 404: leer la página vía NAS,no,
234,noticias-287,C,https://www.abc.es/rss/2.0/https://finanzas.abc.es/prestamos-personales/,,ninguna alternativa probada funciona: 200 con 0 noticias: https://www.abc.es/rss/2.0/prestamos-personales/; 200 con 1 noticias: https://noticias.carmenprofe.synology.me/scraper_generico.php?url=https%3A%2F%2Ffinanzas.abc.es%2Fprestamos-personales%2F,errata: URL de ABC duplicada,no,
346,noticias-459,C,https://www.elconfidencialdigital.com/rss/encuestas/,,ninguna alternativa probada funciona: 200 con 0 noticias: https://noticias.carmenprofe.synology.me/scraper_generico.php?url=https%3A%2F%2Fwww.elconfidencialdigital.com%2Fencuestas%2F,bloquea a GitHub (403): leer la página de la sección vía NAS,no,
376,noticias-490,C,https://www.elconfidencialdigital.com/rss/promociones-descuentos/,,ninguna alternativa probada funciona: 200 con 2 noticias: https://noticias.carmenprofe.synology.me/scraper_generico.php?url=https%3A%2F%2Fwww.elconfidencialdigital.com%2Fpromociones-descuentos%2F,bloquea a GitHub (403): leer la página de la sección vía NAS,no,
466,noticias-17,C,https://script.google.com/macros/s/AKfycbxMwKitb599oOi-o4uFQZZ0aD45PJ0qp1CjtkFLNtkm9C2IDNubsaboRVWYxBA4xkMgeg/exec?feed=https://www.elplural.com/feed/&contains=/revista-bando,,ninguna alternativa probada funciona: 200 con 0 noticias: https://noticias.carmenprofe.synology.me/scraper_generico.php?url=https%3A%2F%2Fscript.google.com%2Fmacros%2Fs%2FAKfycbxMwKitb599oOi-o4uFQZZ0aD45PJ0qp1CjtkFLNtkm9C2IDNubsaboRVWYxBA4xkMgeg%2Fexec,feed ERR timeout: leer la página vía NAS,no,
480,noticias-224,C,https://www.nationalgeographic.com.es/rss/,,ninguna alternativa probada funciona: 200 con 0 noticias: https://noticias.carmenprofe.synology.me/scraper_generico.php?url=https%3A%2F%2Fwww.nationalgeographic.com.es%2F,feed 404: leer la página vía NAS,no,
501,noticias-245,C,https://diario16.com/feed/,,ninguna alternativa probada funciona: 200 con 0 noticias: https://noticias.carmenprofe.synology.me/scraper_generico.php?url=https%3A%2F%2Fdiario16.com%2F,feed ERR ENOTFOUND: leer la página vía NAS,no,
502,noticias-246,C,https://www.esdiario.com/rss/titulares.xml,,ninguna alternativa probada funciona: 200 con 0 noticias: https://noticias.carmenprofe.synology.me/scraper_generico.php?url=https%3A%2F%2Fwww.esdiario.com%2F,feed 404: leer la página vía NAS,no,
504,noticias-248,C,https://mediterraneodigital.com/feed,,ninguna alternativa probada funciona: 200 con 0 noticias: https://noticias.carmenprofe.synology.me/scraper_generico.php?url=https%3A%2F%2Fmediterraneodigital.com%2F,feed 404: leer la página vía NAS,no,
578,noticias-576,C,http://blogs.20minutos.es/140-y-mas/feed/,,sin sustituto,blog de 20minutos cerrado (410): sin sustituto,no,
580,noticias-577,C,http://blogs.20minutos.es/animalesenadopcion/feed/,,sin sustituto,blog de 20minutos cerrado (410): sin sustituto,no,
581,noticias-578,C,http://blogs.20minutos.es/arquitectacion/feed/,,sin sustituto,blog de 20minutos cerrado (410): sin sustituto,no,
582,noticias-580,C,http://blogs.20minutos.es/artik/feed/,,sin sustituto,blog de 20minutos cerrado (410): sin sustituto,no,
583,noticias-581,C,http://blogs.20minutos.es/becario/feed/,,sin sustituto,blog de 20minutos cerrado (410): sin sustituto,no,
584,noticias-582,C,http://blogs.20minutos.es/blog-solidario-cooperantes/feed/,,sin sustituto,blog de 20minutos cerrado (410): sin sustituto,no,
585,noticias-584,C,http://blogs.20minutos.es/con-reservas/feed/,,sin sustituto,blog de 20minutos cerrado (410): sin sustituto,no,
586,noticias-586,C,http://blogs.20minutos.es/cronicaverde/feed/,,sin sustituto,blog de 20minutos cerrado (410): sin sustituto,no,
587,noticias-585,C,http://blogs.20minutos.es/conejo-frustrado/feed/,,sin sustituto,blog de 20minutos cerrado (410): sin sustituto,no,
588,noticias-588,C,http://blogs.20minutos.es/el-bueno-de-cuttlas/feed/,,sin sustituto,blog de 20minutos cerrado (410): sin sustituto,no,
589,noticias-589,C,http://blogs.20minutos.es/el-nutricionista-de-la-general/feed/,,sin sustituto,blog de 20minutos cerrado (410): sin sustituto,no,
590,noticias-587,C,http://blogs.20minutos.es/ecos-de-sociedad-anonima/feed/,,sin sustituto,blog de 20minutos cerrado (410): sin sustituto,no,
591,noticias-590,C,http://blogs.20minutos.es/emilio-rey-capturando-temperie/feed/,,sin sustituto,blog de 20minutos cerrado (410): sin sustituto,no,
592,noticias-591,C,http://blogs.20minutos.es/eneko/feed/,,sin sustituto,blog de 20minutos cerrado (410): sin sustituto,no,
593,noticias-592,C,http://blogs.20minutos.es/enguerra/feed/,,sin sustituto,blog de 20minutos cerrado (410): sin sustituto,no,
594,noticias-593,C,http://blogs.20minutos.es/formula-1-alonso/feed/,,sin sustituto,blog de 20minutos cerrado (410): sin sustituto,no,
595,noticias-594,C,http://blogs.20minutos.es/gran-hermano/feed/,,sin sustituto,blog de 20minutos cerrado (410): sin sustituto,no,
596,noticias-595,C,http://blogs.20minutos.es/jorge-lorenzo/feed/,,sin sustituto,blog de 20minutos cerrado (410): sin sustituto,no,
597,noticias-597,C,http://blogs.20minutos.es/martinezsoler/feed/,,sin sustituto,blog de 20minutos cerrado (410): sin sustituto,no,
598,noticias-596,C,http://blogs.20minutos.es/madrereciente/feed/,,sin sustituto,blog de 20minutos cerrado (410): sin sustituto,no,
599,noticias-598,C,http://blogs.20minutos.es/masquemedios/feed/,,sin sustituto,blog de 20minutos cerrado (410): sin sustituto,no,
600,noticias-600,C,http://blogs.20minutos.es/nilibreniocupado/feed/,,sin sustituto,blog de 20minutos cerrado (410): sin sustituto,no,
601,noticias-601,C,http://blogs.20minutos.es/premios20blogs/feed/,,sin sustituto,blog de 20minutos cerrado (410): sin sustituto,no,
602,noticias-602,C,http://blogs.20minutos.es/quefuede/feed/,,sin sustituto,blog de 20minutos cerrado (410): sin sustituto,no,
603,noticias-605,C,http://blogs.20minutos.es/runstorming-spanjaard/feed/,,sin sustituto,blog de 20minutos cerrado (410): sin sustituto,no,
604,noticias-604,C,http://blogs.20minutos.es/rosyrunrun/feed/,,sin sustituto,blog de 20minutos cerrado (410): sin sustituto,no,
605,noticias-607,C,http://blogs.20minutos.es/trasdos/feed/,,sin sustituto,blog de 20minutos cerrado (410): sin sustituto,no,
606,noticias-609,C,http://blogs.20minutos.es/un-hogar-con-mucho-oficio/feed/,,sin sustituto,blog de 20minutos cerrado (410): sin sustituto,no,
607,noticias-610,C,http://blogs.20minutos.es/videojuegos/feed/,,sin sustituto,blog de 20minutos cerrado (410): sin sustituto,no,
608,noticias-608,C,http://blogs.20minutos.es/tu-blog/feed/,,sin sustituto,blog de 20minutos cerrado (410): sin sustituto,no,
609,noticias-611,C,http://blogs.20minutos.es/yaestaellistoquetodolosabe/feed/,,sin sustituto,blog de 20minutos cerrado (410): sin sustituto,no,
610,noticias-603,C,http://blogs.20minutos.es/reality-blog-show/feed/,,sin sustituto,blog de 20minutos cerrado (410): sin sustituto,no,
611,noticias-606,C,http://blogs.20minutos.es/tanta-europa/feed/,,sin sustituto,blog de 20minutos cerrado (410): sin sustituto,no,
680,noticias-694,C,http://www.20minutos.es/rss/vinetas/,,ninguna alternativa probada funciona: 404 con 0 noticias: https://www.20minutos.es/rss/vinetas/; 200 con 1 noticias: https://noticias.carmenprofe.synology.me/scraper_generico.php?url=https%3A%2F%2Fwww.20minutos.es%2Fvinetas%2F,RSS de 20minutos eliminado (404),no,
808,noticias-842,C,https://e00-elmundo.uecdn.es/blogs/elmundo/el-gadgetoblog/index.xml,,sin sustituto,blog de El Mundo abandonado (última 2019-01-22): sin sustituto,no,
810,noticias-843,C,https://e00-elmundo.uecdn.es/blogs/elmundo/catalejo/index.xml,,sin sustituto,blog de El Mundo abandonado (última 2016-05-09): sin sustituto,no,
811,noticias-844,C,https://e00-elmundo.uecdn.es/blogs/elmundo/mundoplayer/index.xml,,sin sustituto,blog de El Mundo abandonado (última 2017-02-23): sin sustituto,no,
812,noticias-846,C,https://e00-elmundo.uecdn.es/blogs/elmundo/aypad/index.xml,,sin sustituto,blog de El Mundo abandonado (última 2010-07-22): sin sustituto,no,
813,noticias-845,C,https://e00-elmundo.uecdn.es/blogs/elmundo/abogado_navegante/index.xml,,sin sustituto,blog de El Mundo abandonado (última 2010-03-09): sin sustituto,no,
814,noticias-849,C,https://e00-elmundo.uecdn.es/blogs/elmundo/dragolandia/index.xml,,sin sustituto,blog de El Mundo abandonado (última 2020-03-10): sin sustituto,no,
815,noticias-847,C,https://e00-elmundo.uecdn.es/elmundo/rss/blogs/palabrasarchivadas.xml,,ninguna alternativa probada funciona: 200 con 0 noticias: https://noticias.carmenprofe.synology.me/scraper_generico.php?url=https%3A%2F%2Fwww.elmundo.es%2Fblogs%2Fpalabrasarchivadas.html,sección de El Mundo abandonada (última 2010-01-29),no,
816,noticias-851,C,https://e00-elmundo.uecdn.es/blogs/elmundo/elmundopordentro/index.xml,,sin sustituto,blog de El Mundo abandonado (última 2020-10-09): sin sustituto,no,
817,noticias-850,C,https://e00-elmundo.uecdn.es/blogs/elmundo/elblogdesantiagogonzalez/index.xml,,sin sustituto,blog de El Mundo abandonado (última 2018-08-05): sin sustituto,no,
818,noticias-852,C,https://e00-elmundo.uecdn.es/blogs/elmundo/lapurezaestaenlamezcla/index.xml,,sin sustituto,blog de El Mundo abandonado (última 2015-05-26): sin sustituto,no,
819,noticias-854,C,https://e00-elmundo.uecdn.es/blogs/elmundo/blogdepecho/index.xml,,sin sustituto,blog de El Mundo abandonado (última 2015-07-16): sin sustituto,no,
820,noticias-855,C,https://e00-elmundo.uecdn.es/blogs/elmundo/elradar/index.xml,,sin sustituto,blog de El Mundo abandonado (última 2010-05-05): sin sustituto,no,
821,noticias-857,C,https://e00-elmundo.uecdn.es/blogs/elmundo/nodoycredito/index.xml,,sin sustituto,blog de El Mundo abandonado (última 2015-07-13): sin sustituto,no,
822,noticias-858,C,https://e00-elmundo.uecdn.es/blogs/elmundo/cocinandopalabras/index.xml,,sin sustituto,blog de El Mundo abandonado (última 2010-06-11): sin sustituto,no,
823,noticias-859,C,https://e00-elmundo.uecdn.es/blogs/elmundo/elvientosopladondequiere/index.xml,,sin sustituto,blog de El Mundo abandonado (última 2014-09-21): sin sustituto,no,
824,noticias-860,C,https://e00-elmundo.uecdn.es/blogs/elmundo/escorpion/index.xml,,sin sustituto,blog de El Mundo abandonado (última 2015-09-30): sin sustituto,no,
825,noticias-865,C,https://e00-elmundo.uecdn.es/blogs/elmundo/teletridente/index.xml,,sin sustituto,blog de El Mundo abandonado (última 2015-10-02): sin sustituto,no,
826,noticias-866,C,https://e00-elmundo.uecdn.es/blogs/elmundo/asesinoenserie/index.xml,,sin sustituto,blog de El Mundo abandonado (última 2020-10-09): sin sustituto,no,
827,noticias-867,C,https://e00-elmundo.uecdn.es/blogs/elmundo/corazondemelon/index.xml,,sin sustituto,blog de El Mundo abandonado (última 2017-10-04): sin sustituto,no,
828,noticias-863,C,https://e00-elmundo.uecdn.es/blogs/elmundo/lahoradelaverdad/index.xml,,sin sustituto,blog de El Mundo abandonado (última 2015-08-20): sin sustituto,no,
829,noticias-864,C,https://e00-elmundo.uecdn.es/blogs/elmundo/lavueltalamundo/index.xml,,ninguna alternativa probada funciona: 200 con 0 noticias: https://noticias.carmenprofe.synology.me/scraper_generico.php?url=https%3A%2F%2Fe00-elmundo.uecdn.es%2Fblogs%2Felmundo%2Flavueltalamundo%2F,feed 404: leer la página vía NAS,no,
830,noticias-870,C,https://e00-elmundo.uecdn.es/blogs/elmundo/clima/index.xml,,sin sustituto,blog de El Mundo abandonado (última 2016-11-14): sin sustituto,no,
831,noticias-868,C,https://e00-elmundo.uecdn.es/blogs/elmundo/sinnoticiasdedior/index.xml,,sin sustituto,blog de El Mundo abandonado (última 2020-01-16): sin sustituto,no,
832,noticias-869,C,https://e00-elmundo.uecdn.es/blogs/elmundo/camaredonda/index.xml,,sin sustituto,blog de El Mundo abandonado (última 2011-07-15): sin sustituto,no,
833,noticias-871,C,https://e00-elmundo.uecdn.es/blogs/elmundo/cosmos/index.xml,,sin sustituto,blog de El Mundo abandonado (última 2014-11-13): sin sustituto,no,
834,noticias-872,C,https://e00-elmundo.uecdn.es/blogs/elmundo/sapiens/index.xml,,sin sustituto,blog de El Mundo abandonado (última 2015-02-13): sin sustituto,no,
835,noticias-873,C,https://e00-elmundo.uecdn.es/blogs/elmundo/verde/index.xml,,sin sustituto,blog de El Mundo abandonado (última 2010-05-04): sin sustituto,no,
836,noticias-875,C,https://e00-elmundo.uecdn.es/blogs/elmundo/ciudadanom/index.xml,,sin sustituto,blog de El Mundo abandonado (última 2014-11-12): sin sustituto,no,
837,noticias-874,C,https://e00-elmundo.uecdn.es/blogs/elmundo/tierra/index.xml,,sin sustituto,blog de El Mundo abandonado (última 2017-10-10): sin sustituto,no,
838,noticias-876,C,https://e00-elmundo.uecdn.es/blogs/elmundo/madridbajosfondos/index.xml,,sin sustituto,blog de El Mundo abandonado (última 2010-10-12): sin sustituto,no,
856,noticias-853,C,https://e00-elmundo.uecdn.es/blogs/elmundo/lafotodelasemana/index.xml,,sin sustituto,blog de El Mundo abandonado (última 2015-03-10): sin sustituto,no,
857,noticias-856,C,https://e00-elmundo.uecdn.es/blogs/elmundo/rockandblog/index.xml,,sin sustituto,blog de El Mundo abandonado (última 2015-02-20): sin sustituto,no,
858,noticias-877,C,https://e00-elmundo.uecdn.es/blogs/elmundo/atodanoche/index.xml,,sin sustituto,blog de El Mundo abandonado (última 2010-09-28): sin sustituto,no,
859,noticias-878,C,https://e00-elmundo.uecdn.es/blogs/elmundo/ciudadanobarcelona/index.xml,,sin sustituto,blog de El Mundo abandonado (última 2012-05-05): sin sustituto,no,
860,noticias-879,C,https://e00-elmundo.uecdn.es/blogs/elmundo/ciudadanobaleares/index.xml,,sin sustituto,blog de El Mundo abandonado (última 2013-01-12): sin sustituto,no,
861,noticias-880,C,https://e00-elmundo.uecdn.es/blogs/elmundo/archipielago_gulasch/index.xml,,sin sustituto,blog de El Mundo abandonado (última 2015-12-18): sin sustituto,no,
862,noticias-881,C,https://e00-elmundo.uecdn.es/blogs/elmundo/ciudadanovalencia/index.xml,,sin sustituto,blog de El Mundo abandonado (última 2013-06-27): sin sustituto,no,
863,noticias-882,C,https://e00-elmundo.uecdn.es/blogs/elmundo/ciudadanocastillayleon/index.xml,,sin sustituto,blog de El Mundo abandonado (última 2013-04-09): sin sustituto,no,
864,noticias-884,C,https://e00-elmundo.uecdn.es/blogs/elmundo/cronicasdesdeeeuu/index.xml,,sin sustituto,blog de El Mundo abandonado (última 2011-09-19): sin sustituto,no,
865,noticias-885,C,https://e00-elmundo.uecdn.es/elmundo/rss/blogs/lapurezaestaenlamezcla.xml,,ninguna alternativa probada funciona: 200 con 0 noticias: https://noticias.carmenprofe.synology.me/scraper_generico.php?url=https%3A%2F%2Fwww.elmundo.es%2Fblogs%2Flapurezaestaenlamezcla.html,sección de El Mundo abandonada (última 2010-09-16),no,
866,noticias-886,C,https://e00-elmundo.uecdn.es/blogs/elmundo/orienteproximo/index.xml,,sin sustituto,blog de El Mundo abandonado (última 2011-09-16): sin sustituto,no,
867,noticias-887,C,https://e00-elmundo.uecdn.es/blogs/elmundo/cronicasdesdeasia/index.xml,,sin sustituto,blog de El Mundo abandonado (última 2011-08-30): sin sustituto,no,
868,noticias-888,C,https://e00-elmundo.uecdn.es/blogs/elmundo/cronicasdesdelatinoamerica/index.xml,,sin sustituto,blog de El Mundo abandonado (última 2010-06-03): sin sustituto,no,
869,noticias-889,C,https://e00-elmundo.uecdn.es/blogs/elmundo/chinavirtual/index.xml,,sin sustituto,blog de El Mundo abandonado (última 2010-03-16): sin sustituto,no,
870,noticias-890,C,https://e00-elmundo.uecdn.es/blogs/elmundo/habaname/index.xml,,sin sustituto,blog de El Mundo abandonado (última 2015-09-21): sin sustituto,no,
872,noticias-883,C,https://e00-elmundo.uecdn.es/blogs/elmundo/cronicasdesdeeuropa/index.xml,,sin sustituto,blog de El Mundo abandonado (última 2011-09-18): sin sustituto,no,
875,noticias-891,C,https://e00-elmundo.uecdn.es/blogs/elmundo/hemisferioxx/index.xml,,sin sustituto,blog de El Mundo abandonado (última 2010-10-30): sin sustituto,no,
878,noticias-899,C,https://e00-elmundo.uecdn.es/elmundodeporte/rss/masdeporte.xml,,ninguna alternativa probada funciona: 200 con 0 noticias: https://noticias.carmenprofe.synology.me/scraper_generico.php?url=https%3A%2F%2Fe00-elmundo.uecdn.es%2Felmundodeporte%2F,feed abandonado (última 2013-10-23): leer la página vía NAS,no,
882,noticias-896,C,https://e00-elmundo.uecdn.es/elmundodeporte/rss/golf.xml,,ninguna alternativa probada funciona: 200 con 0 noticias: https://noticias.carmenprofe.synology.me/scraper_generico.php?url=https%3A%2F%2Fe00-elmundo.uecdn.es%2Felmundodeporte%2F,feed abandonado (última 2010-01-11): leer la página vía NAS,no,
884,noticias-902,C,http://rss.elmundo.es/rss/descarga.htm?data2=15,,ninguna alternativa probada funciona: 200 con 0 noticias: https://noticias.carmenprofe.synology.me/scraper_generico.php?url=http%3A%2F%2Frss.elmundo.es%2F,feed ERR UND_ERR_CONNECT_TIMEOUT: leer la página vía NAS,no,
885,noticias-905,C,https://e00-elmundo.uecdn.esyodona/rss/blogs/modamania.xml,,sin comprobar; probar a mano: https://e00-elmundo.uecdn.es/yodona/rss/blogs/modamania.xml,errata en la URL: falta la barra (uecdn.es/yodona),no,
886,noticias-907,C,http://rss.elmundo.es/rss/descarga.htm?data2=119,,ninguna alternativa probada funciona: 200 con 0 noticias: https://noticias.carmenprofe.synology.me/scraper_generico.php?url=http%3A%2F%2Frss.elmundo.es%2F,feed ERR UND_ERR_CONNECT_TIMEOUT: leer la página vía NAS,no,
889,noticias-906,C,https://e00-elmundo.uecdn.esyodona/rss/blogs/grandclass.xml,,sin comprobar; probar a mano: https://e00-elmundo.uecdn.es/yodona/rss/blogs/grandclass.xml,errata en la URL: falta la barra (uecdn.es/yodona),no,
900,noticias-904,C,https://e00-elmundo.uecdn.esyodona/rss/blogs/cuentahilos.xml,,sin comprobar; probar a mano: https://e00-elmundo.uecdn.es/yodona/rss/blogs/cuentahilos.xml,errata en la URL: falta la barra (uecdn.es/yodona),no,
1003,noticias-1014,C,https://www.esdiario.com/rss/titulares.xml,,ninguna alternativa probada funciona: 200 con 0 noticias: https://noticias.carmenprofe.synology.me/scraper_generico.php?url=https%3A%2F%2Fwww.esdiario.com%2F,feed 404: leer la página vía NAS,no,
1023,noticias-992,C,https://www.nationalgeographic.com.es/rss/,,ninguna alternativa probada funciona: 200 con 0 noticias: https://noticias.carmenprofe.synology.me/scraper_generico.php?url=https%3A%2F%2Fwww.nationalgeographic.com.es%2F,feed 404: leer la página vía NAS,no,
1040,noticias-1013,C,https://diario16.com/feed/,,ninguna alternativa probada funciona: 200 con 0 noticias: https://noticias.carmenprofe.synology.me/scraper_generico.php?url=https%3A%2F%2Fdiario16.com%2F,feed ERR ENOTFOUND: leer la página vía NAS,no,
1044,noticias-1016,C,https://mediterraneodigital.com/feed,,ninguna alternativa probada funciona: 200 con 0 noticias: https://noticias.carmenprofe.synology.me/scraper_generico.php?url=https%3A%2F%2Fmediterraneodigital.com%2F,feed 404: leer la página vía NAS,no,
1090,noticias-1123,C,https://carmenprofe.synology.me/scraper_generico.php?url=https%3A%2F%2Felpais.com%2Famerica-colombia%2F,,ninguna alternativa probada funciona: 200 con 110 noticias: https://feeds.elpais.com/mrss-s/pages/ep/site/elpais.com/section/america-colombia/portada,El País vía NAS sirve copia vieja: pasar a RSS oficial,no,
1091,noticias-1124,C,https://carmenprofe.synology.me/scraper_generico.php?url=https%3A%2F%2Felpais.com%2Fchile%2F,,ninguna alternativa probada funciona: 200 con 111 noticias: https://feeds.elpais.com/mrss-s/pages/ep/site/elpais.com/section/chile/portada,El País vía NAS sirve copia vieja: pasar a RSS oficial,no,
1099,noticias-1132,C,https://carmenprofe.synology.me/scraper_generico.php?url=https%3A%2F%2Felpais.com%2Fopinion%2Fvinetas%2F,,ninguna alternativa probada funciona: 404 con 0 noticias: https://feeds.elpais.com/mrss-s/pages/ep/site/elpais.com/section/opinion/subsection/vinetas/portada; 370 con 0 noticias: https://feeds.elpais.com/mrss-s/pages/ep/site/elpais.com/section/vinetas/portada,El País vía NAS sirve copia vieja: pasar a RSS oficial,no,
1105,noticias-1139,C,https://carmenprofe.synology.me/scraper_generico.php?url=https%3A%2F%2Felpais.com%2Fespana%2Fgalicia%2F,,ninguna alternativa probada funciona: 404 con 0 noticias: https://feeds.elpais.com/mrss-s/pages/ep/site/elpais.com/section/espana/subsection/galicia/portada; 370 con 0 noticias: https://feeds.elpais.com/mrss-s/pages/ep/site/elpais.com/section/galicia/portada,El País vía NAS sirve copia vieja: pasar a RSS oficial,no,
1106,noticias-1138,C,https://carmenprofe.synology.me/scraper_generico.php?url=https%3A%2F%2Felpais.com%2Fespana%2Fcomunidad-valenciana%2F,,ninguna alternativa probada funciona: 404 con 0 noticias: https://feeds.elpais.com/mrss-s/pages/ep/site/elpais.com/section/espana/subsection/comunidad-valenciana/portada; 370 con 0 noticias: https://feeds.elpais.com/mrss-s/pages/ep/site/elpais.com/section/comunidad-valenciana/portada,El País vía NAS sirve copia vieja: pasar a RSS oficial,no,
1111,noticias-1144,C,https://carmenprofe.synology.me/scraper_generico.php?url=https%3A%2F%2Felpais.com%2Feconomia%2Fvivienda%2F,,ninguna alternativa probada funciona: 404 con 0 noticias: https://feeds.elpais.com/mrss-s/pages/ep/site/elpais.com/section/economia/subsection/vivienda/portada; 370 con 0 noticias: https://feeds.elpais.com/mrss-s/pages/ep/site/elpais.com/section/vivienda/portada,El País vía NAS sirve copia vieja: pasar a RSS oficial,no,
1112,noticias-1145,C,https://carmenprofe.synology.me/scraper_generico.php?url=https%3A%2F%2Felpais.com%2Feconomia%2Fmis-derechos%2F,,ninguna alternativa probada funciona: 404 con 0 noticias: https://feeds.elpais.com/mrss-s/pages/ep/site/elpais.com/section/economia/subsection/mis-derechos/portada; 370 con 0 noticias: https://feeds.elpais.com/mrss-s/pages/ep/site/elpais.com/section/mis-derechos/portada,El País vía NAS sirve copia vieja: pasar a RSS oficial,no,
1113,noticias-1146,C,https://carmenprofe.synology.me/scraper_generico.php?url=https%3A%2F%2Felpais.com%2Feconomia%2Fformacion%2F,,ninguna alternativa probada funciona: 404 con 0 noticias: https://feeds.elpais.com/mrss-s/pages/ep/site/elpais.com/section/economia/subsection/formacion/portada; 370 con 0 noticias: https://feeds.elpais.com/mrss-s/pages/ep/site/elpais.com/section/formacion/portada,El País vía NAS sirve copia vieja: pasar a RSS oficial,no,
1122,noticias-1159,C,https://carmenprofe.synology.me/scraper_generico.php?url=https%3A%2F%2Felpais.com%2Fdeportes%2Fformula-1%2F,,ninguna alternativa probada funciona: 404 con 0 noticias: https://feeds.elpais.com/mrss-s/pages/ep/site/elpais.com/section/deportes/subsection/formula-1/portada; 370 con 0 noticias: https://feeds.elpais.com/mrss-s/pages/ep/site/elpais.com/section/formula-1/portada,El País vía NAS sirve copia vieja: pasar a RSS oficial,no,
1123,noticias-1163,C,https://carmenprofe.synology.me/scraper_generico.php?url=https%3A%2F%2Felpais.com%2Fajedrez%2F,,ninguna alternativa probada funciona: 370 con 0 noticias: https://feeds.elpais.com/mrss-s/pages/ep/site/elpais.com/section/ajedrez/portada,El País vía NAS sirve copia vieja: pasar a RSS oficial,no,
1126,noticias-1162,C,https://carmenprofe.synology.me/scraper_generico.php?url=https%3A%2F%2Felpais.com%2Fnoticias%2Fatletismo%2F,,ninguna alternativa probada funciona: 404 con 0 noticias: https://feeds.elpais.com/mrss-s/list/ep/site/elpais.com/tag/atletismo/a,El País vía NAS sirve copia vieja: pasar a RSS oficial,no,
1132,noticias-1161,C,https://carmenprofe.synology.me/scraper_generico.php?url=https%3A%2F%2Felpais.com%2Fnoticias%2Fgolf%2F,,ninguna alternativa probada funciona: 404 con 0 noticias: https://feeds.elpais.com/mrss-s/list/ep/site/elpais.com/tag/golf/a,El País vía NAS sirve copia vieja: pasar a RSS oficial,no,
1190,noticias-1222,C,https://carmenprofe.synology.me/scraper_generico.php?url=https%3A%2F%2Fefe.com%2Feuroefe,,ninguna alternativa probada funciona: 503 con 0 noticias: https://carmenprofe.synology.me/wpcom_generico.php?sitio=efe.com&categoria=euroefe&limite=12,EFE vía NAS bloqueado: pasar a wpcom_generico (como 2240),no,
1201,noticias-1232,C,https://carmenprofe.synology.me/scraper_generico.php?url=https%3A%2F%2Fefe.com%2Fcantabria%2F,,ninguna alternativa probada funciona: 503 con 0 noticias: https://carmenprofe.synology.me/wpcom_generico.php?sitio=efe.com&categoria=cantabria&limite=12,EFE vía NAS bloqueado: pasar a wpcom_generico (como 2240),no,
1251,noticias-1287,C,https://carmenprofe.synology.me/scraper_generico.php?url=https%3A%2F%2Fwww.vozpopuli.com%2Findux%2Fen%2F,,sin sustituto,feed 503: leer la página vía NAS,no,
1281,noticias-1371,C,https://feeds.elpais.com/mrss-s/pages/ep/site/elpais.com/section/estilo/portada,,ninguna alternativa probada funciona: 200 con 0 noticias: https://noticias.carmenprofe.synology.me/scraper_generico.php?url=https%3A%2F%2Ffeeds.elpais.com%2Fmrss-s%2Fpages%2Fep%2Fsite%2Felpais.com%2Fsection%2Festilo%2Fportada,feed abandonado (última 2021-09-02): leer la página vía NAS,no,
1362,noticias-1400,C,https://carmenprofe.synology.me/scraper_generico.php?url=https%3A%2F%2Fnuevosureste.es%2Fboletin-nuevo-sureste%2F,,sin sustituto,feed 503: leer la página vía NAS,no,
1389,noticias-1444,C,https://rss.gentleman.elconfidencial.com/estilo-hombre/,,ninguna alternativa probada funciona: 200 con 0 noticias: https://noticias.carmenprofe.synology.me/scraper_generico.php?url=https%3A%2F%2Frss.gentleman.elconfidencial.com%2Festilo-hombre%2F,feed ERR ENOTFOUND: leer la página vía NAS,no,
1390,noticias-1443,C,https://rss.gentleman.elconfidencial.com/personajes/,,ninguna alternativa probada funciona: 200 con 0 noticias: https://noticias.carmenprofe.synology.me/scraper_generico.php?url=https%3A%2F%2Frss.gentleman.elconfidencial.com%2Fpersonajes%2F,feed ERR ENOTFOUND: leer la página vía NAS,no,
1391,noticias-1445,C,https://rss.gentleman.elconfidencial.com/gourmet/,,ninguna alternativa probada funciona: 200 con 0 noticias: https://noticias.carmenprofe.synology.me/scraper_generico.php?url=https%3A%2F%2Frss.gentleman.elconfidencial.com%2Fgourmet%2F,feed ERR ENOTFOUND: leer la página vía NAS,no,
1405,noticias-1442,C,https://rss.gentleman.elconfidencial.com/gentlemania/,,ninguna alternativa probada funciona: 200 con 0 noticias: https://noticias.carmenprofe.synology.me/scraper_generico.php?url=https%3A%2F%2Frss.gentleman.elconfidencial.com%2Fgentlemania%2F,feed ERR ENOTFOUND: leer la página vía NAS,no,
1523,noticias-1565,C,https://www.zamoranews.com/rss/zamora-participa/,,ninguna alternativa probada funciona: 200 con 0 noticias: https://noticias.carmenprofe.synology.me/scraper_generico.php?url=https%3A%2F%2Fwww.zamoranews.com%2Fzamora-participa%2F,feed abandonado (última 2025-02-20): leer la página vía NAS,no,
1524,noticias-1566,C,https://www.zamoranews.com/rss/zamora-fuera/,,ninguna alternativa probada funciona: 200 con 0 noticias: https://noticias.carmenprofe.synology.me/scraper_generico.php?url=https%3A%2F%2Fwww.zamoranews.com%2Fzamora-fuera%2F,feed abandonado (última 2026-03-19): leer la página vía NAS,no,
1531,noticias-1572,C,https://www.zamoranews.com/rss/tuvoz-zamora/,,ninguna alternativa probada funciona: 200 con 0 noticias: https://noticias.carmenprofe.synology.me/scraper_generico.php?url=https%3A%2F%2Fwww.zamoranews.com%2Ftuvoz-zamora%2F,feed abandonado (última 2023-09-10): leer la página vía NAS,no,
1534,noticias-1577,C,https://www.zamoranews.com/rss/itinerarios/,,ninguna alternativa probada funciona: 200 con 0 noticias: https://noticias.carmenprofe.synology.me/scraper_generico.php?url=https%3A%2F%2Fwww.zamoranews.com%2Fitinerarios%2F,feed abandonado (última 2020-03-09): leer la página vía NAS,no,
1540,noticias-1582,C,https://www.zamoranews.com/rss/edades-del-hombre/,,ninguna alternativa probada funciona: 200 con 0 noticias: https://noticias.carmenprofe.synology.me/scraper_generico.php?url=https%3A%2F%2Fwww.zamoranews.com%2Fedades-del-hombre%2F,feed abandonado (última 2016-11-23): leer la página vía NAS,no,
1542,noticias-1584,C,https://www.zamoranews.com/rss/elecciones26m/,,ninguna alternativa probada funciona: 200 con 0 noticias: https://noticias.carmenprofe.synology.me/scraper_generico.php?url=https%3A%2F%2Fwww.zamoranews.com%2Felecciones26m%2F,feed abandonado (última 2021-01-31): leer la página vía NAS,no,
1557,noticias-1600,C,https://www.zamoranews.com/rss/video/cultura-turismo/,,ninguna alternativa probada funciona: 200 con 0 noticias: https://noticias.carmenprofe.synology.me/scraper_generico.php?url=https%3A%2F%2Fwww.zamoranews.com%2Fvideo%2Fcultura-turismo%2F,feed abandonado (última 2026-05-28): leer la página vía NAS,no,
1559,noticias-1601,C,https://www.zamoranews.com/rss/video/deportes/,,ninguna alternativa probada funciona: 200 con 0 noticias: https://noticias.carmenprofe.synology.me/scraper_generico.php?url=https%3A%2F%2Fwww.zamoranews.com%2Fvideo%2Fdeportes%2F,feed abandonado (última 2021-06-11): leer la página vía NAS,no,
1560,noticias-1602,C,https://www.zamoranews.com/rss/video/provincia/,,ninguna alternativa probada funciona: 200 con 0 noticias: https://noticias.carmenprofe.synology.me/scraper_generico.php?url=https%3A%2F%2Fwww.zamoranews.com%2Fvideo%2Fprovincia%2F,feed abandonado (última 2026-01-08): leer la página vía NAS,no,
1561,noticias-1603,C,https://www.zamoranews.com/rss/video/zamora/,,ninguna alternativa probada funciona: 200 con 0 noticias: https://noticias.carmenprofe.synology.me/scraper_generico.php?url=https%3A%2F%2Fwww.zamoranews.com%2Fvideo%2Fzamora%2F,feed abandonado (última 2026-06-10): leer la página vía NAS,no,
1562,noticias-1604,C,https://www.zamoranews.com/rss/video/zamoracf/,,ninguna alternativa probada funciona: 200 con 0 noticias: https://noticias.carmenprofe.synology.me/scraper_generico.php?url=https%3A%2F%2Fwww.zamoranews.com%2Fvideo%2Fzamoracf%2F,feed abandonado (última 2021-08-25): leer la página vía NAS,no,
1563,noticias-1605,C,https://www.zamoranews.com/rss/video/imagendeldiazamora/,,ninguna alternativa probada funciona: 200 con 0 noticias: https://noticias.carmenprofe.synology.me/scraper_generico.php?url=https%3A%2F%2Fwww.zamoranews.com%2Fvideo%2Fimagendeldiazamora%2F,feed abandonado (última 2021-06-02): leer la página vía NAS,no,
1564,noticias-1606,C,https://www.zamoranews.com/rss/video/toro/,,ninguna alternativa probada funciona: 200 con 0 noticias: https://noticias.carmenprofe.synology.me/scraper_generico.php?url=https%3A%2F%2Fwww.zamoranews.com%2Fvideo%2Ftoro%2F,feed abandonado (última 2026-01-24): leer la página vía NAS,no,
1565,noticias-1607,C,https://www.zamoranews.com/rss/video/47-comarcas/,,ninguna alternativa probada funciona: 200 con 0 noticias: https://noticias.carmenprofe.synology.me/scraper_generico.php?url=https%3A%2F%2Fwww.zamoranews.com%2Fvideo%2F47-comarcas%2F,feed abandonado (última 2021-08-07): leer la página vía NAS,no,
1566,noticias-1610,C,https://www.zamoranews.com/rss/video/enogastronomia/,,ninguna alternativa probada funciona: 200 con 0 noticias: https://noticias.carmenprofe.synology.me/scraper_generico.php?url=https%3A%2F%2Fwww.zamoranews.com%2Fvideo%2Fenogastronomia%2F,feed abandonado (última 2021-05-11): leer la página vía NAS,no,
1567,noticias-1608,C,https://www.zamoranews.com/rss/video/semana-santa-zamora/,,ninguna alternativa probada funciona: 200 con 0 noticias: https://noticias.carmenprofe.synology.me/scraper_generico.php?url=https%3A%2F%2Fwww.zamoranews.com%2Fvideo%2Fsemana-santa-zamora%2F,feed abandonado (última 2022-04-19): leer la página vía NAS,no,
1568,noticias-1609,C,https://www.zamoranews.com/rss/video/comarcas/,,ninguna alternativa probada funciona: 200 con 0 noticias: https://noticias.carmenprofe.synology.me/scraper_generico.php?url=https%3A%2F%2Fwww.zamoranews.com%2Fvideo%2Fcomarcas%2F,feed abandonado (última 2021-05-24): leer la página vía NAS,no,
1569,noticias-1611,C,https://www.zamoranews.com/rss/video/castillayleon/,,ninguna alternativa probada funciona: 200 con 0 noticias: https://noticias.carmenprofe.synology.me/scraper_generico.php?url=https%3A%2F%2Fwww.zamoranews.com%2Fvideo%2Fcastillayleon%2F,feed abandonado (última 2026-02-25): leer la página vía NAS,no,
1570,noticias-1613,C,https://www.zamoranews.com/rss/video/deporteszamoramotor/,,ninguna alternativa probada funciona: 200 con 0 noticias: https://noticias.carmenprofe.synology.me/scraper_generico.php?url=https%3A%2F%2Fwww.zamoranews.com%2Fvideo%2Fdeporteszamoramotor%2F,feed abandonado (última 2021-05-29): leer la página vía NAS,no,
1571,noticias-1612,C,https://www.zamoranews.com/rss/video/sucesos/,,ninguna alternativa probada funciona: 200 con 0 noticias: https://noticias.carmenprofe.synology.me/scraper_generico.php?url=https%3A%2F%2Fwww.zamoranews.com%2Fvideo%2Fsucesos%2F,feed abandonado (última 2026-01-26): leer la página vía NAS,no,
1572,noticias-1614,C,https://www.zamoranews.com/rss/video/magazine/,,ninguna alternativa probada funciona: 200 con 0 noticias: https://noticias.carmenprofe.synology.me/scraper_generico.php?url=https%3A%2F%2Fwww.zamoranews.com%2Fvideo%2Fmagazine%2F,feed abandonado (última 2021-05-01): leer la página vía NAS,no,
1573,noticias-1615,C,https://www.zamoranews.com/rss/video/sanabria/,,ninguna alternativa probada funciona: 200 con 0 noticias: https://noticias.carmenprofe.synology.me/scraper_generico.php?url=https%3A%2F%2Fwww.zamoranews.com%2Fvideo%2Fsanabria%2F,feed abandonado (última 2026-01-08): leer la página vía NAS,no,
1574,noticias-1616,C,https://www.zamoranews.com/rss/video/entrevistas/,,ninguna alternativa probada funciona: 200 con 0 noticias: https://noticias.carmenprofe.synology.me/scraper_generico.php?url=https%3A%2F%2Fwww.zamoranews.com%2Fvideo%2Fentrevistas%2F,feed abandonado (última 2026-03-12): leer la página vía NAS,no,
1575,noticias-1617,C,https://www.zamoranews.com/rss/video/reportajes/,,ninguna alternativa probada funciona: 200 con 0 noticias: https://noticias.carmenprofe.synology.me/scraper_generico.php?url=https%3A%2F%2Fwww.zamoranews.com%2Fvideo%2Freportajes%2F,feed abandonado (última 2025-12-14): leer la página vía NAS,no,
1577,noticias-1618,C,https://www.zamoranews.com/rss/video/internacional/,,ninguna alternativa probada funciona: 200 con 0 noticias: https://noticias.carmenprofe.synology.me/scraper_generico.php?url=https%3A%2F%2Fwww.zamoranews.com%2Fvideo%2Finternacional%2F,feed abandonado (última 2025-10-01): leer la página vía NAS,no,
1580,noticias-1623,C,https://www.zamoranews.com/rss/album/agenda/,,ninguna alternativa probada funciona: 200 con 0 noticias: https://noticias.carmenprofe.synology.me/scraper_generico.php?url=https%3A%2F%2Fwww.zamoranews.com%2Falbum%2Fagenda%2F,feed abandonado (última 2025-12-22): leer la página vía NAS,no,
1582,noticias-1625,C,https://www.zamoranews.com/rss/album/zamora-fuera/,,ninguna alternativa probada funciona: 200 con 0 noticias: https://noticias.carmenprofe.synology.me/scraper_generico.php?url=https%3A%2F%2Fwww.zamoranews.com%2Falbum%2Fzamora-fuera%2F,feed abandonado (última 2022-02-19): leer la página vía NAS,no,
1584,noticias-1624,C,https://www.zamoranews.com/rss/album/universidad-zamora/,,ninguna alternativa probada funciona: 200 con 0 noticias: https://noticias.carmenprofe.synology.me/scraper_generico.php?url=https%3A%2F%2Fwww.zamoranews.com%2Falbum%2Funiversidad-zamora%2F,feed abandonado (última 2026-06-02): leer la página vía NAS,no,
1585,noticias-1627,C,https://www.zamoranews.com/rss/album/zamoracf/,,ninguna alternativa probada funciona: 200 con 0 noticias: https://noticias.carmenprofe.synology.me/scraper_generico.php?url=https%3A%2F%2Fwww.zamoranews.com%2Falbum%2Fzamoracf%2F,feed abandonado (última 2026-07-17): leer la página vía NAS,no,
1586,noticias-1629,C,https://www.zamoranews.com/rss/album/fszamora/,,ninguna alternativa probada funciona: 200 con 0 noticias: https://noticias.carmenprofe.synology.me/scraper_generico.php?url=https%3A%2F%2Fwww.zamoranews.com%2Falbum%2Ffszamora%2F,feed abandonado (última 2026-05-24): leer la página vía NAS,no,
1588,noticias-1630,C,https://www.zamoranews.com/rss/album/imagendeldiazamora/,,ninguna alternativa probada funciona: 200 con 0 noticias: https://noticias.carmenprofe.synology.me/scraper_generico.php?url=https%3A%2F%2Fwww.zamoranews.com%2Falbum%2Fimagendeldiazamora%2F,feed abandonado (última 2026-06-09): leer la página vía NAS,no,
1589,noticias-1631,C,https://www.zamoranews.com/rss/album/benavente/,,ninguna alternativa probada funciona: 200 con 0 noticias: https://noticias.carmenprofe.synology.me/scraper_generico.php?url=https%3A%2F%2Fwww.zamoranews.com%2Falbum%2Fbenavente%2F,feed abandonado (última 2026-07-10): leer la página vía NAS,no,
1595,noticias-1637,C,https://www.zamoranews.com/rss/album/castillayleon/,,ninguna alternativa probada funciona: 200 con 0 noticias: https://noticias.carmenprofe.synology.me/scraper_generico.php?url=https%3A%2F%2Fwww.zamoranews.com%2Falbum%2Fcastillayleon%2F,feed abandonado (última 2026-06-04): leer la página vía NAS,no,
1596,noticias-1638,C,https://www.zamoranews.com/rss/album/sucesos/,,ninguna alternativa probada funciona: 200 con 0 noticias: https://noticias.carmenprofe.synology.me/scraper_generico.php?url=https%3A%2F%2Fwww.zamoranews.com%2Falbum%2Fsucesos%2F,feed abandonado (última 2026-08-24): leer la página vía NAS,no,
1597,noticias-1640,C,https://www.zamoranews.com/rss/album/nacional/,,ninguna alternativa probada funciona: 200 con 0 noticias: https://noticias.carmenprofe.synology.me/scraper_generico.php?url=https%3A%2F%2Fwww.zamoranews.com%2Falbum%2Fnacional%2F,feed abandonado (última 2025-04-28): leer la página vía NAS,no,
1599,noticias-1641,C,https://www.zamoranews.com/rss/album/magazine/,,ninguna alternativa probada funciona: 200 con 0 noticias: https://noticias.carmenprofe.synology.me/scraper_generico.php?url=https%3A%2F%2Fwww.zamoranews.com%2Falbum%2Fmagazine%2F,feed abandonado (última 2016-08-21): leer la página vía NAS,no,
1600,noticias-1642,C,https://www.zamoranews.com/rss/album/sanabria/,,ninguna alternativa probada funciona: 200 con 0 noticias: https://noticias.carmenprofe.synology.me/scraper_generico.php?url=https%3A%2F%2Fwww.zamoranews.com%2Falbum%2Fsanabria%2F,feed abandonado (última 2026-08-08): leer la página vía NAS,no,
1601,noticias-1644,C,https://www.zamoranews.com/rss/album/reportajes/,,ninguna alternativa probada funciona: 200 con 0 noticias: https://noticias.carmenprofe.synology.me/scraper_generico.php?url=https%3A%2F%2Fwww.zamoranews.com%2Falbum%2Freportajes%2F,feed abandonado (última 2026-03-14): leer la página vía NAS,no,
1616,noticias-1659,C,https://carmenprofe.synology.me/scraper_generico.php?url=https%3A%2F%2Fwww.zamoranews.com%2Fopinion%2F,,sin sustituto,la web no da noticias al NAS (sirve copia vieja): revisar a mano,no,
1619,noticias-1661,C,https://carmenprofe.synology.me/scraper_generico.php?url=https%3A%2F%2Fwww.zamoranews.com%2Fvideo%2F,,sin sustituto,la web no da noticias al NAS (sirve copia vieja): revisar a mano,no,
1635,noticias-1678,C,https://carmenprofe.synology.me/scraper_generico.php?url=https%3A%2F%2Fwww.zamoranews.com%2Favila%2F,,sin sustituto,la web no da noticias al NAS (sirve copia vieja): revisar a mano,no,
1636,noticias-1679,C,https://carmenprofe.synology.me/scraper_generico.php?url=https%3A%2F%2Fwww.zamoranews.com%2Fburgos%2F,,sin sustituto,la web no da noticias al NAS (sirve copia vieja): revisar a mano,no,
1637,noticias-1680,C,https://carmenprofe.synology.me/scraper_generico.php?url=https%3A%2F%2Fwww.zamoranews.com%2Fleon%2F,,sin sustituto,la web no da noticias al NAS (sirve copia vieja): revisar a mano,no,
1638,noticias-1681,C,https://carmenprofe.synology.me/scraper_generico.php?url=https%3A%2F%2Fwww.zamoranews.com%2Fpalencia%2F,,sin sustituto,la web no da noticias al NAS (sirve copia vieja): revisar a mano,no,
1639,noticias-1682,C,https://carmenprofe.synology.me/scraper_generico.php?url=https%3A%2F%2Fwww.zamoranews.com%2Fsalamanca%2F,,sin sustituto,la web no da noticias al NAS (sirve copia vieja): revisar a mano,no,
1640,noticias-1683,C,https://carmenprofe.synology.me/scraper_generico.php?url=https%3A%2F%2Fwww.zamoranews.com%2Fsegovia%2F,,sin sustituto,la web no da noticias al NAS (sirve copia vieja): revisar a mano,no,
1641,noticias-1684,C,https://carmenprofe.synology.me/scraper_generico.php?url=https%3A%2F%2Fwww.zamoranews.com%2Fsoria%2F,,sin sustituto,la web no da noticias al NAS (sirve copia vieja): revisar a mano,no,
1642,noticias-1685,C,https://carmenprofe.synology.me/scraper_generico.php?url=https%3A%2F%2Fwww.zamoranews.com%2Fvalladolid%2F,,sin sustituto,la web no da noticias al NAS (sirve copia vieja): revisar a mano,no,
1651,noticias-1694,C,https://carmenprofe.synology.me/scraper_generico.php?url=https%3A%2F%2Fwww.zamoranews.com%2Fdeportes%2Fbalonmanozamora%2F,,sin sustituto,la web no da noticias al NAS (sirve copia vieja): revisar a mano,no,
1652,noticias-1695,C,https://carmenprofe.synology.me/scraper_generico.php?url=https%3A%2F%2Fwww.zamoranews.com%2Fdeportes%2Ffszamora%2F,,sin sustituto,la web no da noticias al NAS (sirve copia vieja): revisar a mano,no,
1662,noticias-1705,C,https://carmenprofe.synology.me/scraper_generico.php?url=https%3A%2F%2Fwww.zamoranews.com%2Funiversidad-zamora%2F,,sin sustituto,la web no da noticias al NAS (sirve copia vieja): revisar a mano,no,
1663,noticias-1706,C,https://carmenprofe.synology.me/scraper_generico.php?url=https%3A%2F%2Fwww.zamoranews.com%2Fzamora-participa%2Fimagendeldiazamora%2F,,sin sustituto,la web no da noticias al NAS (sirve copia vieja): revisar a mano,no,
1664,noticias-1707,C,https://carmenprofe.synology.me/scraper_generico.php?url=https%3A%2F%2Fwww.zamoranews.com%2Fmagazine%2Fentrevistas%2F,,sin sustituto,la web no da noticias al NAS (sirve copia vieja): revisar a mano,no,
1666,noticias-1709,C,https://carmenprofe.synology.me/scraper_generico.php?url=https%3A%2F%2Fwww.zamoranews.com%2Fzamora-participa%2Ftuvoz-zamora%2F,,sin sustituto,la web no da noticias al NAS (sirve copia vieja): revisar a mano,no,
1667,noticias-1710,C,https://carmenprofe.synology.me/scraper_generico.php?url=https%3A%2F%2Fwww.zamoranews.com%2Fblogs%2F,,sin sustituto,la web no da noticias al NAS (sirve copia vieja): revisar a mano,no,
1668,noticias-1711,C,https://carmenprofe.synology.me/scraper_generico.php?url=https%3A%2F%2Fwww.zamoranews.com%2Fsemana-santa-zamora%2F,,sin sustituto,la web no da noticias al NAS (sirve copia vieja): revisar a mano,no,
1694,noticias-1736,C,https://rssgenerator.mooo.com/feeds/?p=aaHR0cHM6Ly9mbGllc2VuMzY1LmNvbS8=,,ninguna alternativa probada funciona: 200 con 0 noticias: https://noticias.carmenprofe.synology.me/scraper_generico.php?url=https%3A%2F%2Frssgenerator.mooo.com%2Ffeeds%2F,feed abandonado (última 2026-08-22): leer la página vía NAS,no,
1717,noticias-1757,C,http://blogs.20minutos.es/140-y-mas/feed/,,sin sustituto,blog de 20minutos cerrado (410): sin sustituto,no,
1718,noticias-1758,C,http://blogs.20minutos.es/animalesenadopcion/feed/,,sin sustituto,blog de 20minutos cerrado (410): sin sustituto,no,
1719,noticias-1763,C,http://blogs.20minutos.es/blog-solidario-cooperantes/feed/,,sin sustituto,blog de 20minutos cerrado (410): sin sustituto,no,
1720,noticias-1759,C,http://blogs.20minutos.es/arquitectacion/feed/,,sin sustituto,blog de 20minutos cerrado (410): sin sustituto,no,
1721,noticias-1760,C,http://blogs.20minutos.es/arsenioescolar/feed/,,sin sustituto,blog de 20minutos cerrado (410): sin sustituto,no,
1722,noticias-1761,C,http://blogs.20minutos.es/artik/feed/,,sin sustituto,blog de 20minutos cerrado (410): sin sustituto,no,
1723,noticias-1762,C,http://blogs.20minutos.es/becario/feed/,,sin sustituto,blog de 20minutos cerrado (410): sin sustituto,no,
1724,noticias-1764,C,http://blogs.20minutos.es/codigo-abierto/feed/,,sin sustituto,blog de 20minutos cerrado (410): sin sustituto,no,
1725,noticias-1765,C,http://blogs.20minutos.es/con-reservas/feed/,,sin sustituto,blog de 20minutos cerrado (410): sin sustituto,no,
1726,noticias-1766,C,http://blogs.20minutos.es/conejo-frustrado/feed/,,sin sustituto,blog de 20minutos cerrado (410): sin sustituto,no,
1727,noticias-1768,C,http://blogs.20minutos.es/ecos-de-sociedad-anonima/feed/,,sin sustituto,blog de 20minutos cerrado (410): sin sustituto,no,
1728,noticias-1767,C,http://blogs.20minutos.es/cronicaverde/feed/,,sin sustituto,blog de 20minutos cerrado (410): sin sustituto,no,
1729,noticias-1770,C,http://blogs.20minutos.es/el-nutricionista-de-la-general/feed/,,sin sustituto,blog de 20minutos cerrado (410): sin sustituto,no,
1730,noticias-1769,C,http://blogs.20minutos.es/el-bueno-de-cuttlas/feed/,,sin sustituto,blog de 20minutos cerrado (410): sin sustituto,no,
1731,noticias-1771,C,http://blogs.20minutos.es/emilio-rey-capturando-temperie/feed/,,sin sustituto,blog de 20minutos cerrado (410): sin sustituto,no,
1732,noticias-1772,C,http://blogs.20minutos.es/eneko/feed/,,sin sustituto,blog de 20minutos cerrado (410): sin sustituto,no,
1733,noticias-1773,C,http://blogs.20minutos.es/enguerra/feed/,,sin sustituto,blog de 20minutos cerrado (410): sin sustituto,no,
1734,noticias-1774,C,http://blogs.20minutos.es/formula-1-alonso/feed/,,sin sustituto,blog de 20minutos cerrado (410): sin sustituto,no,
1735,noticias-1776,C,http://blogs.20minutos.es/jorge-lorenzo/feed/,,sin sustituto,blog de 20minutos cerrado (410): sin sustituto,no,
1738,noticias-1779,C,http://blogs.20minutos.es/masquemedios/feed/,,sin sustituto,blog de 20minutos cerrado (410): sin sustituto,no,
1739,noticias-1780,C,http://blogs.20minutos.es/mati-una-profesora-muy-particular/feed/,,sin sustituto,blog de 20minutos cerrado (410): sin sustituto,no,
1740,noticias-1781,C,http://blogs.20minutos.es/nilibreniocupado/feed/,,sin sustituto,blog de 20minutos cerrado (410): sin sustituto,no,
1741,noticias-1782,C,http://blogs.20minutos.es/premios20blogs/feed/,,sin sustituto,blog de 20minutos cerrado (410): sin sustituto,no,
1742,noticias-1783,C,http://blogs.20minutos.es/quefuede/feed/,,sin sustituto,blog de 20minutos cerrado (410): sin sustituto,no,
1743,noticias-1784,C,http://blogs.20minutos.es/reality-blog-show/feed/,,sin sustituto,blog de 20minutos cerrado (410): sin sustituto,no,
1744,noticias-1785,C,http://blogs.20minutos.es/rosyrunrun/feed/,,sin sustituto,blog de 20minutos cerrado (410): sin sustituto,no,
1745,noticias-1786,C,http://blogs.20minutos.es/runstorming-spanjaard/feed/,,sin sustituto,blog de 20minutos cerrado (410): sin sustituto,no,
1746,noticias-1787,C,http://blogs.20minutos.es/tanta-europa/feed/,,sin sustituto,blog de 20minutos cerrado (410): sin sustituto,no,
1747,noticias-1788,C,http://blogs.20minutos.es/trasdos/feed/,,sin sustituto,blog de 20minutos cerrado (410): sin sustituto,no,
1748,noticias-1790,C,http://blogs.20minutos.es/un-hogar-con-mucho-oficio/feed/,,sin sustituto,blog de 20minutos cerrado (410): sin sustituto,no,
1749,noticias-1789,C,http://blogs.20minutos.es/tu-blog/feed/,,sin sustituto,blog de 20minutos cerrado (410): sin sustituto,no,
1750,noticias-1791,C,http://blogs.20minutos.es/videojuegos/feed/,,sin sustituto,blog de 20minutos cerrado (410): sin sustituto,no,
1751,noticias-1792,C,http://blogs.20minutos.es/yaestaellistoquetodolosabe/feed/,,sin sustituto,blog de 20minutos cerrado (410): sin sustituto,no,
1831,noticias-1876,C,http://www.20minutos.es/rss/vinetas/,,ninguna alternativa probada funciona: 404 con 0 noticias: https://www.20minutos.es/rss/vinetas/; 200 con 1 noticias: https://noticias.carmenprofe.synology.me/scraper_generico.php?url=https%3A%2F%2Fwww.20minutos.es%2Fvinetas%2F,RSS de 20minutos eliminado (404),no,
1868,noticias-1914,C,https://carmenprofe.synology.me/scraper_generico.php?url=https%3A%2F%2Fwww.awin1.com%2Fcread.php%3Fawinmid%3D9357%26awinaffid%3D347757%26ued%3Dhttps%253A%252F%252Fwww.douglas.es%252Fes%252Fc%252Fsale%252Fbest-price%252F0582%253Fq%253D%253AtopRated,,sin sustituto,feed 503: leer la página vía NAS,no,
1902,noticias-2032,C,https://carmenprofe.synology.me/scraper_generico.php?url=https%3A%2F%2Fwww.esdiario.com%2Fandalucia%2F,,sin sustituto,la web no da noticias al NAS (sirve copia vieja): revisar a mano,no,
1904,noticias-2035,C,https://carmenprofe.synology.me/scraper_generico.php?url=https%3A%2F%2Fwww.esdiario.com%2Fcomunidad-valenciana%2Fcastellon%2F,,sin sustituto,la web no da noticias al NAS (sirve copia vieja): revisar a mano,no,
1907,noticias-2037,C,https://carmenprofe.synology.me/scraper_generico.php?url=https%3A%2F%2Fwww.esdiario.com%2Fcastilla-y-leon%2F,,sin sustituto,la web no da noticias al NAS (sirve copia vieja): revisar a mano,no,
1910,noticias-2040,C,https://carmenprofe.synology.me/scraper_generico.php?url=https%3A%2F%2Fwww.esdiario.com%2Fviajes%2F,,sin sustituto,la web no da noticias al NAS (sirve copia vieja): revisar a mano,no,
1915,noticias-2045,C,https://noticias.carmenprofe.synology.me/scraper_generico.php?url=https%3A%2F%2Fwww.esdiario.com%2Ffotos%2F,,sin sustituto,la web no da noticias al NAS (sirve copia vieja): revisar a mano,no,
1916,noticias-2046,C,https://noticias.carmenprofe.synology.me/scraper_generico.php?url=https%3A%2F%2Fwww.esdiario.com%2F25-aniversario%2F,,sin sustituto,la web no da noticias al NAS (sirve copia vieja): revisar a mano,no,
1917,noticias-2047,C,https://noticias.carmenprofe.synology.me/scraper_generico.php?url=https%3A%2F%2Fwww.esdiario.com%2Fquienes-somos.html,,sin sustituto,feed 503: leer la página vía NAS,no,
1925,noticias-1924,C,https://e00-elmundo.uecdn.es/elmundo/rss/barcelona.xml,,ninguna alternativa probada funciona: 200 con 0 noticias: https://noticias.carmenprofe.synology.me/scraper_generico.php?url=https%3A%2F%2Fwww.elmundo.es%2Fbarcelona.html,sección de El Mundo abandonada (última 2013-11-04),no,
1926,noticias-1925,C,https://e00-elmundo.uecdn.es/elmundo/rss/baleares.xml,,ninguna alternativa probada funciona: 200 con 0 noticias: https://noticias.carmenprofe.synology.me/scraper_generico.php?url=https%3A%2F%2Fwww.elmundo.es%2Fbaleares.html,sección de El Mundo abandonada (última 2013-10-23),no,
1927,noticias-1926,C,https://e00-elmundo.uecdn.es/elmundo/rss/castillayleon.xml,,ninguna alternativa probada funciona: 200 con 0 noticias: https://noticias.carmenprofe.synology.me/scraper_generico.php?url=https%3A%2F%2Fwww.elmundo.es%2Fcastillayleon.html,sección de El Mundo abandonada (última 2013-07-19),no,
1928,noticias-1927,C,https://e00-elmundo.uecdn.es/elmundo/rss/castillayleon.xml,,ninguna alternativa probada funciona: 200 con 0 noticias: https://noticias.carmenprofe.synology.me/scraper_generico.php?url=https%3A%2F%2Fwww.elmundo.es%2Fcastillayleon.html,sección de El Mundo abandonada (última 2013-07-19),no,
1929,noticias-1928,C,https://e00-elmundo.uecdn.es/elmundo/rss/valladolid.xml,,ninguna alternativa probada funciona: 200 con 0 noticias: https://noticias.carmenprofe.synology.me/scraper_generico.php?url=https%3A%2F%2Fwww.elmundo.es%2Fvalladolid.html,sección de El Mundo abandonada (última 2012-10-04),no,
1932,noticias-1931,C,https://e00-elmundo.uecdn.es/elmundo/rss/castellon.xml,,ninguna alternativa probada funciona: 200 con 0 noticias: https://noticias.carmenprofe.synology.me/scraper_generico.php?url=https%3A%2F%2Fwww.elmundo.es%2Fcastellon.html,sección de El Mundo abandonada (última 2023-05-09),no,
1942,noticias-1941,C,https://e00-elmundo.uecdn.es/blogs/elmundo/el-gadgetoblog/index.xml,,sin sustituto,blog de El Mundo abandonado (última 2019-01-22): sin sustituto,no,
1943,noticias-1942,C,https://e00-elmundo.uecdn.es/blogs/elmundo/catalejo/index.xml,,sin sustituto,blog de El Mundo abandonado (última 2016-05-09): sin sustituto,no,
1944,noticias-1943,C,https://e00-elmundo.uecdn.es/blogs/elmundo/mundoplayer/index.xml,,sin sustituto,blog de El Mundo abandonado (última 2017-02-23): sin sustituto,no,
1945,noticias-1944,C,https://e00-elmundo.uecdn.es/blogs/elmundo/abogado_navegante/index.xml,,sin sustituto,blog de El Mundo abandonado (última 2010-03-09): sin sustituto,no,
1946,noticias-1945,C,https://e00-elmundo.uecdn.es/blogs/elmundo/aypad/index.xml,,sin sustituto,blog de El Mundo abandonado (última 2010-07-22): sin sustituto,no,
1947,noticias-1946,C,https://e00-elmundo.uecdn.es/elmundo/rss/blogs/palabrasarchivadas.xml,,ninguna alternativa probada funciona: 200 con 0 noticias: https://noticias.carmenprofe.synology.me/scraper_generico.php?url=https%3A%2F%2Fwww.elmundo.es%2Fblogs%2Fpalabrasarchivadas.html,sección de El Mundo abandonada (última 2010-01-29),no,
1948,noticias-1947,C,https://e00-elmundo.uecdn.es/blogs/elmundo/consejoeditorial/index.xml,,sin sustituto,blog de El Mundo abandonado (última 2015-05-07): sin sustituto,no,
1949,noticias-1948,C,https://e00-elmundo.uecdn.es/blogs/elmundo/dragolandia/index.xml,,sin sustituto,blog de El Mundo abandonado (última 2020-03-10): sin sustituto,no,
1950,noticias-1949,C,https://e00-elmundo.uecdn.es/blogs/elmundo/elblogdesantiagogonzalez/index.xml,,sin sustituto,blog de El Mundo abandonado (última 2018-08-05): sin sustituto,no,
1951,noticias-1950,C,https://e00-elmundo.uecdn.es/blogs/elmundo/elmundopordentro/index.xml,,sin sustituto,blog de El Mundo abandonado (última 2020-10-09): sin sustituto,no,
1952,noticias-1951,C,https://e00-elmundo.uecdn.es/blogs/elmundo/lapurezaestaenlamezcla/index.xml,,sin sustituto,blog de El Mundo abandonado (última 2015-05-26): sin sustituto,no,
1953,noticias-1952,C,https://e00-elmundo.uecdn.es/blogs/elmundo/lafotodelasemana/index.xml,,sin sustituto,blog de El Mundo abandonado (última 2015-03-10): sin sustituto,no,
1954,noticias-1953,C,https://e00-elmundo.uecdn.es/blogs/elmundo/blogdepecho/index.xml,,sin sustituto,blog de El Mundo abandonado (última 2015-07-16): sin sustituto,no,
1955,noticias-1954,C,https://e00-elmundo.uecdn.es/blogs/elmundo/elradar/index.xml,,sin sustituto,blog de El Mundo abandonado (última 2010-05-05): sin sustituto,no,
1956,noticias-1955,C,https://e00-elmundo.uecdn.es/blogs/elmundo/rockandblog/index.xml,,sin sustituto,blog de El Mundo abandonado (última 2015-02-20): sin sustituto,no,
1957,noticias-1956,C,https://e00-elmundo.uecdn.es/blogs/elmundo/nodoycredito/index.xml,,sin sustituto,blog de El Mundo abandonado (última 2015-07-13): sin sustituto,no,
1958,noticias-1957,C,https://e00-elmundo.uecdn.es/blogs/elmundo/cocinandopalabras/index.xml,,sin sustituto,blog de El Mundo abandonado (última 2010-06-11): sin sustituto,no,
1959,noticias-1958,C,https://e00-elmundo.uecdn.es/blogs/elmundo/elvientosopladondequiere/index.xml,,sin sustituto,blog de El Mundo abandonado (última 2014-09-21): sin sustituto,no,
1960,noticias-1959,C,https://e00-elmundo.uecdn.es/blogs/elmundo/escorpion/index.xml,,sin sustituto,blog de El Mundo abandonado (última 2015-09-30): sin sustituto,no,
1961,noticias-1960,C,https://e00-elmundo.uecdn.es/blogs/elmundo/desde_el_mas_alla/index.xml,,sin sustituto,blog de El Mundo abandonado (última 2012-06-18): sin sustituto,no,
1962,noticias-1961,C,https://e00-elmundo.uecdn.es/blogs/elmundo/lacuadrilla/index.xml,,sin sustituto,blog de El Mundo abandonado (última 2017-07-14): sin sustituto,no,
1963,noticias-1962,C,https://e00-elmundo.uecdn.es/blogs/elmundo/lahoradelaverdad/index.xml,,sin sustituto,blog de El Mundo abandonado (última 2015-08-20): sin sustituto,no,
1964,noticias-1963,C,https://e00-elmundo.uecdn.es/blogs/elmundo/lavueltalamundo/index.xml,,ninguna alternativa probada funciona: 200 con 0 noticias: https://noticias.carmenprofe.synology.me/scraper_generico.php?url=https%3A%2F%2Fe00-elmundo.uecdn.es%2Fblogs%2Felmundo%2Flavueltalamundo%2F,feed 404: leer la página vía NAS,no,
1965,noticias-1964,C,https://e00-elmundo.uecdn.es/blogs/elmundo/teletridente/index.xml,,sin sustituto,blog de El Mundo abandonado (última 2015-10-02): sin sustituto,no,
1966,noticias-1965,C,https://e00-elmundo.uecdn.es/blogs/elmundo/asesinoenserie/index.xml,,sin sustituto,blog de El Mundo abandonado (última 2020-10-09): sin sustituto,no,
1967,noticias-1966,C,https://e00-elmundo.uecdn.es/blogs/elmundo/corazondemelon/index.xml,,sin sustituto,blog de El Mundo abandonado (última 2017-10-04): sin sustituto,no,
1968,noticias-1967,C,https://e00-elmundo.uecdn.es/blogs/elmundo/sinnoticiasdedior/index.xml,,sin sustituto,blog de El Mundo abandonado (última 2020-01-16): sin sustituto,no,
1969,noticias-1968,C,https://e00-elmundo.uecdn.es/blogs/elmundo/camaredonda/index.xml,,sin sustituto,blog de El Mundo abandonado (última 2011-07-15): sin sustituto,no,
1970,noticias-1969,C,https://e00-elmundo.uecdn.es/blogs/elmundo/clima/index.xml,,sin sustituto,blog de El Mundo abandonado (última 2016-11-14): sin sustituto,no,
1971,noticias-1970,C,https://e00-elmundo.uecdn.es/blogs/elmundo/cosmos/index.xml,,sin sustituto,blog de El Mundo abandonado (última 2014-11-13): sin sustituto,no,
1972,noticias-1971,C,https://e00-elmundo.uecdn.es/blogs/elmundo/sapiens/index.xml,,sin sustituto,blog de El Mundo abandonado (última 2015-02-13): sin sustituto,no,
1973,noticias-1972,C,https://e00-elmundo.uecdn.es/blogs/elmundo/verde/index.xml,,sin sustituto,blog de El Mundo abandonado (última 2010-05-04): sin sustituto,no,
1974,noticias-1973,C,https://e00-elmundo.uecdn.es/blogs/elmundo/tierra/index.xml,,sin sustituto,blog de El Mundo abandonado (última 2017-10-10): sin sustituto,no,
1975,noticias-1974,C,https://e00-elmundo.uecdn.es/blogs/elmundo/ciudadanom/index.xml,,sin sustituto,blog de El Mundo abandonado (última 2014-11-12): sin sustituto,no,
1976,noticias-1975,C,https://e00-elmundo.uecdn.es/blogs/elmundo/madridbajosfondos/index.xml,,sin sustituto,blog de El Mundo abandonado (última 2010-10-12): sin sustituto,no,
1977,noticias-1976,C,https://e00-elmundo.uecdn.es/blogs/elmundo/atodanoche/index.xml,,sin sustituto,blog de El Mundo abandonado (última 2010-09-28): sin sustituto,no,
1978,noticias-1977,C,https://e00-elmundo.uecdn.es/blogs/elmundo/ciudadanobarcelona/index.xml,,sin sustituto,blog de El Mundo abandonado (última 2012-05-05): sin sustituto,no,
1979,noticias-1978,C,https://e00-elmundo.uecdn.es/blogs/elmundo/ciudadanobaleares/index.xml,,sin sustituto,blog de El Mundo abandonado (última 2013-01-12): sin sustituto,no,
1980,noticias-1979,C,https://e00-elmundo.uecdn.es/blogs/elmundo/archipielago_gulasch/index.xml,,sin sustituto,blog de El Mundo abandonado (última 2015-12-18): sin sustituto,no,
1981,noticias-1980,C,https://e00-elmundo.uecdn.es/blogs/elmundo/ciudadanovalencia/index.xml,,sin sustituto,blog de El Mundo abandonado (última 2013-06-27): sin sustituto,no,
1982,noticias-1981,C,https://e00-elmundo.uecdn.es/blogs/elmundo/ciudadanocastillayleon/index.xml,,sin sustituto,blog de El Mundo abandonado (última 2013-04-09): sin sustituto,no,
1983,noticias-1982,C,https://e00-elmundo.uecdn.es/blogs/elmundo/cronicasdesdeeuropa/index.xml,,sin sustituto,blog de El Mundo abandonado (última 2011-09-18): sin sustituto,no,
1984,noticias-1983,C,https://e00-elmundo.uecdn.es/blogs/elmundo/cronicasdesdeeeuu/index.xml,,sin sustituto,blog de El Mundo abandonado (última 2011-09-19): sin sustituto,no,
1985,noticias-1984,C,https://e00-elmundo.uecdn.es/elmundo/rss/blogs/lapurezaestaenlamezcla.xml,,ninguna alternativa probada funciona: 200 con 0 noticias: https://noticias.carmenprofe.synology.me/scraper_generico.php?url=https%3A%2F%2Fwww.elmundo.es%2Fblogs%2Flapurezaestaenlamezcla.html,sección de El Mundo abandonada (última 2010-09-16),no,
1986,noticias-1985,C,https://e00-elmundo.uecdn.es/blogs/elmundo/orienteproximo/index.xml,,sin sustituto,blog de El Mundo abandonado (última 2011-09-16): sin sustituto,no,
1987,noticias-1986,C,https://e00-elmundo.uecdn.es/blogs/elmundo/cronicasdesdeasia/index.xml,,sin sustituto,blog de El Mundo abandonado (última 2011-08-30): sin sustituto,no,
1988,noticias-1987,C,https://e00-elmundo.uecdn.es/blogs/elmundo/cronicasdesdelatinoamerica/index.xml,,sin sustituto,blog de El Mundo abandonado (última 2010-06-03): sin sustituto,no,
1989,noticias-1988,C,https://e00-elmundo.uecdn.es/blogs/elmundo/chinavirtual/index.xml,,sin sustituto,blog de El Mundo abandonado (última 2010-03-16): sin sustituto,no,
1990,noticias-1989,C,https://e00-elmundo.uecdn.es/blogs/elmundo/habaname/index.xml,,sin sustituto,blog de El Mundo abandonado (última 2015-09-21): sin sustituto,no,
1991,noticias-1990,C,https://e00-elmundo.uecdn.es/blogs/elmundo/hemisferioxx/index.xml,,sin sustituto,blog de El Mundo abandonado (última 2010-10-30): sin sustituto,no,
1996,noticias-1995,C,https://e00-elmundo.uecdn.es/elmundodeporte/rss/golf.xml,,ninguna alternativa probada funciona: 200 con 0 noticias: https://noticias.carmenprofe.synology.me/scraper_generico.php?url=https%3A%2F%2Fe00-elmundo.uecdn.es%2Felmundodeporte%2F,feed abandonado (última 2010-01-11): leer la página vía NAS,no,
2002,noticias-2048,C,https://carmenprofe.synology.me/scraper_generico.php?url=https%3A%2F%2Floquesomos.es%2Fasi-lo-dice-acacio%2F,,sin sustituto,la web no da noticias al NAS (sirve copia vieja): revisar a mano,no,
2003,noticias-2049,C,https://carmenprofe.synology.me/scraper_generico.php?url=https%3A%2F%2Floquesomos.es%2Fcategory%2Fculturarte%2F,,sin sustituto,la web no da noticias al NAS (sirve copia vieja): revisar a mano,no,
2004,noticias-2056,C,https://carmenprofe.synology.me/scraper_generico.php?url=https%3A%2F%2Floquesomos.es%2Fcategory%2Fla-calle%2Fs-otros-13%2F,,sin sustituto,la web no da noticias al NAS (sirve copia vieja): revisar a mano,no,
2007,noticias-2052,C,https://carmenprofe.synology.me/scraper_generico.php?url=https%3A%2F%2Floquesomos.es%2Fcategory%2Fla-calle%2F,,sin sustituto,la web no da noticias al NAS (sirve copia vieja): revisar a mano,no,
2008,noticias-2053,C,https://carmenprofe.synology.me/scraper_generico.php?url=https%3A%2F%2Floquesomos.es%2Fcategory%2Fla-calle%2Fa-transicion-sangre-13%2F,,sin sustituto,la web no da noticias al NAS (sirve copia vieja): revisar a mano,no,
2009,noticias-2054,C,https://carmenprofe.synology.me/scraper_generico.php?url=https%3A%2F%2Floquesomos.es%2Fcategory%2Fla-calle%2Fs-diana-13%2F,,sin sustituto,la web no da noticias al NAS (sirve copia vieja): revisar a mano,no,
2010,noticias-2055,C,https://carmenprofe.synology.me/scraper_generico.php?url=https%3A%2F%2Floquesomos.es%2Fcategory%2Fla-calle%2Fs-nosotras-13%2F,,sin sustituto,la web no da noticias al NAS (sirve copia vieja): revisar a mano,no,
2012,noticias-2058,C,https://carmenprofe.synology.me/scraper_generico.php?url=https%3A%2F%2Floquesomos.es%2Fcategory%2Fmaneras-de-vivir%2Fs-ciber-13%2F,,sin sustituto,la web no da noticias al NAS (sirve copia vieja): revisar a mano,no,
2013,noticias-2059,C,https://carmenprofe.synology.me/scraper_generico.php?url=https%3A%2F%2Floquesomos.es%2Fcategory%2Fmaneras-de-vivir%2Fs-sapiens-13%2F,,sin sustituto,la web no da noticias al NAS (sirve copia vieja): revisar a mano,no,
2014,noticias-2060,C,https://carmenprofe.synology.me/scraper_generico.php?url=https%3A%2F%2Floquesomos.es%2Fcategory%2Fmaneras-de-vivir%2Fs-tierra-13%2F,,sin sustituto,la web no da noticias al NAS (sirve copia vieja): revisar a mano,no,
2016,noticias-2062,C,https://carmenprofe.synology.me/scraper_generico.php?url=https%3A%2F%2Floquesomos.es%2Fcategory%2Fmundo%2Fs-africa-13%2F,,sin sustituto,la web no da noticias al NAS (sirve copia vieja): revisar a mano,no,
2017,noticias-2063,C,https://carmenprofe.synology.me/scraper_generico.php?url=https%3A%2F%2Floquesomos.es%2Fcategory%2Fmundo%2Fs-asia-13%2F,,sin sustituto,la web no da noticias al NAS (sirve copia vieja): revisar a mano,no,
2018,noticias-2064,C,https://carmenprofe.synology.me/scraper_generico.php?url=https%3A%2F%2Floquesomos.es%2Fcategory%2Fmundo%2Fs-brasil-13%2F,,sin sustituto,la web no da noticias al NAS (sirve copia vieja): revisar a mano,no,
2019,noticias-2065,C,https://carmenprofe.synology.me/scraper_generico.php?url=https%3A%2F%2Floquesomos.es%2Fcategory%2Fmundo%2Fs-china-13%2F,,sin sustituto,la web no da noticias al NAS (sirve copia vieja): revisar a mano,no,
2020,noticias-2066,C,https://carmenprofe.synology.me/scraper_generico.php?url=https%3A%2F%2Floquesomos.es%2Fcategory%2Fmundo%2Fs-eeuu-13%2F,,sin sustituto,la web no da noticias al NAS (sirve copia vieja): revisar a mano,no,
2021,noticias-2067,C,https://carmenprofe.synology.me/scraper_generico.php?url=https%3A%2F%2Floquesomos.es%2Fcategory%2Fmundo%2Fs-eh-13%2F,,sin sustituto,la web no da noticias al NAS (sirve copia vieja): revisar a mano,no,
2022,noticias-2068,C,https://carmenprofe.synology.me/scraper_generico.php?url=https%3A%2F%2Floquesomos.es%2Fcategory%2Fmundo%2Fs-europa-13%2F,,sin sustituto,la web no da noticias al NAS (sirve copia vieja): revisar a mano,no,
2026,noticias-2072,C,https://carmenprofe.synology.me/scraper_generico.php?url=https%3A%2F%2Floquesomos.es%2Fcategory%2Fmundo%2Fs-iberia-13%2Fs-madrid-13%2F,,sin sustituto,la web no da noticias al NAS (sirve copia vieja): revisar a mano,no,
2027,noticias-2073,C,https://carmenprofe.synology.me/scraper_generico.php?url=https%3A%2F%2Floquesomos.es%2Fcategory%2Fmundo%2Fs-iberia-13%2Fs-pv-13%2F,,sin sustituto,la web no da noticias al NAS (sirve copia vieja): revisar a mano,no,
2028,noticias-2074,C,https://carmenprofe.synology.me/scraper_generico.php?url=https%3A%2F%2Floquesomos.es%2Fcategory%2Fmundo%2Fs-palestina-13%2F,,sin sustituto,la web no da noticias al NAS (sirve copia vieja): revisar a mano,no,
2029,noticias-2075,C,https://carmenprofe.synology.me/scraper_generico.php?url=https%3A%2F%2Floquesomos.es%2Fcategory%2Fmundo%2Fs-rep-isalmica-iran-13%2F,,sin sustituto,la web no da noticias al NAS (sirve copia vieja): revisar a mano,no,
2030,noticias-2076,C,https://carmenprofe.synology.me/scraper_generico.php?url=https%3A%2F%2Floquesomos.es%2Fcategory%2Fmundo%2Fs-uruguay-13%2F,,sin sustituto,la web no da noticias al NAS (sirve copia vieja): revisar a mano,no,
2031,noticias-2077,C,https://carmenprofe.synology.me/scraper_generico.php?url=https%3A%2F%2Floquesomos.es%2Fcategory%2Fmundo%2Fs-venezuela-13%2F,,sin sustituto,la web no da noticias al NAS (sirve copia vieja): revisar a mano,no,
2032,noticias-2078,C,https://carmenprofe.synology.me/scraper_generico.php?url=https%3A%2F%2Floquesomos.es%2Fcategory%2Frepublica-literaria%2F,,sin sustituto,la web no da noticias al NAS (sirve copia vieja): revisar a mano,no,
2033,noticias-2079,C,https://carmenprofe.synology.me/scraper_generico.php?url=https%3A%2F%2Floquesomos.es%2Fcategory%2Frepublica-literaria%2Fs-ensayo-13%2F,,sin sustituto,la web no da noticias al NAS (sirve copia vieja): revisar a mano,no,
2034,noticias-2080,C,https://carmenprofe.synology.me/scraper_generico.php?url=https%3A%2F%2Floquesomos.es%2Fcategory%2Frepublica-literaria%2Fs-narravela-13%2F,,sin sustituto,la web no da noticias al NAS (sirve copia vieja): revisar a mano,no,
2035,noticias-2081,C,https://carmenprofe.synology.me/scraper_generico.php?url=https%3A%2F%2Floquesomos.es%2Fcategory%2Fs-autor-13%2Fs-amorin-13%2F,,sin sustituto,la web no da noticias al NAS (sirve copia vieja): revisar a mano,no,
2036,noticias-2082,C,https://carmenprofe.synology.me/scraper_generico.php?url=https%3A%2F%2Floquesomos.es%2Fcategory%2Fs-autor-13%2Fs-autoras-13%2F,,sin sustituto,la web no da noticias al NAS (sirve copia vieja): revisar a mano,no,
2037,noticias-2083,C,https://carmenprofe.synology.me/scraper_generico.php?url=https%3A%2F%2Floquesomos.es%2Fcategory%2Fs-autor-13%2Fs-ceciliar-13%2F,,sin sustituto,la web no da noticias al NAS (sirve copia vieja): revisar a mano,no,
2038,noticias-2084,C,https://carmenprofe.synology.me/scraper_generico.php?url=https%3A%2F%2Floquesomos.es%2Fcategory%2Fs-autor-13%2Fs-inaki-13%2F,,sin sustituto,la web no da noticias al NAS (sirve copia vieja): revisar a mano,no,
2039,noticias-2085,C,https://carmenprofe.synology.me/scraper_generico.php?url=https%3A%2F%2Floquesomos.es%2Fcategory%2Fs-autor-13%2Fs-lqs-noticias-13%2F,,sin sustituto,la web no da noticias al NAS (sirve copia vieja): revisar a mano,no,
2040,noticias-2086,C,https://carmenprofe.synology.me/scraper_generico.php?url=https%3A%2F%2Floquesomos.es%2Fcategory%2Fs-autor-13%2Fs-luzm-13%2F,,sin sustituto,la web no da noticias al NAS (sirve copia vieja): revisar a mano,no,
2041,noticias-2087,C,https://carmenprofe.synology.me/scraper_generico.php?url=https%3A%2F%2Floquesomos.es%2Fcategory%2Fs-autor-13%2Fs-mikelu-13%2F,,sin sustituto,la web no da noticias al NAS (sirve copia vieja): revisar a mano,no,
2042,noticias-2088,C,https://carmenprofe.synology.me/scraper_generico.php?url=https%3A%2F%2Floquesomos.es%2Fcategory%2Fs-autor-13%2Fs-pedrob-13%2F,,sin sustituto,la web no da noticias al NAS (sirve copia vieja): revisar a mano,no,
2043,noticias-2089,C,https://carmenprofe.synology.me/scraper_generico.php?url=https%3A%2F%2Floquesomos.es%2Fcategory%2Fs-autor-13%2Fs-reda-13%2F,,sin sustituto,la web no da noticias al NAS (sirve copia vieja): revisar a mano,no,
2044,noticias-2090,C,https://carmenprofe.synology.me/scraper_generico.php?url=https%3A%2F%2Floquesomos.es%2Fcategory%2Fs-autor-13%2Fs-rosama-13%2F,,sin sustituto,la web no da noticias al NAS (sirve copia vieja): revisar a mano,no,
2045,noticias-2091,C,https://carmenprofe.synology.me/scraper_generico.php?url=https%3A%2F%2Floquesomos.es%2Fcategory%2Fs-autor-13%2Fs-sergiof-13%2F,,sin sustituto,la web no da noticias al NAS (sirve copia vieja): revisar a mano,no,
2046,noticias-2092,C,https://carmenprofe.synology.me/scraper_generico.php?url=https%3A%2F%2Floquesomos.es%2Fcategory%2Fs-autor-13%2Fs-turon-13%2F,,sin sustituto,la web no da noticias al NAS (sirve copia vieja): revisar a mano,no,
2047,noticias-2093,C,https://carmenprofe.synology.me/scraper_generico.php?url=https%3A%2F%2Floquesomos.es%2Fcategory%2Fs-autor-13%2Fs-txemag-13%2F,,sin sustituto,la web no da noticias al NAS (sirve copia vieja): revisar a mano,no,
2048,noticias-2094,C,https://carmenprofe.synology.me/scraper_generico.php?url=https%3A%2F%2Floquesomos.es%2Fcategory%2Fs-autor-13%2Fs-victoria-saez-13%2F,,sin sustituto,la web no da noticias al NAS (sirve copia vieja): revisar a mano,no,
2049,noticias-2095,C,https://carmenprofe.synology.me/scraper_generico.php?url=https%3A%2F%2Floquesomos.es%2Fcategory%2Fs-autor-13%2Fs-vivent-m-13%2F,,sin sustituto,la web no da noticias al NAS (sirve copia vieja): revisar a mano,no,
2050,noticias-2096,C,https://carmenprofe.synology.me/scraper_generico.php?url=https%3A%2F%2Floquesomos.es%2Fcategory%2Fs-comunicacion-13%2F,,sin sustituto,la web no da noticias al NAS (sirve copia vieja): revisar a mano,no,
2051,noticias-2097,C,https://carmenprofe.synology.me/scraper_generico.php?url=https%3A%2F%2Floquesomos.es%2Fcategory%2Fs-economia-13%2F,,sin sustituto,la web no da noticias al NAS (sirve copia vieja): revisar a mano,no,
2053,noticias-2099,C,https://carmenprofe.synology.me/scraper_generico.php?url=https%3A%2F%2Floquesomos.es%2Fcategory%2Fs-lo-q-13%2F,,sin sustituto,la web no da noticias al NAS (sirve copia vieja): revisar a mano,no,
2055,noticias-2101,C,https://carmenprofe.synology.me/scraper_generico.php?url=https%3A%2F%2Floquesomos.es%2Fconvocatorias%2F,,sin sustituto,la web no da noticias al NAS (sirve copia vieja): revisar a mano,no,
2056,noticias-2102,C,https://carmenprofe.synology.me/scraper_generico.php?url=https%3A%2F%2Floquesomos.es%2Floquesomos-en-red%2F,,sin sustituto,la web no da noticias al NAS (sirve copia vieja): revisar a mano,no,
2171,noticias-2217,C,https://consumo.gob.es/es/rss-publicaciones.xml,,ninguna alternativa probada funciona: 200 con 0 noticias: https://noticias.carmenprofe.synology.me/scraper_generico.php?url=https%3A%2F%2Fconsumo.gob.es%2Fes%2Frss-publicaciones.xml,feed abandonado (última 2026-07-27): leer la página vía NAS,no,
2172,noticias-2218,C,https://noticias.carmenprofe.synology.me/scraper_generico.php?url=https%3A%2F%2Fwww.ordenacionjuego.es%2Fnovedades,,sin sustituto,feed 503: leer la página vía NAS,no,
2179,noticias-2225,C,https://noticias.carmenprofe.synology.me/scraper_generico.php?url=https%3A%2F%2Fsevillafc.es%2Factualidad%2Fnoticias,,sin sustituto,feed 503: leer la página vía NAS,no,
2182,noticias-2228,C,https://noticias.carmenprofe.synology.me/scraper_generico.php?url=https%3A%2F%2Fwww.emtmadrid.es%2FNoticias%3Flang%3Des-ES,,sin sustituto,la web no da noticias al NAS (sirve copia vieja): revisar a mano,no,
2185,noticias-2231,C,https://noticias.carmenprofe.synology.me/scraper_generico.php?url=https%3A%2F%2Fgrupo.renfe.com%2Fcontent%2Fgrupo-renfe%2Fes%2Fes%2Fsala-de-prensa,,sin sustituto,feed 503: leer la página vía NAS,no,
2197,noticias-2243,C,https://carmenprofe.synology.me/scraper_generico.php?url=https%3A%2F%2Fwww.awin1.com%2Fcread.php%3Fawinmid%3D13075%26awinaffid%3D1187492%26ued%3Dhttps%253A%252F%252Fwww.elcorteingles.es%252Ffinal-de-verano%252Fdeportes%252F,,sin sustituto,feed 503: leer la página vía NAS,no,
2207,noticias-2275,C,https://carmenprofe.synology.me/scraper_generico.php?url=https%3A%2F%2Fchapuzasgallegas.lavozdegalicia.es%2F,,sin sustituto,feed 503: leer la página vía NAS,no,
2208,noticias-2276,C,https://carmenprofe.synology.me/scraper_generico.php?url=https%3A%2F%2Fedicionimpresa.lavozdegalicia.es%2F,,sin sustituto,feed 503: leer la página vía NAS,no,
2211,noticias-2331,C,https://noticias.carmenprofe.synology.me/scraper_generico.php?url=https%3A%2F%2Floquesomos.es%2Fcategory%2Fla-calle%2F,,sin sustituto,la web no da noticias al NAS (sirve copia vieja): revisar a mano,no,
2255,noticias-2330,C,https://noticias.carmenprofe.synology.me/scraper_generico.php?url=https%3A%2F%2Fwww.newtral.es%2Fgasolineras-mas-baratas%2F20220427%2F,,sin sustituto,feed 503: leer la página vía NAS,no,
2258,noticias-2333,C,https://noticias.carmenprofe.synology.me/scraper_generico.php?url=https%3A%2F%2Floquesomos.es%2Fcategory%2Fculturarte%2F,,sin sustituto,la web no da noticias al NAS (sirve copia vieja): revisar a mano,no,
2259,noticias-2334,C,https://noticias.carmenprofe.synology.me/scraper_generico.php?url=https%3A%2F%2Floquesomos.es%2Fcategory%2Frepublica-literaria%2F,,sin sustituto,la web no da noticias al NAS (sirve copia vieja): revisar a mano,no,
2260,noticias-2332,C,https://noticias.carmenprofe.synology.me/scraper_generico.php?url=https%3A%2F%2Floquesomos.es%2Fcategory%2Fmundo%2F,,sin sustituto,la web no da noticias al NAS (sirve copia vieja): revisar a mano,no,
2345,noticias-2441,C,https://danielleguiziony.com/blogs/press.atom,,ninguna alternativa probada funciona: 200 con 0 noticias: https://noticias.carmenprofe.synology.me/scraper_generico.php?url=https%3A%2F%2Fdanielleguiziony.com%2Fblogs%2Fpress.atom,feed abandonado (última 2026-04-29): leer la página vía NAS,no,
