widget,fila_FEEDS,feed,estado,causa,en_post_publicado,blog,url_post,num_posts
noticias-63,58,https://noticias.carmenprofe.synology.me/scraper_generico.php?url=https%3A%2F%2Fclasificados.lavanguardia.com%2Flinneo-frontalweb%2F,"no existe,sin cambios | feed HTTP 503",feed 503: leer la página vía NAS,sí,PERIÓDICOS ALIAZON,https://periodicosaliazon.blogspot.com/2026/07/clasificados-la-vanguardia_02096189302.html,1
noticias-209,193,https://www.elconfidencial.com/rss/,"no existe,sin cambios | feed HTTP 200",la URL no es un RSS (devuelve una página web),sí,PERIÓDICOS ALIAZON,https://periodicosaliazon.blogspot.com/2026/07/portada-el-confidencial_01482304645.html | https://periodicosaliazon.blogspot.com/2026/07/portada-el-confidencial.html,2
noticias-257,204,https://www.abc.es/rss/2.0/enfoque/,"no existe,sin cambios | feed HTTP 200",el RSS responde sin noticias,sí,PERIÓDICOS ALIAZON,https://periodicosaliazon.blogspot.com/2026/07/enfoque-abc.html,1
noticias-250,506,https://www.eldebate.com/rss/,"no existe,sin cambios | feed HTTP 403",bloquea a GitHub (403),sí,PERIÓDICOS ALIAZON,https://periodicosaliazon.blogspot.com/2025/06/el-debate.html,1
noticias-676,689,http://www.20minutos.es/rss/region-de-murcia/,"no existe,sin cambios | feed HTTP 404",RSS de 20minutos eliminado (404),sí,NOTICIAS AUTONÓMICAS ESPAÑA,https://noticiasautonomicas.blogspot.com/2026/07/murcia-20-minutos.html,1
noticias-1002,1030,https://www.publico.es/rss/,"no existe,sin cambios | feed HTTP 404",feed 404: leer la página vía NAS,sí,PERIÓDICOS ALIAZON,https://periodicosaliazon.blogspot.com/2026/07/portada-publicoes.html | https://periodicosaliazon.blogspot.com/2026/07/publicoes.html,2
noticias-2419,2323,https://www.diariocritico.com/rss/seccion/17/,"no existe,sin cambios | feed HTTP 200, 20 noticias, última 2026-09-09",feed con poca actividad (última 2026-09-09),sí,PERIÓDICOS ALIAZON,https://periodicosaliazon.blogspot.com/2026/05/videojuegos-diario-critico.html,1
noticias-2420,2324,https://www.diariocritico.com/rss/seccion/40/,"no existe,sin cambios | feed HTTP 200, 20 noticias, última 2026-10-03",el feed funciona pero el proceso de feeds no ha creado el archivo (mirar su registro),sí,PERIÓDICOS ALIAZON,https://periodicosaliazon.blogspot.com/2026/05/cargando-ultimas-noticias_01439270691.html,1
noticias-2421,2325,https://www.diariocritico.com/rss/seccion/106/,"no existe,sin cambios | feed HTTP 200, 20 noticias, última 2026-09-16",feed con poca actividad (última 2026-09-16),sí,PERIÓDICOS ALIAZON,https://periodicosaliazon.blogspot.com/2026/05/arte-y-cultura-diario-critico.html,1
elpais_portada,2,https://feeds.elpais.com/mrss-s/pages/ep/site/elpais.com/portada,"no existe,sin cambios | feed HTTP 200, 140 noticias, última 2026-10-04",el feed funciona pero el proceso de feeds no ha creado el archivo (mirar su registro),no,,,0
abc_portada,3,https://www.abc.es/rss/2.0/portada/,"no existe,sin cambios | feed HTTP 200, 25 noticias, última 2026-10-04",el feed funciona pero el proceso de feeds no ha creado el archivo (mirar su registro),no,,,0
el_mundo_portada,4,https://e00-elmundo.uecdn.es/elmundo/rss/portada.xml,"no existe,sin cambios | feed HTTP 200, 25 noticias, última 2026-10-04",el feed funciona pero el proceso de feeds no ha creado el archivo (mirar su registro),no,,,0
noticias-119,110,https://www.lavanguardia.com/rss,"no existe,sin cambios | feed HTTP 200",la URL no es un RSS (devuelve una página web),no,,,0
noticias-120,111,https://www.lavanguardia.com/rss#,"no existe,sin cambios | feed HTTP 200",la URL no es un RSS (devuelve una página web),no,,,0
noticias-187,171,https://www.lavozdegalicia.es/sanitago/index.xml,"no existe,sin cambios | feed HTTP 404",feed 404: leer la página vía NAS,no,,,0
noticias-194,178,https://www.lavozdegalicia.es/futbolgalego/index.xml,"no existe,sin cambios | feed HTTP 404",feed 404: leer la página vía NAS,no,,,0
noticias-197,181,https://www.lavozdegalicia.es/sabebien/index.xml,"no existe,sin cambios | feed HTTP 404",feed 404: leer la página vía NAS,no,,,0
noticias-202,186,https://www.europasur.es/algeciras/rss,"no existe,sin cambios | feed HTTP 404",feed 404: leer la página vía NAS,no,,,0
noticias-205,189,https://cnnespanol.cnn.com/feed/,"no existe,sin cambios | feed HTTP 404",feed 404: leer la página vía NAS,no,,,0
noticias-206,190,https://www.efe.com/espana/feed/,"no existe,sin cambios | feed HTTP 403",bloquea a GitHub (403),no,,,0
noticias-213,197,https://cincodias.elpais.com/seccion/rss/economia/,"no existe,sin cambios | feed HTTP 404",feed 404: leer la página vía NAS,no,,,0
noticias-276,223,https://www.abc.es/rss/2.0/https://www.abc.es/noticias/la-tercera-de-abc/,"no existe,sin cambios | feed HTTP 200",errata: URL de ABC duplicada,no,,,0
noticias-277,224,https://www.abc.es/rss/2.0/https://www.abc.es/opinion/fe-de-ratas/,"no existe,sin cambios | feed HTTP 200",errata: URL de ABC duplicada,no,,,0
noticias-278,225,https://www.abc.es/rss/2.0/https://www.abc.es/autor/cartas-al-director-7188/,"no existe,sin cambios | feed HTTP 200",errata: URL de ABC duplicada,no,,,0
noticias-280,227,https://www.abc.es/rss/2.0/https://www.abc.es/espana/madrid/agenda/,"no existe,sin cambios | feed HTTP 200",errata: URL de ABC duplicada,no,,,0
noticias-283,230,https://www.abc.es/rss/2.0/https://www.abc.es/economia/cuentas-corrientes/,"no existe,sin cambios | feed HTTP 200",errata: URL de ABC duplicada,no,,,0
noticias-286,233,https://www.abc.es/rss/2.0/https://finanzas.abc.es/,"no existe,sin cambios | feed HTTP 200",errata: URL de ABC duplicada,no,,,0
noticias-287,234,https://www.abc.es/rss/2.0/https://finanzas.abc.es/prestamos-personales/,"no existe,sin cambios | feed HTTP 200",errata: URL de ABC duplicada,no,,,0
noticias-299,246,https://www.abc.es/rss/2.0/https://www.abc.es/deportes/futbol/mundial/,"no existe,sin cambios | feed HTTP 200",errata: URL de ABC duplicada,no,,,0
noticias-365,255,https://rss.blogs.elconfidencial.com/espana/al-grano/,"no existe,sin cambios | feed HTTP 200",el RSS responde sin noticias,no,,,0
noticias-366,256,https://rss.blogs.elconfidencial.com/espana/notebook/,"no existe,sin cambios | feed HTTP 200",el RSS responde sin noticias,no,,,0
noticias-367,257,https://rss.blogs.elconfidencial.com/espana/mientras-tanto/,"no existe,sin cambios | feed HTTP 200",el RSS responde sin noticias,no,,,0
noticias-380,270,https://rss.elconfidencial.com/tags/temas/hardware-9341/,"no existe,sin cambios | feed HTTP 404",feed 404: leer la página vía NAS,no,,,0
noticias-383,273,https://rss.elconfidencial.com/tags/temas/redes-sociales-9344/,"no existe,sin cambios | feed HTTP 404",feed 404: leer la página vía NAS,no,,,0
noticias-396,288,https://rss.elconfidencial.com/tags/temas/educacion-9332/,"no existe,sin cambios | feed HTTP 404",feed 404: leer la página vía NAS,no,,,0
noticias-397,289,https://rss.elconfidencial.com/tags/temas/psicologia-9333/,"no existe,sin cambios | feed HTTP 404",feed 404: leer la página vía NAS,no,,,0
noticias-411,303,https://rss.alimente.elconfidencial.com/,"no existe,sin cambios | feed HTTP 200",el RSS responde sin noticias,no,,,0
noticias-572,452,https://www.elconfidencialdigital.com/rss/author/victor-hernandez-saavedra/,"no existe,sin cambios | feed HTTP 403",bloquea a GitHub (403): leer la página de la sección vía NAS,no,,,0
noticias-573,453,https://elordenmundial.com/tag/rss/,"no existe,sin cambios | feed HTTP 200",la URL no es un RSS (devuelve una página web),no,,,0
noticias-216,472,https://www.vozpopuli.com/rss/,"no existe,sin cambios | feed HTTP 404",feed 404: leer la página vía NAS,no,,,0
noticias-217,473,https://www.8directo.com/feed/,"no existe,sin cambios | feed HTTP 403",la URL no es un RSS (devuelve una página web),no,,,0
noticias-219,475,https://www.larazon.es/rss/portada.xml,"no existe,sin cambios | feed HTTP 503",bloquea a GitHub (503): leer la página vía NAS,no,,,0
noticias-221,477,https://www.xataka.com/feed,"no existe,sin cambios | feed HTTP 404",feed 404: leer la página vía NAS,no,,,0
noticias-222,478,https://www.rtve.es/noticias/rss/mundo.xml,"no existe,sin cambios | feed HTTP 404",feed 404: leer la página vía NAS,no,,,0
noticias-224,480,https://www.nationalgeographic.com.es/rss/,"no existe,sin cambios | feed HTTP 404",feed 404: leer la página vía NAS,no,,,0
noticias-230,486,https://www.larazon.es/rss/portada.xml,"no existe,sin cambios | feed HTTP 503",bloquea a GitHub (503): leer la página vía NAS,no,,,0
noticias-234,490,https://www.publico.es/rss/,"no existe,sin cambios | feed HTTP 404",feed 404: leer la página vía NAS,no,,,0
noticias-238,494,https://www.elperiodico.com/es/rss/rss_portada.xml,"no existe,sin cambios | feed HTTP 200",el RSS responde sin noticias,no,,,0
noticias-239,495,https://www.epe.es/rss/,"no existe,sin cambios | feed HTTP 404",feed 404: leer la página vía NAS,no,,,0
noticias-240,496,https://www.libertaddigital.com/rss/,"no existe,sin cambios | feed HTTP 200",la URL no es un RSS (devuelve una página web),no,,,0
noticias-242,498,https://www.vozpopuli.com/feed/,"no existe,sin cambios | feed HTTP 404",feed 404: leer la página vía NAS,no,,,0
noticias-245,501,https://diario16.com/feed/,"no existe,sin cambios | feed HTTP ERR ENOTFOUND",feed ERR ENOTFOUND: leer la página vía NAS,no,,,0
noticias-246,502,https://www.esdiario.com/rss/titulares.xml,"no existe,sin cambios | feed HTTP 404",feed 404: leer la página vía NAS,no,,,0
noticias-248,504,https://mediterraneodigital.com/feed,"no existe,sin cambios | feed HTTP 404",feed 404: leer la página vía NAS,no,,,0
noticias-249,505,https://www.hispanidad.com/rss.xml,"no existe,sin cambios | feed HTTP 404",feed 404: leer la página vía NAS,no,,,0
noticias-311,515,https://www.abc.es/rss/2.0/https://www.abc.es/deportes/juegos-olimpicos/,"no existe,sin cambios | feed HTTP 200",errata: URL de ABC duplicada,no,,,0
noticias-313,517,https://www.abc.es/rss/2.0/https://www.abc.es/historia/,"no existe,sin cambios | feed HTTP 200",errata: URL de ABC duplicada,no,,,0
noticias-315,519,https://www.abc.es/rss/2.0/recetasderechupete/,"no existe,sin cambios | feed HTTP 200",el RSS responde sin noticias,no,,,0
noticias-327,531,https://www.abc.es/rss/2.0/https://www.abc.es/familia/,"no existe,sin cambios | feed HTTP 200",errata: URL de ABC duplicada,no,,,0
noticias-328,532,https://www.abc.es/rss/2.0/https://www.abc.es/familia/padres-hijos/,"no existe,sin cambios | feed HTTP 200",errata: URL de ABC duplicada,no,,,0
noticias-329,533,https://www.abc.es/rss/2.0/https://www.abc.es/familia/educacion/,"no existe,sin cambios | feed HTTP 200",errata: URL de ABC duplicada,no,,,0
noticias-330,534,https://www.abc.es/rss/2.0/https://www.abc.es/familia/vida-sana/,"no existe,sin cambios | feed HTTP 200",errata: URL de ABC duplicada,no,,,0
noticias-331,535,https://www.abc.es/rss/2.0/https://www.abc.es/familia/parejas/,"no existe,sin cambios | feed HTTP 200",errata: URL de ABC duplicada,no,,,0
noticias-332,536,https://www.abc.es/rss/2.0/https://www.abc.es/familia/mayores/,"no existe,sin cambios | feed HTTP 200",errata: URL de ABC duplicada,no,,,0
noticias-333,537,https://www.abc.es/rss/2.0/https://www.abc.es/familia/actividades-ninos/,"no existe,sin cambios | feed HTTP 200",errata: URL de ABC duplicada,no,,,0
noticias-345,549,https://www.abc.es/rss/2.0/https://www.abc.es/favorito/,"no existe,sin cambios | feed HTTP 200",errata: URL de ABC duplicada,no,,,0
noticias-347,551,https://www.abc.es/rss/2.0/https://www.abc.es/familia/,"no existe,sin cambios | feed HTTP 200",errata: URL de ABC duplicada,no,,,0
noticias-348,552,https://www.abc.es/rss/2.0/https://www.abc.es/recreo/,"no existe,sin cambios | feed HTTP 200",errata: URL de ABC duplicada,no,,,0
noticias-349,553,https://www.abc.es/rss/2.0/https://www.cope.es/,"no existe,sin cambios | feed HTTP 200",errata: URL de ABC duplicada,no,,,0
noticias-574,564,https://transparencia.cadiz.es/noticias/feed/,"no existe,sin cambios | feed HTTP 200",el RSS responde sin noticias,no,,,0
noticias-576,578,http://blogs.20minutos.es/140-y-mas/feed/,"no existe,sin cambios | feed HTTP 410",blog de 20minutos cerrado (410): sin sustituto,no,,,0
noticias-634,579,http://www.20minutos.es/rss/ciudadreal/,"no existe,sin cambios | feed HTTP 404",RSS de 20minutos eliminado (404),no,,,0
noticias-577,580,http://blogs.20minutos.es/animalesenadopcion/feed/,"no existe,sin cambios | feed HTTP 410",blog de 20minutos cerrado (410): sin sustituto,no,,,0
noticias-578,581,http://blogs.20minutos.es/arquitectacion/feed/,"no existe,sin cambios | feed HTTP 410",blog de 20minutos cerrado (410): sin sustituto,no,,,0
noticias-580,582,http://blogs.20minutos.es/artik/feed/,"no existe,sin cambios | feed HTTP 410",blog de 20minutos cerrado (410): sin sustituto,no,,,0
noticias-581,583,http://blogs.20minutos.es/becario/feed/,"no existe,sin cambios | feed HTTP 410",blog de 20minutos cerrado (410): sin sustituto,no,,,0
noticias-582,584,http://blogs.20minutos.es/blog-solidario-cooperantes/feed/,"no existe,sin cambios | feed HTTP 410",blog de 20minutos cerrado (410): sin sustituto,no,,,0
noticias-584,585,http://blogs.20minutos.es/con-reservas/feed/,"no existe,sin cambios | feed HTTP 410",blog de 20minutos cerrado (410): sin sustituto,no,,,0
noticias-586,586,http://blogs.20minutos.es/cronicaverde/feed/,"no existe,sin cambios | feed HTTP 410",blog de 20minutos cerrado (410): sin sustituto,no,,,0
noticias-585,587,http://blogs.20minutos.es/conejo-frustrado/feed/,"no existe,sin cambios | feed HTTP 410",blog de 20minutos cerrado (410): sin sustituto,no,,,0
noticias-588,588,http://blogs.20minutos.es/el-bueno-de-cuttlas/feed/,"no existe,sin cambios | feed HTTP 410",blog de 20minutos cerrado (410): sin sustituto,no,,,0
noticias-589,589,http://blogs.20minutos.es/el-nutricionista-de-la-general/feed/,"no existe,sin cambios | feed HTTP 410",blog de 20minutos cerrado (410): sin sustituto,no,,,0
noticias-587,590,http://blogs.20minutos.es/ecos-de-sociedad-anonima/feed/,"no existe,sin cambios | feed HTTP 410",blog de 20minutos cerrado (410): sin sustituto,no,,,0
noticias-590,591,http://blogs.20minutos.es/emilio-rey-capturando-temperie/feed/,"no existe,sin cambios | feed HTTP 410",blog de 20minutos cerrado (410): sin sustituto,no,,,0
noticias-591,592,http://blogs.20minutos.es/eneko/feed/,"no existe,sin cambios | feed HTTP 410",blog de 20minutos cerrado (410): sin sustituto,no,,,0
noticias-592,593,http://blogs.20minutos.es/enguerra/feed/,"no existe,sin cambios | feed HTTP 410",blog de 20minutos cerrado (410): sin sustituto,no,,,0
noticias-593,594,http://blogs.20minutos.es/formula-1-alonso/feed/,"no existe,sin cambios | feed HTTP 410",blog de 20minutos cerrado (410): sin sustituto,no,,,0
noticias-594,595,http://blogs.20minutos.es/gran-hermano/feed/,"no existe,sin cambios | feed HTTP 410",blog de 20minutos cerrado (410): sin sustituto,no,,,0
noticias-595,596,http://blogs.20minutos.es/jorge-lorenzo/feed/,"no existe,sin cambios | feed HTTP 410",blog de 20minutos cerrado (410): sin sustituto,no,,,0
noticias-597,597,http://blogs.20minutos.es/martinezsoler/feed/,"no existe,sin cambios | feed HTTP 410",blog de 20minutos cerrado (410): sin sustituto,no,,,0
noticias-596,598,http://blogs.20minutos.es/madrereciente/feed/,"no existe,sin cambios | feed HTTP 410",blog de 20minutos cerrado (410): sin sustituto,no,,,0
noticias-598,599,http://blogs.20minutos.es/masquemedios/feed/,"no existe,sin cambios | feed HTTP 410",blog de 20minutos cerrado (410): sin sustituto,no,,,0
noticias-600,600,http://blogs.20minutos.es/nilibreniocupado/feed/,"no existe,sin cambios | feed HTTP 410",blog de 20minutos cerrado (410): sin sustituto,no,,,0
noticias-601,601,http://blogs.20minutos.es/premios20blogs/feed/,"no existe,sin cambios | feed HTTP 410",blog de 20minutos cerrado (410): sin sustituto,no,,,0
noticias-602,602,http://blogs.20minutos.es/quefuede/feed/,"no existe,sin cambios | feed HTTP 410",blog de 20minutos cerrado (410): sin sustituto,no,,,0
noticias-605,603,http://blogs.20minutos.es/runstorming-spanjaard/feed/,"no existe,sin cambios | feed HTTP 410",blog de 20minutos cerrado (410): sin sustituto,no,,,0
noticias-604,604,http://blogs.20minutos.es/rosyrunrun/feed/,"no existe,sin cambios | feed HTTP 410",blog de 20minutos cerrado (410): sin sustituto,no,,,0
noticias-607,605,http://blogs.20minutos.es/trasdos/feed/,"no existe,sin cambios | feed HTTP 410",blog de 20minutos cerrado (410): sin sustituto,no,,,0
noticias-609,606,http://blogs.20minutos.es/un-hogar-con-mucho-oficio/feed/,"no existe,sin cambios | feed HTTP 410",blog de 20minutos cerrado (410): sin sustituto,no,,,0
noticias-610,607,http://blogs.20minutos.es/videojuegos/feed/,"no existe,sin cambios | feed HTTP 410",blog de 20minutos cerrado (410): sin sustituto,no,,,0
noticias-608,608,http://blogs.20minutos.es/tu-blog/feed/,"no existe,sin cambios | feed HTTP 410",blog de 20minutos cerrado (410): sin sustituto,no,,,0
noticias-611,609,http://blogs.20minutos.es/yaestaellistoquetodolosabe/feed/,"no existe,sin cambios | feed HTTP 410",blog de 20minutos cerrado (410): sin sustituto,no,,,0
noticias-603,610,http://blogs.20minutos.es/reality-blog-show/feed/,"no existe,sin cambios | feed HTTP 410",blog de 20minutos cerrado (410): sin sustituto,no,,,0
noticias-606,611,http://blogs.20minutos.es/tanta-europa/feed/,"no existe,sin cambios | feed HTTP 410",blog de 20minutos cerrado (410): sin sustituto,no,,,0
noticias-614,614,http://www.20minutos.es/rss/algeciras/,"no existe,sin cambios | feed HTTP 404",RSS de 20minutos eliminado (404),no,,,0
noticias-624,621,http://www.20minutos.es/rss/barcelona-cataluna/,"no existe,sin cambios | feed HTTP 404",RSS de 20minutos eliminado (404),no,,,0
noticias-626,624,http://www.20minutos.es/rss/bilbao/,"no existe,sin cambios | feed HTTP 404",RSS de 20minutos eliminado (404),no,,,0
noticias-628,626,http://www.20minutos.es/rss/caceres/,"no existe,sin cambios | feed HTTP 200",la URL no es un RSS (devuelve una página web),no,,,0
noticias-630,629,http://www.20minutos.es/rss/cartagena/,"no existe,sin cambios | feed HTTP 404",RSS de 20minutos eliminado (404),no,,,0
noticias-641,638,http://www.20minutos.es/rss/elche/,"no existe,sin cambios | feed HTTP 404",RSS de 20minutos eliminado (404),no,,,0
noticias-645,639,http://www.20minutos.es/rss/gijon/,"no existe,sin cambios | feed HTTP 404",RSS de 20minutos eliminado (404),no,,,0
noticias-650,646,http://www.20minutos.es/rss/huesca/,"no existe,sin cambios | feed HTTP 404",RSS de 20minutos eliminado (404),no,,,0
noticias-654,647,http://www.20minutos.es/rss/laspalmas/,"no existe,sin cambios | feed HTTP 404",RSS de 20minutos eliminado (404),no,,,0
noticias-657,649,http://www.20minutos.es/rss/lleida/,"no existe,sin cambios | feed HTTP 404",RSS de 20minutos eliminado (404),no,,,0
noticias-658,653,http://www.20minutos.es/rss/logrono/,"no existe,sin cambios | feed HTTP 404",RSS de 20minutos eliminado (404),no,,,0
noticias-663,655,http://www.20minutos.es/rss/marbella/,"no existe,sin cambios | feed HTTP 404",RSS de 20minutos eliminado (404),no,,,0
noticias-670,660,http://www.20minutos.es/rss/oviedo/,"no existe,sin cambios | feed HTTP 404",RSS de 20minutos eliminado (404),no,,,0
noticias-673,664,http://www.20minutos.es/rss/palma/,"no existe,sin cambios | feed HTTP 404",RSS de 20minutos eliminado (404),no,,,0
noticias-674,666,http://www.20minutos.es/rss/pamplona/,"no existe,sin cambios | feed HTTP 404",RSS de 20minutos eliminado (404),no,,,0
noticias-679,667,http://www.20minutos.es/rss/sansebastian/,"no existe,sin cambios | feed HTTP 404",RSS de 20minutos eliminado (404),no,,,0
noticias-680,669,http://www.20minutos.es/rss/santander/,"no existe,sin cambios | feed HTTP 404",RSS de 20minutos eliminado (404),no,,,0
noticias-681,670,http://www.20minutos.es/rss/santiago/,"no existe,sin cambios | feed HTTP 404",RSS de 20minutos eliminado (404),no,,,0
noticias-694,680,http://www.20minutos.es/rss/vinetas/,"no existe,sin cambios | feed HTTP 404",RSS de 20minutos eliminado (404),no,,,0
noticias-698,681,http://www.20minutos.es/rss/vitoria/,"no existe,sin cambios | feed HTTP 404",RSS de 20minutos eliminado (404),no,,,0
noticias-693,683,http://www.20minutos.es/rss/vigo/,"no existe,sin cambios | feed HTTP 404",RSS de 20minutos eliminado (404),no,,,0
noticias-702,686,http://www.20minutos.es/rss/zona20/,"no existe,sin cambios | feed HTTP 404",RSS de 20minutos eliminado (404),no,,,0
noticias-669,688,http://www.20minutos.es/rss/ourense/,"no existe,sin cambios | feed HTTP 404",RSS de 20minutos eliminado (404),no,,,0
noticias-696,692,http://www.20minutos.es/rss/vinetas/2/calpurnio/,"no existe,sin cambios | feed HTTP 404",RSS de 20minutos eliminado (404),no,,,0
noticias-697,693,http://www.20minutos.es/rss/vinetas/3/mike-bonales/,"no existe,sin cambios | feed HTTP 404",RSS de 20minutos eliminado (404),no,,,0
noticias-864,829,https://e00-elmundo.uecdn.es/blogs/elmundo/lavueltalamundo/index.xml,"no existe,sin cambios | feed HTTP 404",feed 404: leer la página vía NAS,no,,,0
noticias-903,883,https://e00-elmundo.uecdn.esyodona/rss/portada.xml,"no existe,sin cambios | feed HTTP ERR ENOTFOUND",errata en la URL: falta la barra (uecdn.es/yodona),no,,,0
noticias-902,884,http://rss.elmundo.es/rss/descarga.htm?data2=15,"no existe,sin cambios | feed HTTP ERR UND_ERR_CONNECT_TIMEOUT",feed ERR UND_ERR_CONNECT_TIMEOUT: leer la página vía NAS,no,,,0
noticias-905,885,https://e00-elmundo.uecdn.esyodona/rss/blogs/modamania.xml,"no existe,sin cambios | feed HTTP ERR ENOTFOUND",errata en la URL: falta la barra (uecdn.es/yodona),no,,,0
noticias-907,886,http://rss.elmundo.es/rss/descarga.htm?data2=119,"no existe,sin cambios | feed HTTP ERR UND_ERR_CONNECT_TIMEOUT",feed ERR UND_ERR_CONNECT_TIMEOUT: leer la página vía NAS,no,,,0
noticias-906,889,https://e00-elmundo.uecdn.esyodona/rss/blogs/grandclass.xml,"no existe,sin cambios | feed HTTP ERR ENOTFOUND",errata en la URL: falta la barra (uecdn.es/yodona),no,,,0
noticias-904,900,https://e00-elmundo.uecdn.esyodona/rss/blogs/cuentahilos.xml,"no existe,sin cambios | feed HTTP ERR ENOTFOUND",errata en la URL: falta la barra (uecdn.es/yodona),no,,,0
noticias-695,944,http://www.20minutos.es/rss/vinetas/1/eneko/,"no existe,sin cambios | feed HTTP 404",RSS de 20minutos eliminado (404),no,,,0
noticias-970,950,https://www.europasur.es/algeciras/rss,"no existe,sin cambios | feed HTTP 404",feed 404: leer la página vía NAS,no,,,0
noticias-1008,1002,https://www.libertaddigital.com/rss/,"no existe,sin cambios | feed HTTP 200",la URL no es un RSS (devuelve una página web),no,,,0
noticias-1014,1003,https://www.esdiario.com/rss/titulares.xml,"no existe,sin cambios | feed HTTP 404",feed 404: leer la página vía NAS,no,,,0
noticias-1019,1004,https://www.niusdiario.es/rss/,"no existe,sin cambios | feed HTTP 200",la URL no es un RSS (devuelve una página web),no,,,0
noticias-1020,1005,https://www.huffingtonpost.es/section/spain/feed,"no existe,sin cambios | feed HTTP 404",feed 404: leer la página vía NAS,no,,,0
noticias-973,1006,https://cnnespanol.cnn.com/feed/,"no existe,sin cambios | feed HTTP 404",feed 404: leer la página vía NAS,no,,,0
noticias-974,1007,https://www.efe.com/espana/feed/,"no existe,sin cambios | feed HTTP 403",bloquea a GitHub (403),no,,,0
noticias-977,1009,https://www.elconfidencial.com/rss/,"no existe,sin cambios | feed HTTP 200",la URL no es un RSS (devuelve una página web),no,,,0
noticias-984,1016,https://www.vozpopuli.com/rss/,"no existe,sin cambios | feed HTTP 404",feed 404: leer la página vía NAS,no,,,0
noticias-985,1017,https://www.8directo.com/feed/,"no existe,sin cambios | feed HTTP 403",la URL no es un RSS (devuelve una página web),no,,,0
noticias-989,1020,https://www.xataka.com/feed,"no existe,sin cambios | feed HTTP 404",feed 404: leer la página vía NAS,no,,,0
noticias-990,1021,https://www.rtve.es/noticias/rss/mundo.xml,"no existe,sin cambios | feed HTTP 404",feed 404: leer la página vía NAS,no,,,0
noticias-992,1023,https://www.nationalgeographic.com.es/rss/,"no existe,sin cambios | feed HTTP 404",feed 404: leer la página vía NAS,no,,,0
noticias-987,1025,https://www.larazon.es/rss/portada.xml,"no existe,sin cambios | feed HTTP 503",bloquea a GitHub (503): leer la página vía NAS,no,,,0
noticias-981,1027,https://cincodias.elpais.com/seccion/rss/economia/,"no existe,sin cambios | feed HTTP 403",la URL no es un RSS (devuelve una página web),no,,,0
noticias-998,1029,https://www.larazon.es/rss/portada.xml,"no existe,sin cambios | feed HTTP 503",bloquea a GitHub (503): leer la página vía NAS,no,,,0
noticias-1006,1033,https://www.elperiodico.com/es/rss/rss_portada.xml,"no existe,sin cambios | feed HTTP 200",el RSS responde sin noticias,no,,,0
noticias-1007,1035,https://www.epe.es/rss/,"no existe,sin cambios | feed HTTP 404",feed 404: leer la página vía NAS,no,,,0
noticias-1010,1037,https://www.vozpopuli.com/feed/,"no existe,sin cambios | feed HTTP 404",feed 404: leer la página vía NAS,no,,,0
noticias-1013,1040,https://diario16.com/feed/,"no existe,sin cambios | feed HTTP ERR ENOTFOUND",feed ERR ENOTFOUND: leer la página vía NAS,no,,,0
noticias-1017,1042,https://www.hispanidad.com/rss.xml,"no existe,sin cambios | feed HTTP 404",feed 404: leer la página vía NAS,no,,,0
noticias-1018,1043,https://www.eldebate.com/rss/,"no existe,sin cambios | feed HTTP 403",bloquea a GitHub (403),no,,,0
noticias-1016,1044,https://mediterraneodigital.com/feed,"no existe,sin cambios | feed HTTP 404",feed 404: leer la página vía NAS,no,,,0
noticias-1076,1049,https://www.europapress.es/rss/europapress.opml.xml,"no existe,sin cambios | feed HTTP 200",el RSS responde sin noticias,no,,,0
noticias-1094,1064,https://rss.blogs.elconfidencial.com/espana/al-grano/,"no existe,sin cambios | feed HTTP 200",el RSS responde sin noticias,no,,,0
noticias-1096,1065,https://rss.blogs.elconfidencial.com/espana/mientras-tanto/,"no existe,sin cambios | feed HTTP 200",el RSS responde sin noticias,no,,,0
noticias-1095,1067,https://rss.blogs.elconfidencial.com/espana/notebook/,"no existe,sin cambios | feed HTTP 200",el RSS responde sin noticias,no,,,0
noticias-1222,1190,https://carmenprofe.synology.me/scraper_generico.php?url=https%3A%2F%2Fefe.com%2Feuroefe,"no existe,sin cambios | feed HTTP 503",EFE vía NAS bloqueado: pasar a wpcom_generico (como 2240),no,,,0
noticias-1400,1362,https://carmenprofe.synology.me/scraper_generico.php?url=https%3A%2F%2Fnuevosureste.es%2Fboletin-nuevo-sureste%2F,"no existe,sin cambios | feed HTTP 503",feed 503: leer la página vía NAS,no,,,0
noticias-1405,1368,https://rss.elconfidencial.com/tags/temas/hardware-9341/,"no existe,sin cambios | feed HTTP 404",feed 404: leer la página vía NAS,no,,,0
noticias-1408,1370,https://rss.elconfidencial.com/tags/temas/redes-sociales-9344/,"no existe,sin cambios | feed HTTP 404",feed 404: leer la página vía NAS,no,,,0
noticias-1422,1378,https://rss.elconfidencial.com/tags/temas/psicologia-9333/,"no existe,sin cambios | feed HTTP 404",feed 404: leer la página vía NAS,no,,,0
noticias-1421,1379,https://rss.elconfidencial.com/tags/temas/educacion-9332/,"no existe,sin cambios | feed HTTP 404",feed 404: leer la página vía NAS,no,,,0
noticias-1436,1385,https://rss.alimente.elconfidencial.com/,"no existe,sin cambios | feed HTTP 200",el RSS responde sin noticias,no,,,0
noticias-1444,1389,https://rss.gentleman.elconfidencial.com/estilo-hombre/,"no existe,sin cambios | feed HTTP ERR ENOTFOUND",feed ERR ENOTFOUND: leer la página vía NAS,no,,,0
noticias-1443,1390,https://rss.gentleman.elconfidencial.com/personajes/,"no existe,sin cambios | feed HTTP ERR ENOTFOUND",feed ERR ENOTFOUND: leer la página vía NAS,no,,,0
noticias-1445,1391,https://rss.gentleman.elconfidencial.com/gourmet/,"no existe,sin cambios | feed HTTP ERR ENOTFOUND",feed ERR ENOTFOUND: leer la página vía NAS,no,,,0
noticias-1442,1405,https://rss.gentleman.elconfidencial.com/gentlemania/,"no existe,sin cambios | feed HTTP ERR ENOTFOUND",feed ERR ENOTFOUND: leer la página vía NAS,no,,,0
noticias-1556,1514,https://www.zamoranews.com/rss/poll/,"no existe,sin cambios | feed HTTP 200",el RSS responde sin noticias,no,,,0
noticias-1757,1717,http://blogs.20minutos.es/140-y-mas/feed/,"no existe,sin cambios | feed HTTP 410",blog de 20minutos cerrado (410): sin sustituto,no,,,0
noticias-1758,1718,http://blogs.20minutos.es/animalesenadopcion/feed/,"no existe,sin cambios | feed HTTP 410",blog de 20minutos cerrado (410): sin sustituto,no,,,0
noticias-1763,1719,http://blogs.20minutos.es/blog-solidario-cooperantes/feed/,"no existe,sin cambios | feed HTTP 410",blog de 20minutos cerrado (410): sin sustituto,no,,,0
noticias-1759,1720,http://blogs.20minutos.es/arquitectacion/feed/,"no existe,sin cambios | feed HTTP 410",blog de 20minutos cerrado (410): sin sustituto,no,,,0
noticias-1760,1721,http://blogs.20minutos.es/arsenioescolar/feed/,"no existe,sin cambios | feed HTTP 410",blog de 20minutos cerrado (410): sin sustituto,no,,,0
noticias-1761,1722,http://blogs.20minutos.es/artik/feed/,"no existe,sin cambios | feed HTTP 410",blog de 20minutos cerrado (410): sin sustituto,no,,,0
noticias-1762,1723,http://blogs.20minutos.es/becario/feed/,"no existe,sin cambios | feed HTTP 410",blog de 20minutos cerrado (410): sin sustituto,no,,,0
noticias-1764,1724,http://blogs.20minutos.es/codigo-abierto/feed/,"no existe,sin cambios | feed HTTP 410",blog de 20minutos cerrado (410): sin sustituto,no,,,0
noticias-1765,1725,http://blogs.20minutos.es/con-reservas/feed/,"no existe,sin cambios | feed HTTP 410",blog de 20minutos cerrado (410): sin sustituto,no,,,0
noticias-1766,1726,http://blogs.20minutos.es/conejo-frustrado/feed/,"no existe,sin cambios | feed HTTP 410",blog de 20minutos cerrado (410): sin sustituto,no,,,0
noticias-1768,1727,http://blogs.20minutos.es/ecos-de-sociedad-anonima/feed/,"no existe,sin cambios | feed HTTP 410",blog de 20minutos cerrado (410): sin sustituto,no,,,0
noticias-1767,1728,http://blogs.20minutos.es/cronicaverde/feed/,"no existe,sin cambios | feed HTTP 410",blog de 20minutos cerrado (410): sin sustituto,no,,,0
noticias-1770,1729,http://blogs.20minutos.es/el-nutricionista-de-la-general/feed/,"no existe,sin cambios | feed HTTP 410",blog de 20minutos cerrado (410): sin sustituto,no,,,0
noticias-1769,1730,http://blogs.20minutos.es/el-bueno-de-cuttlas/feed/,"no existe,sin cambios | feed HTTP 410",blog de 20minutos cerrado (410): sin sustituto,no,,,0
noticias-1771,1731,http://blogs.20minutos.es/emilio-rey-capturando-temperie/feed/,"no existe,sin cambios | feed HTTP 410",blog de 20minutos cerrado (410): sin sustituto,no,,,0
noticias-1772,1732,http://blogs.20minutos.es/eneko/feed/,"no existe,sin cambios | feed HTTP 410",blog de 20minutos cerrado (410): sin sustituto,no,,,0
noticias-1773,1733,http://blogs.20minutos.es/enguerra/feed/,"no existe,sin cambios | feed HTTP 410",blog de 20minutos cerrado (410): sin sustituto,no,,,0
noticias-1774,1734,http://blogs.20minutos.es/formula-1-alonso/feed/,"no existe,sin cambios | feed HTTP 410",blog de 20minutos cerrado (410): sin sustituto,no,,,0
noticias-1776,1735,http://blogs.20minutos.es/jorge-lorenzo/feed/,"no existe,sin cambios | feed HTTP 410",blog de 20minutos cerrado (410): sin sustituto,no,,,0
noticias-1779,1738,http://blogs.20minutos.es/masquemedios/feed/,"no existe,sin cambios | feed HTTP 410",blog de 20minutos cerrado (410): sin sustituto,no,,,0
noticias-1780,1739,http://blogs.20minutos.es/mati-una-profesora-muy-particular/feed/,"no existe,sin cambios | feed HTTP 410",blog de 20minutos cerrado (410): sin sustituto,no,,,0
noticias-1781,1740,http://blogs.20minutos.es/nilibreniocupado/feed/,"no existe,sin cambios | feed HTTP 410",blog de 20minutos cerrado (410): sin sustituto,no,,,0
noticias-1782,1741,http://blogs.20minutos.es/premios20blogs/feed/,"no existe,sin cambios | feed HTTP 410",blog de 20minutos cerrado (410): sin sustituto,no,,,0
noticias-1783,1742,http://blogs.20minutos.es/quefuede/feed/,"no existe,sin cambios | feed HTTP 410",blog de 20minutos cerrado (410): sin sustituto,no,,,0
noticias-1784,1743,http://blogs.20minutos.es/reality-blog-show/feed/,"no existe,sin cambios | feed HTTP 410",blog de 20minutos cerrado (410): sin sustituto,no,,,0
noticias-1785,1744,http://blogs.20minutos.es/rosyrunrun/feed/,"no existe,sin cambios | feed HTTP 410",blog de 20minutos cerrado (410): sin sustituto,no,,,0
noticias-1786,1745,http://blogs.20minutos.es/runstorming-spanjaard/feed/,"no existe,sin cambios | feed HTTP 410",blog de 20minutos cerrado (410): sin sustituto,no,,,0
noticias-1787,1746,http://blogs.20minutos.es/tanta-europa/feed/,"no existe,sin cambios | feed HTTP 410",blog de 20minutos cerrado (410): sin sustituto,no,,,0
noticias-1788,1747,http://blogs.20minutos.es/trasdos/feed/,"no existe,sin cambios | feed HTTP 410",blog de 20minutos cerrado (410): sin sustituto,no,,,0
noticias-1790,1748,http://blogs.20minutos.es/un-hogar-con-mucho-oficio/feed/,"no existe,sin cambios | feed HTTP 410",blog de 20minutos cerrado (410): sin sustituto,no,,,0
noticias-1789,1749,http://blogs.20minutos.es/tu-blog/feed/,"no existe,sin cambios | feed HTTP 410",blog de 20minutos cerrado (410): sin sustituto,no,,,0
noticias-1791,1750,http://blogs.20minutos.es/videojuegos/feed/,"no existe,sin cambios | feed HTTP 410",blog de 20minutos cerrado (410): sin sustituto,no,,,0
noticias-1792,1751,http://blogs.20minutos.es/yaestaellistoquetodolosabe/feed/,"no existe,sin cambios | feed HTTP 410",blog de 20minutos cerrado (410): sin sustituto,no,,,0
noticias-1795,1754,http://www.20minutos.es/rss/algeciras/,"no existe,sin cambios | feed HTTP 404",RSS de 20minutos eliminado (404),no,,,0
noticias-1801,1759,http://www.20minutos.es/rss/artrend/,"no existe,sin cambios | feed HTTP 404",RSS de 20minutos eliminado (404),no,,,0
noticias-1805,1763,http://www.20minutos.es/rss/barcelona-cataluna/,"no existe,sin cambios | feed HTTP 404",RSS de 20minutos eliminado (404),no,,,0
noticias-1807,1766,http://www.20minutos.es/rss/bilbao/,"no existe,sin cambios | feed HTTP 404",RSS de 20minutos eliminado (404),no,,,0
noticias-1809,1767,http://www.20minutos.es/rss/caceres/,"no existe,sin cambios | feed HTTP 200",la URL no es un RSS (devuelve una página web),no,,,0
noticias-1811,1768,http://www.20minutos.es/rss/cartagena/,"no existe,sin cambios | feed HTTP 404",RSS de 20minutos eliminado (404),no,,,0
noticias-1816,1774,http://www.20minutos.es/rss/ciudadreal/,"no existe,sin cambios | feed HTTP 404",RSS de 20minutos eliminado (404),no,,,0
noticias-1823,1781,http://www.20minutos.es/rss/elche/,"no existe,sin cambios | feed HTTP 404",RSS de 20minutos eliminado (404),no,,,0
noticias-1827,1784,http://www.20minutos.es/rss/gijon/,"no existe,sin cambios | feed HTTP 404",RSS de 20minutos eliminado (404),no,,,0
noticias-1832,1791,http://www.20minutos.es/rss/huesca/,"no existe,sin cambios | feed HTTP 404",RSS de 20minutos eliminado (404),no,,,0
noticias-1836,1792,http://www.20minutos.es/rss/laspalmas/,"no existe,sin cambios | feed HTTP 404",RSS de 20minutos eliminado (404),no,,,0
noticias-1839,1796,http://www.20minutos.es/rss/lleida/,"no existe,sin cambios | feed HTTP 404",RSS de 20minutos eliminado (404),no,,,0
noticias-1845,1800,http://www.20minutos.es/rss/marbella/,"no existe,sin cambios | feed HTTP 404",RSS de 20minutos eliminado (404),no,,,0
noticias-1851,1806,http://www.20minutos.es/rss/ourense/,"no existe,sin cambios | feed HTTP 404",RSS de 20minutos eliminado (404),no,,,0
noticias-1852,1807,http://www.20minutos.es/rss/oviedo/,"no existe,sin cambios | feed HTTP 404",RSS de 20minutos eliminado (404),no,,,0
noticias-1855,1810,http://www.20minutos.es/rss/palma/,"no existe,sin cambios | feed HTTP 404",RSS de 20minutos eliminado (404),no,,,0
noticias-1856,1811,http://www.20minutos.es/rss/pamplona/,"no existe,sin cambios | feed HTTP 404",RSS de 20minutos eliminado (404),no,,,0
noticias-1858,1813,http://www.20minutos.es/rss/region-de-murcia/,"no existe,sin cambios | feed HTTP 404",RSS de 20minutos eliminado (404),no,,,0
noticias-1861,1816,http://www.20minutos.es/rss/sansebastian/,"no existe,sin cambios | feed HTTP 404",RSS de 20minutos eliminado (404),no,,,0
noticias-1862,1817,http://www.20minutos.es/rss/santander/,"no existe,sin cambios | feed HTTP 404",RSS de 20minutos eliminado (404),no,,,0
noticias-1863,1818,http://www.20minutos.es/rss/santiago/,"no existe,sin cambios | feed HTTP 404",RSS de 20minutos eliminado (404),no,,,0
noticias-1875,1830,http://www.20minutos.es/rss/vigo/,"no existe,sin cambios | feed HTTP 404",RSS de 20minutos eliminado (404),no,,,0
noticias-1876,1831,http://www.20minutos.es/rss/vinetas/,"no existe,sin cambios | feed HTTP 404",RSS de 20minutos eliminado (404),no,,,0
noticias-1879,1832,http://www.20minutos.es/rss/vinetas/3/mike-bonales/,"no existe,sin cambios | feed HTTP 404",RSS de 20minutos eliminado (404),no,,,0
noticias-1878,1833,http://www.20minutos.es/rss/vinetas/2/calpurnio/,"no existe,sin cambios | feed HTTP 404",RSS de 20minutos eliminado (404),no,,,0
noticias-1880,1834,http://www.20minutos.es/rss/vitoria/,"no existe,sin cambios | feed HTTP 404",RSS de 20minutos eliminado (404),no,,,0
noticias-1884,1838,http://www.20minutos.es/rss/zona20/,"no existe,sin cambios | feed HTTP 404",RSS de 20minutos eliminado (404),no,,,0
noticias-1914,1868,https://carmenprofe.synology.me/scraper_generico.php?url=https%3A%2F%2Fwww.awin1.com%2Fcread.php%3Fawinmid%3D9357%26awinaffid%3D347757%26ued%3Dhttps%253A%252F%252Fwww.douglas.es%252Fes%252Fc%252Fsale%252Fbest-price%252F0582%253Fq%253D%253AtopRated,"no existe,sin cambios | feed HTTP 503",feed 503: leer la página vía NAS,no,,,0
noticias-2002,1873,https://www.esdiario.com/rss/las-ultimas-noticias.xml,"no existe,sin cambios | feed HTTP 200",el RSS responde sin noticias,no,,,0
noticias-2047,1917,https://noticias.carmenprofe.synology.me/scraper_generico.php?url=https%3A%2F%2Fwww.esdiario.com%2Fquienes-somos.html,"no existe,sin cambios | feed HTTP 503 | NAS retirada-vacia",feed 503: leer la página vía NAS,no,,,0
noticias-1963,1964,https://e00-elmundo.uecdn.es/blogs/elmundo/lavueltalamundo/index.xml,"no existe,sin cambios | feed HTTP 404",feed 404: leer la página vía NAS,no,,,0
noticias-2172,2127,https://www.elperiodico.com/es/rss/opinion/rss.xml,"no existe,sin cambios | feed HTTP 200",el RSS responde sin noticias,no,,,0
noticias-2218,2172,https://noticias.carmenprofe.synology.me/scraper_generico.php?url=https%3A%2F%2Fwww.ordenacionjuego.es%2Fnovedades,"no existe,sin cambios | feed HTTP 503",feed 503: leer la página vía NAS,no,,,0
noticias-2225,2179,https://noticias.carmenprofe.synology.me/scraper_generico.php?url=https%3A%2F%2Fsevillafc.es%2Factualidad%2Fnoticias,"no existe,sin cambios | feed HTTP 503",feed 503: leer la página vía NAS,no,,,0
noticias-2231,2185,https://noticias.carmenprofe.synology.me/scraper_generico.php?url=https%3A%2F%2Fgrupo.renfe.com%2Fcontent%2Fgrupo-renfe%2Fes%2Fes%2Fsala-de-prensa,"no existe,sin cambios | feed HTTP 503",feed 503: leer la página vía NAS,no,,,0
noticias-2243,2197,https://carmenprofe.synology.me/scraper_generico.php?url=https%3A%2F%2Fwww.awin1.com%2Fcread.php%3Fawinmid%3D13075%26awinaffid%3D1187492%26ued%3Dhttps%253A%252F%252Fwww.elcorteingles.es%252Ffinal-de-verano%252Fdeportes%252F,"no existe,sin cambios | feed HTTP 503",feed 503: leer la página vía NAS,no,,,0
noticias-2275,2207,https://carmenprofe.synology.me/scraper_generico.php?url=https%3A%2F%2Fchapuzasgallegas.lavozdegalicia.es%2F,"no existe,sin cambios | feed HTTP 503",feed 503: leer la página vía NAS,no,,,0
noticias-2276,2208,https://carmenprofe.synology.me/scraper_generico.php?url=https%3A%2F%2Fedicionimpresa.lavozdegalicia.es%2F,"no existe,sin cambios | feed HTTP 503",feed 503: leer la página vía NAS,no,,,0
noticias-2330,2255,https://noticias.carmenprofe.synology.me/scraper_generico.php?url=https%3A%2F%2Fwww.newtral.es%2Fgasolineras-mas-baratas%2F20220427%2F,"no existe,sin cambios | feed HTTP 503",feed 503: leer la página vía NAS,no,,,0
noticias-429,318,https://www.elconfidencialdigital.com/rss/negocio/,sin cambios | feed HTTP 403,bloquea a GitHub (403): leer la página de la sección vía NAS,sí,PERIÓDICOS ALIAZON,https://periodicosaliazon.blogspot.com/2026/09/negocios-el-confidencial-digital.html,1
noticias-492,378,https://www.elconfidencialdigital.com/rss/cultura/,sin cambios | feed HTTP 403,bloquea a GitHub (403): leer la página de la sección vía NAS,sí,PERIÓDICOS ALIAZON,https://periodicosaliazon.blogspot.com/2026/09/cultura-el-confidencial.html | https://periodicosaliazon.blogspot.com/2026/07/cultura-el-confidencial-digital.html,2
noticias-494,379,https://www.elconfidencialdigital.com/rss/apuestas/,sin cambios | feed HTTP 403,bloquea a GitHub (403): leer la página de la sección vía NAS,sí,PERIÓDICOS ALIAZON,https://periodicosaliazon.blogspot.com/2026/09/apuestas-el-confidencial-digital.html,1
noticias-493,381,https://www.elconfidencialdigital.com/rss/estilo-de-vida/,sin cambios | feed HTTP 403,bloquea a GitHub (403): leer la página de la sección vía NAS,sí,PERIÓDICOS ALIAZON,https://periodicosaliazon.blogspot.com/2026/09/estilo-de-vida-el-confidencial-digital.html,1
noticias-501,385,https://www.elconfidencialdigital.com/rss/video/motor/,"menos de 3,sin cambios | feed HTTP 403",bloquea a GitHub (403): leer la página de la sección vía NAS,sí,PERIÓDICOS ALIAZON,https://periodicosaliazon.blogspot.com/2026/09/motor-videos-el-confidencial-digital.html,1
noticias-496,386,https://www.elconfidencialdigital.com/rss/video/videos-de-ecd/,sin cambios | feed HTTP 403,bloquea a GitHub (403): leer la página de la sección vía NAS,sí,PERIÓDICOS ALIAZON,https://periodicosaliazon.blogspot.com/2026/09/videos-de-ecd-videos-el-confidencial.html,1
noticias-503,387,https://www.elconfidencialdigital.com/rss/video/defensa/,sin cambios | feed HTTP 403,bloquea a GitHub (403): leer la página de la sección vía NAS,sí,PERIÓDICOS ALIAZON,https://periodicosaliazon.blogspot.com/2026/09/defensa-videos-el-confidencial-digital.html,1
noticias-504,388,https://www.elconfidencialdigital.com/rss/video/dinero/,"menos de 3,sin cambios | feed HTTP 403",bloquea a GitHub (403): leer la página de la sección vía NAS,sí,PERIÓDICOS ALIAZON,https://periodicosaliazon.blogspot.com/2026/09/dinero-videos-el-confidencial-digital.html,1
noticias-506,390,https://www.elconfidencialdigital.com/rss/video/religion/,"menos de 3,sin cambios | feed HTTP 403",bloquea a GitHub (403): leer la página de la sección vía NAS,sí,PERIÓDICOS ALIAZON,https://periodicosaliazon.blogspot.com/2026/09/religion-videos-el-confidencial-digital.html,1
noticias-505,392,https://www.elconfidencialdigital.com/rss/video/casas-reales/,sin cambios | feed HTTP 403,bloquea a GitHub (403): leer la página de la sección vía NAS,sí,PERIÓDICOS ALIAZON,https://periodicosaliazon.blogspot.com/2026/09/casas-reales-videos-el-confidencial.html,1
noticias-502,393,https://www.elconfidencialdigital.com/rss/video/cuidate/,"menos de 3,sin cambios | feed HTTP 403",bloquea a GitHub (403): leer la página de la sección vía NAS,sí,PERIÓDICOS ALIAZON,https://periodicosaliazon.blogspot.com/2026/09/cuidate-el-confidencial-digital.html,1
noticias-519,402,https://www.elconfidencialdigital.com/rss/album/gourmet/,"titulo corto,sin cambios | feed HTTP 403",bloquea a GitHub (403): leer la página de la sección vía NAS,sí,PERIÓDICOS ALIAZON,https://periodicosaliazon.blogspot.com/2026/09/gourmet-el-confidencial-digital.html,1
noticias-520,404,https://www.elconfidencialdigital.com/rss/album/tendencias/,sin cambios | feed HTTP 403,bloquea a GitHub (403): leer la página de la sección vía NAS,sí,PERIÓDICOS ALIAZON,https://periodicosaliazon.blogspot.com/2026/09/tendencias-albumes-el-confidencial.html,1
noticias-449,568,https://www.elconfidencialdigital.com/rss/la-voz-del-lector/,sin cambios | feed HTTP 403,bloquea a GitHub (403): leer la página de la sección vía NAS,sí,PERIÓDICOS ALIAZON,https://periodicosaliazon.blogspot.com/2026/08/la-voz-del-lector-el-confidencial.html,1
noticias-467,570,https://www.elconfidencialdigital.com/rss/actualidad/,sin cambios | feed HTTP 403,bloquea a GitHub (403): leer la página de la sección vía NAS,sí,PERIÓDICOS ALIAZON,https://periodicosaliazon.blogspot.com/2026/07/actualidad-el-confidencial.html,1
noticias-967,947,https://carmenprofe.synology.me/scraper_generico.php?url=https%3A%2F%2Felpais.com%2Fautor%2Faaron-favila%2F,"menos de 3,sin cambios | feed HTTP 200, 1 noticias | NAS copia-anterior",El País vía NAS sirve copia vieja: pasar a RSS oficial,sí,PERIÓDICOS ALIAZON,https://periodicosaliazon.blogspot.com/2026/07/aaron-favila-autores-el-pais.html,1
noticias-968,948,https://carmenprofe.synology.me/scraper_generico.php?url=https%3A%2F%2Felpais.com%2Fnoticias%2Faaron-peirsol%2F,"sin cambios | feed HTTP 200, 8 noticias | NAS copia-anterior",El País vía NAS sirve copia vieja: pasar a RSS oficial,sí,PERIÓDICOS ALIAZON,https://periodicosaliazon.blogspot.com/2026/07/aaron-peirsol-autores-el-pais.html,1
noticias-1156,1119,https://noticias.carmenprofe.synology.me/scraper_generico.php?url=https%3A%2F%2Felpais.com%2Fdeportes%2Fbaloncesto%2F,"sin cambios | feed HTTP 200, 8 noticias | NAS retirada-copia",El País vía NAS sirve copia vieja: pasar a RSS oficial,sí,PERIÓDICOS ALIAZON,https://periodicosaliazon.blogspot.com/2026/09/baloncesto-el-pais.html,1
noticias-1220,1189,https://carmenprofe.synology.me/scraper_generico.php?url=https%3A%2F%2Fefe.com%2Fmundo%2F,"sin cambios | feed HTTP 200, 8 noticias | NAS copia-anterior",EFE vía NAS bloqueado: pasar a wpcom_generico (como 2240),sí,PERIÓDICOS ALIAZON,https://periodicosaliazon.blogspot.com/2026/08/mundo-efe.html,1
noticias-1221,1191,https://carmenprofe.synology.me/scraper_generico.php?url=https%3A%2F%2Fefe.com%2Feconomia%2F,"sin cambios | feed HTTP 200, 8 noticias | NAS copia-anterior",EFE vía NAS bloqueado: pasar a wpcom_generico (como 2240),sí,PERIÓDICOS ALIAZON,https://periodicosaliazon.blogspot.com/2026/09/economia-efe.html,1
noticias-1223,1192,https://carmenprofe.synology.me/scraper_generico.php?url=https%3A%2F%2Fefe.com%2Fcultura%2F,"sin cambios | feed HTTP 200, 8 noticias | NAS retirada-copia",EFE vía NAS bloqueado: pasar a wpcom_generico (como 2240),sí,PERIÓDICOS ALIAZON,https://periodicosaliazon.blogspot.com/2026/09/cultura-efe.html,1
noticias-1235,1204,https://noticias.carmenprofe.synology.me/scraper_generico.php?url=https%3A%2F%2Fefe.com%2Fcataluna%2F,sin cambios | feed HTTP 503 | NAS retirada-vacia,EFE vía NAS bloqueado: pasar a wpcom_generico (como 2240),sí,NOTICIAS AUTONÓMICAS ESPAÑA,https://noticiasautonomicas.blogspot.com/2026/08/cataluna-efe.html,1
noticias-1701,1658,https://carmenprofe.synology.me/scraper_generico.php?url=https%3A%2F%2Fwww.zamoranews.com%2Finternacional%2F,"sin cambios | feed HTTP 200, 8 noticias | NAS retirada-copia",la web no da noticias al NAS (sirve copia vieja): revisar a mano,sí,PERIÓDICOS ALIAZON,https://periodicosaliazon.blogspot.com/2026/08/internacional-zamora-news.html,1
noticias-2024,1897,https://noticias.carmenprofe.synology.me/scraper_generico.php?url=https%3A%2F%2Fwww.esdiario.com%2Finternacional%2F,"sin cambios | feed HTTP 200, 8 noticias | NAS copia-anterior",la web no da noticias al NAS (sirve copia vieja): revisar a mano,sí,PERIÓDICOS ALIAZON,https://periodicosaliazon.blogspot.com/2026/09/internacional-esdiario.html,1
noticias-2025,1898,https://noticias.carmenprofe.synology.me/scraper_generico.php?url=https%3A%2F%2Fwww.esdiario.com%2Ftemas%2Fsucesos%2F,"sin cambios | feed HTTP 200, 8 noticias | NAS copia-anterior",la web no da noticias al NAS (sirve copia vieja): revisar a mano,sí,PERIÓDICOS ALIAZON,https://periodicosaliazon.blogspot.com/2026/09/sucesos-esdiario_0997815128.html,1
noticias-2050,2005,https://carmenprofe.synology.me/scraper_generico.php?url=https%3A%2F%2Floquesomos.es%2Fcategory%2Fculturarte%2Fs-cine-13%2F,"sin cambios | feed HTTP 200, 8 noticias | NAS retirada-copia",la web no da noticias al NAS (sirve copia vieja): revisar a mano,sí,PERIÓDICOS ALIAZON,https://periodicosaliazon.blogspot.com/2026/09/cine-lo-que-somos.html,1
noticias-2051,2006,https://noticias.carmenprofe.synology.me/scraper_generico.php?url=https%3A%2F%2Floquesomos.es%2Fcategory%2Fculturarte%2Fs-musica-13%2F,"sin cambios | feed HTTP 200, 8 noticias | NAS retirada-copia",la web no da noticias al NAS (sirve copia vieja): revisar a mano,sí,PERIÓDICOS ALIAZON,https://periodicosaliazon.blogspot.com/2026/09/musica-lo-que-somos.html,1
noticias-2069,2023,https://carmenprofe.synology.me/scraper_generico.php?url=https%3A%2F%2Floquesomos.es%2Fcategory%2Fmundo%2Fs-galiza-13%2F,"sin cambios | feed HTTP 200, 8 noticias | NAS retirada-copia",la web no da noticias al NAS (sirve copia vieja): revisar a mano,sí,NOTICIAS AUTONÓMICAS ESPAÑA,https://noticiasautonomicas.blogspot.com/2026/09/galicia-lo-que-somos.html,1
noticias-2070,2024,https://carmenprofe.synology.me/scraper_generico.php?url=https%3A%2F%2Floquesomos.es%2Fcategory%2Fmundo%2Fs-iberia-13%2Fs-andaluz-13%2F,"sin cambios | feed HTTP 200, 8 noticias | NAS retirada-copia",la web no da noticias al NAS (sirve copia vieja): revisar a mano,sí,NOTICIAS AUTONÓMICAS ESPAÑA,https://noticiasautonomicas.blogspot.com/2026/09/andalucia-lo-que-somos.html,1
noticias-2071,2025,https://carmenprofe.synology.me/scraper_generico.php?url=https%3A%2F%2Floquesomos.es%2Fcategory%2Fmundo%2Fs-iberia-13%2Fs-cantabria-13%2F,"sin cambios | feed HTTP 200, 8 noticias | NAS retirada-copia",la web no da noticias al NAS (sirve copia vieja): revisar a mano,sí,NOTICIAS AUTONÓMICAS ESPAÑA,https://noticiasautonomicas.blogspot.com/2026/09/cantabria-lo-que-somos.html,1
noticias-2098,2052,https://noticias.carmenprofe.synology.me/scraper_generico.php?url=https%3A%2F%2Floquesomos.es%2Fcategory%2Fs-economia-13%2Fs-lucha-de-clases-s%2F,"sin cambios | feed HTTP 200, 8 noticias | NAS retirada-copia",la web no da noticias al NAS (sirve copia vieja): revisar a mano,sí,PERIÓDICOS ALIAZON,https://periodicosaliazon.blogspot.com/2026/09/lucha-de-clases-lo-que-somos.html,1
noticias-2100,2054,https://carmenprofe.synology.me/scraper_generico.php?url=https%3A%2F%2Floquesomos.es%2Fcategory%2Fs-podcast-13%2F,"sin cambios | feed HTTP 200, 7 noticias | NAS retirada-copia",la web no da noticias al NAS (sirve copia vieja): revisar a mano,sí,PERIÓDICOS ALIAZON,https://periodicosaliazon.blogspot.com/2026/09/podcast-lo-que-somos.html,1
noticias-2336,2224,https://noticias.carmenprofe.synology.me/scraper_generico.php?url=https%3A%2F%2Floquesomos.es%2F,"sin cambios | feed HTTP 200, 8 noticias | NAS retirada-copia",la web no da noticias al NAS (sirve copia vieja): revisar a mano,sí,PERIÓDICOS ALIAZON,https://periodicosaliazon.blogspot.com/2026/09/portada-lo-que-somos.html,1
noticias-2335,2265,https://noticias.carmenprofe.synology.me/scraper_generico.php?url=https%3A%2F%2Floquesomos.es%2Fcategory%2Fmaneras-de-vivir%2F,"sin cambios | feed HTTP 200, 8 noticias | NAS retirada-copia",la web no da noticias al NAS (sirve copia vieja): revisar a mano,sí,PERIÓDICOS ALIAZON,https://periodicosaliazon.blogspot.com/2026/09/maneras-de-vivir-lo-que-somos.html,1
noticias-420,311,https://www.elconfidencialdigital.com/rss/video/,sin cambios | feed HTTP 403,bloquea a GitHub (403): leer la página de la sección vía NAS,no,,,0
noticias-422,313,https://www.elconfidencialdigital.com/rss/poll/,"sin fotos,sin cambios | feed HTTP 403",bloquea a GitHub (403): leer la página de la sección vía NAS,no,,,0
noticias-423,314,https://www.elconfidencialdigital.com/rss/portadas/,sin cambios | feed HTTP 403,bloquea a GitHub (403): leer la página de la sección vía NAS,no,,,0
noticias-425,316,https://www.elconfidencialdigital.com/rss/videonoticias-ecd/,sin cambios | feed HTTP 403,bloquea a GitHub (403): leer la página de la sección vía NAS,no,,,0
noticias-428,317,https://www.elconfidencialdigital.com/rss/la-buena-vida/,sin cambios | feed HTTP 403,bloquea a GitHub (403): leer la página de la sección vía NAS,no,,,0
noticias-427,319,https://www.elconfidencialdigital.com/rss/deportes/,sin cambios | feed HTTP 403,bloquea a GitHub (403): leer la página de la sección vía NAS,no,,,0
noticias-424,320,https://www.elconfidencialdigital.com/rss/videos-de-ecd/,"menos de 3,sin cambios | feed HTTP 403",bloquea a GitHub (403): leer la página de la sección vía NAS,no,,,0
noticias-433,324,https://www.elconfidencialdigital.com/rss/tendencias/,sin cambios | feed HTTP 403,bloquea a GitHub (403): leer la página de la sección vía NAS,no,,,0
noticias-434,325,https://www.elconfidencialdigital.com/rss/educacion-formacion/,sin cambios | feed HTTP 403,bloquea a GitHub (403): leer la página de la sección vía NAS,no,,,0
noticias-440,330,https://www.elconfidencialdigital.com/rss/vivir/,sin cambios | feed HTTP 403,bloquea a GitHub (403): leer la página de la sección vía NAS,no,,,0
noticias-442,333,https://www.elconfidencialdigital.com/rss/seguridad/,sin cambios | feed HTTP 403,bloquea a GitHub (403): leer la página de la sección vía NAS,no,,,0
noticias-445,334,https://www.elconfidencialdigital.com/rss/la-guinda-y-la-guindilla/,sin cambios | feed HTTP 403,bloquea a GitHub (403): leer la página de la sección vía NAS,no,,,0
noticias-444,335,https://www.elconfidencialdigital.com/rss/denuncias-de-los-lectores/,sin cambios | feed HTTP 403,bloquea a GitHub (403): leer la página de la sección vía NAS,no,,,0
noticias-448,336,https://www.elconfidencialdigital.com/rss/la-tertulia/,sin cambios | feed HTTP 403,bloquea a GitHub (403): leer la página de la sección vía NAS,no,,,0
noticias-450,338,https://www.elconfidencialdigital.com/rss/tribuna-libre/,sin cambios | feed HTTP 403,bloquea a GitHub (403): leer la página de la sección vía NAS,no,,,0
noticias-451,339,https://www.elconfidencialdigital.com/rss/el-criticon/,"sin fotos,sin cambios | feed HTTP 403",bloquea a GitHub (403): leer la página de la sección vía NAS,no,,,0
noticias-452,340,https://www.elconfidencialdigital.com/rss/videos/,sin cambios | feed HTTP 403,bloquea a GitHub (403): leer la página de la sección vía NAS,no,,,0
noticias-455,343,https://www.elconfidencialdigital.com/rss/juridico/,sin cambios | feed HTTP 403,bloquea a GitHub (403): leer la página de la sección vía NAS,no,,,0
noticias-459,346,https://www.elconfidencialdigital.com/rss/encuestas/,sin cambios | feed HTTP 403,bloquea a GitHub (403): leer la página de la sección vía NAS,no,,,0
noticias-460,347,https://www.elconfidencialdigital.com/rss/perfil/,sin cambios | feed HTTP 403,bloquea a GitHub (403): leer la página de la sección vía NAS,no,,,0
noticias-461,348,https://www.elconfidencialdigital.com/rss/innovacion/,sin cambios | feed HTTP 403,bloquea a GitHub (403): leer la página de la sección vía NAS,no,,,0
noticias-462,349,https://www.elconfidencialdigital.com/rss/otros/,sin cambios | feed HTTP 403,bloquea a GitHub (403): leer la página de la sección vía NAS,no,,,0
noticias-466,351,https://www.elconfidencialdigital.com/rss/podcast/,sin cambios | feed HTTP 403,bloquea a GitHub (403): leer la página de la sección vía NAS,no,,,0
noticias-463,353,https://www.elconfidencialdigital.com/rss/judicial/,sin cambios | feed HTTP 403,bloquea a GitHub (403): leer la página de la sección vía NAS,no,,,0
noticias-468,354,https://www.elconfidencialdigital.com/rss/videos-copa-mundial-fifa-catar-2022/,sin cambios | feed HTTP 403,bloquea a GitHub (403): leer la página de la sección vía NAS,no,,,0
noticias-469,355,https://www.elconfidencialdigital.com/rss/curiosidades/,sin cambios | feed HTTP 403,bloquea a GitHub (403): leer la página de la sección vía NAS,no,,,0
noticias-471,357,https://www.elconfidencialdigital.com/rss/pueblos-con-encanto/,sin cambios | feed HTTP 403,bloquea a GitHub (403): leer la página de la sección vía NAS,no,,,0
noticias-473,358,https://www.elconfidencialdigital.com/rss/tiempo/,sin cambios | feed HTTP 403,bloquea a GitHub (403): leer la página de la sección vía NAS,no,,,0
noticias-474,359,https://www.elconfidencialdigital.com/rss/cotilleo/,sin cambios | feed HTTP 403,bloquea a GitHub (403): leer la página de la sección vía NAS,no,,,0
noticias-472,360,https://www.elconfidencialdigital.com/rss/consumo/,sin cambios | feed HTTP 403,bloquea a GitHub (403): leer la página de la sección vía NAS,no,,,0
noticias-475,361,https://www.elconfidencialdigital.com/rss/belleza/,sin cambios | feed HTTP 403,bloquea a GitHub (403): leer la página de la sección vía NAS,no,,,0
noticias-477,362,https://www.elconfidencialdigital.com/rss/cine/,sin cambios | feed HTTP 403,bloquea a GitHub (403): leer la página de la sección vía NAS,no,,,0
noticias-476,363,https://www.elconfidencialdigital.com/rss/moda/,sin cambios | feed HTTP 403,bloquea a GitHub (403): leer la página de la sección vía NAS,no,,,0
noticias-479,364,https://www.elconfidencialdigital.com/rss/electrodomesticos/,sin cambios | feed HTTP 403,bloquea a GitHub (403): leer la página de la sección vía NAS,no,,,0
noticias-480,366,https://www.elconfidencialdigital.com/rss/tecnologia/,sin cambios | feed HTTP 403,bloquea a GitHub (403): leer la página de la sección vía NAS,no,,,0
noticias-481,367,https://www.elconfidencialdigital.com/rss/viajes/,sin cambios | feed HTTP 403,bloquea a GitHub (403): leer la página de la sección vía NAS,no,,,0
noticias-482,370,https://www.elconfidencialdigital.com/rss/regalos/,sin cambios | feed HTTP 403,bloquea a GitHub (403): leer la página de la sección vía NAS,no,,,0
noticias-486,372,https://www.elconfidencialdigital.com/rss/ikea/,sin cambios | feed HTTP 403,bloquea a GitHub (403): leer la página de la sección vía NAS,no,,,0
noticias-487,374,https://www.elconfidencialdigital.com/rss/aprovecha-el-verano/,sin cambios | feed HTTP 403,bloquea a GitHub (403): leer la página de la sección vía NAS,no,,,0
noticias-489,375,https://www.elconfidencialdigital.com/rss/negocio-inversion/,sin cambios | feed HTTP 403,bloquea a GitHub (403): leer la página de la sección vía NAS,no,,,0
noticias-490,376,https://www.elconfidencialdigital.com/rss/promociones-descuentos/,sin cambios | feed HTTP 403,bloquea a GitHub (403): leer la página de la sección vía NAS,no,,,0
noticias-491,377,https://www.elconfidencialdigital.com/rss/semana-santa/,sin cambios | feed HTTP 403,bloquea a GitHub (403): leer la página de la sección vía NAS,no,,,0
noticias-498,382,https://www.elconfidencialdigital.com/rss/video/videoblog-jose-apezarena/,sin cambios | feed HTTP 403,bloquea a GitHub (403): leer la página de la sección vía NAS,no,,,0
noticias-499,383,https://www.elconfidencialdigital.com/rss/video/deportes/,"menos de 3,sin cambios | feed HTTP 403",bloquea a GitHub (403): leer la página de la sección vía NAS,no,,,0
noticias-500,384,https://www.elconfidencialdigital.com/rss/video/la-buena-vida/,"menos de 3,sin cambios | feed HTTP 403",bloquea a GitHub (403): leer la página de la sección vía NAS,no,,,0
noticias-507,389,https://www.elconfidencialdigital.com/rss/video/vivir/,sin cambios | feed HTTP 403,bloquea a GitHub (403): leer la página de la sección vía NAS,no,,,0
noticias-508,391,https://www.elconfidencialdigital.com/rss/video/politica/,sin cambios | feed HTTP 403,bloquea a GitHub (403): leer la página de la sección vía NAS,no,,,0
noticias-510,394,https://www.elconfidencialdigital.com/rss/video/la-voz-del-lector/,"menos de 3,sin cambios | feed HTTP 403",bloquea a GitHub (403): leer la página de la sección vía NAS,no,,,0
noticias-512,395,https://www.elconfidencialdigital.com/rss/video/el-chivato/,"menos de 3,sin cambios | feed HTTP 403",bloquea a GitHub (403): leer la página de la sección vía NAS,no,,,0
noticias-513,396,https://www.elconfidencialdigital.com/rss/video/actualidad/,"menos de 3,sin cambios | feed HTTP 403",bloquea a GitHub (403): leer la página de la sección vía NAS,no,,,0
noticias-511,397,https://www.elconfidencialdigital.com/rss/video/videos/,sin cambios | feed HTTP 403,bloquea a GitHub (403): leer la página de la sección vía NAS,no,,,0
noticias-514,398,https://www.elconfidencialdigital.com/rss/video/videos-copa-mundial-fifa-catar-2022/,sin cambios | feed HTTP 403,bloquea a GitHub (403): leer la página de la sección vía NAS,no,,,0
noticias-515,399,https://www.elconfidencialdigital.com/rss/video/viajes/,"menos de 3,sin cambios | feed HTTP 403",bloquea a GitHub (403): leer la página de la sección vía NAS,no,,,0
noticias-517,401,https://www.elconfidencialdigital.com/rss/album/deportes/,sin cambios | feed HTTP 403,bloquea a GitHub (403): leer la página de la sección vía NAS,no,,,0
noticias-523,406,https://www.elconfidencialdigital.com/rss/album/dinero/,sin cambios | feed HTTP 403,bloquea a GitHub (403): leer la página de la sección vía NAS,no,,,0
noticias-524,407,https://www.elconfidencialdigital.com/rss/album/casas-reales/,sin cambios | feed HTTP 403,bloquea a GitHub (403): leer la página de la sección vía NAS,no,,,0
noticias-525,408,https://www.elconfidencialdigital.com/rss/album/religion/,sin cambios | feed HTTP 403,bloquea a GitHub (403): leer la página de la sección vía NAS,no,,,0
noticias-528,410,https://www.elconfidencialdigital.com/rss/album/seguridad/,"titulo corto,sin cambios | feed HTTP 403",bloquea a GitHub (403): leer la página de la sección vía NAS,no,,,0
noticias-529,411,https://www.elconfidencialdigital.com/rss/album/la-voz-del-lector/,"menos de 3,sin cambios | feed HTTP 403",bloquea a GitHub (403): leer la página de la sección vía NAS,no,,,0
noticias-530,412,https://www.elconfidencialdigital.com/rss/album/tribuna-libre/,"menos de 3,sin cambios | feed HTTP 403",bloquea a GitHub (403): leer la página de la sección vía NAS,no,,,0
noticias-532,413,https://www.elconfidencialdigital.com/rss/album/juridico/,"menos de 3,sin cambios | feed HTTP 403",bloquea a GitHub (403): leer la página de la sección vía NAS,no,,,0
noticias-534,414,https://www.elconfidencialdigital.com/rss/album/el-chivato/,sin cambios | feed HTTP 403,bloquea a GitHub (403): leer la página de la sección vía NAS,no,,,0
noticias-533,415,https://www.elconfidencialdigital.com/rss/album/el-chau-chau/,"titulo corto,sin cambios | feed HTTP 403",bloquea a GitHub (403): leer la página de la sección vía NAS,no,,,0
noticias-537,416,https://www.elconfidencialdigital.com/rss/album/consumo/,"menos de 3,sin cambios | feed HTTP 403",bloquea a GitHub (403): leer la página de la sección vía NAS,no,,,0
noticias-536,417,https://www.elconfidencialdigital.com/rss/album/famosos/,sin cambios | feed HTTP 403,bloquea a GitHub (403): leer la página de la sección vía NAS,no,,,0
noticias-538,418,https://www.elconfidencialdigital.com/rss/album/cotilleo/,sin cambios | feed HTTP 403,bloquea a GitHub (403): leer la página de la sección vía NAS,no,,,0
noticias-539,419,https://www.elconfidencialdigital.com/rss/album/tecnologia/,"titulo corto,sin cambios | feed HTTP 403",bloquea a GitHub (403): leer la página de la sección vía NAS,no,,,0
noticias-541,420,https://www.elconfidencialdigital.com/rss/album/series/,sin cambios | feed HTTP 403,bloquea a GitHub (403): leer la página de la sección vía NAS,no,,,0
noticias-540,421,https://www.elconfidencialdigital.com/rss/album/viajes/,sin cambios | feed HTTP 403,bloquea a GitHub (403): leer la página de la sección vía NAS,no,,,0
noticias-542,422,https://www.elconfidencialdigital.com/rss/poll/videos-de-ecd/,"menos de 3,sin fotos,sin cambios | feed HTTP 403",bloquea a GitHub (403): leer la página de la sección vía NAS,no,,,0
noticias-543,423,https://www.elconfidencialdigital.com/rss/poll/videonoticias-ecd/,"menos de 3,sin fotos,sin cambios | feed HTTP 403",bloquea a GitHub (403): leer la página de la sección vía NAS,no,,,0
noticias-544,424,https://www.elconfidencialdigital.com/rss/poll/deportes/,"menos de 3,sin fotos,sin cambios | feed HTTP 403",bloquea a GitHub (403): leer la página de la sección vía NAS,no,,,0
noticias-545,425,https://www.elconfidencialdigital.com/rss/poll/medios/,"menos de 3,sin fotos,sin cambios | feed HTTP 403",bloquea a GitHub (403): leer la página de la sección vía NAS,no,,,0
noticias-547,426,https://www.elconfidencialdigital.com/rss/poll/casas-reales/,"menos de 3,sin fotos,sin cambios | feed HTTP 403",bloquea a GitHub (403): leer la página de la sección vía NAS,no,,,0
noticias-546,427,https://www.elconfidencialdigital.com/rss/poll/dinero/,"menos de 3,sin fotos,sin cambios | feed HTTP 403",bloquea a GitHub (403): leer la página de la sección vía NAS,no,,,0
noticias-549,428,https://www.elconfidencialdigital.com/rss/poll/politica/,"sin fotos,sin cambios | feed HTTP 403",bloquea a GitHub (403): leer la página de la sección vía NAS,no,,,0
noticias-548,429,https://www.elconfidencialdigital.com/rss/poll/vivir/,"sin fotos,sin cambios | feed HTTP 403",bloquea a GitHub (403): leer la página de la sección vía NAS,no,,,0
noticias-535,431,https://www.elconfidencialdigital.com/rss/album/otros/,"menos de 3,sin cambios | feed HTTP 403",bloquea a GitHub (403): leer la página de la sección vía NAS,no,,,0
noticias-550,432,https://www.elconfidencialdigital.com/rss/poll/seguridad/,"sin fotos,sin cambios | feed HTTP 403",bloquea a GitHub (403): leer la página de la sección vía NAS,no,,,0
noticias-551,433,https://www.elconfidencialdigital.com/rss/poll/encuestas/,"sin fotos,sin cambios | feed HTTP 403",bloquea a GitHub (403): leer la página de la sección vía NAS,no,,,0
noticias-553,434,https://www.elconfidencialdigital.com/rss/poll/actualidad/,"menos de 3,sin fotos,sin cambios | feed HTTP 403",bloquea a GitHub (403): leer la página de la sección vía NAS,no,,,0
noticias-555,435,https://www.elconfidencialdigital.com/rss/author/atenea/,sin cambios | feed HTTP 403,bloquea a GitHub (403): leer la página de la sección vía NAS,no,,,0
noticias-554,436,https://www.elconfidencialdigital.com/rss/author/andrea-ortega-rubio/,sin cambios | feed HTTP 403,bloquea a GitHub (403): leer la página de la sección vía NAS,no,,,0
noticias-552,437,https://www.elconfidencialdigital.com/rss/poll/otros/,"menos de 3,sin fotos,sin cambios | feed HTTP 403",bloquea a GitHub (403): leer la página de la sección vía NAS,no,,,0
noticias-558,438,https://www.elconfidencialdigital.com/rss/author/blanca-gonzalez-haz/,sin cambios | feed HTTP 403,bloquea a GitHub (403): leer la página de la sección vía NAS,no,,,0
noticias-557,439,https://www.elconfidencialdigital.com/rss/author/oscar-beltran-izquierdo/,sin cambios | feed HTTP 403,bloquea a GitHub (403): leer la página de la sección vía NAS,no,,,0
noticias-561,441,https://www.elconfidencialdigital.com/rss/author/juan/,sin cambios | feed HTTP 403,bloquea a GitHub (403): leer la página de la sección vía NAS,no,,,0
noticias-560,442,https://www.elconfidencialdigital.com/rss/author/editor/,sin cambios | feed HTTP 403,bloquea a GitHub (403): leer la página de la sección vía NAS,no,,,0
noticias-562,444,https://www.elconfidencialdigital.com/rss/author/javier-del-pozo/,sin cambios | feed HTTP 403,bloquea a GitHub (403): leer la página de la sección vía NAS,no,,,0
noticias-567,447,https://www.elconfidencialdigital.com/rss/author/jose-maria-martinez/,sin cambios | feed HTTP 403,bloquea a GitHub (403): leer la página de la sección vía NAS,no,,,0
noticias-563,450,https://www.elconfidencialdigital.com/rss/author/javier-fumero/,sin cambios | feed HTTP 403,bloquea a GitHub (403): leer la página de la sección vía NAS,no,,,0
noticias-569,451,https://www.elconfidencialdigital.com/rss/author/manuel-alvarez-plaza/,sin cambios | feed HTTP 403,bloquea a GitHub (403): leer la página de la sección vía NAS,no,,,0
noticias-456,569,https://www.elconfidencialdigital.com/rss/muy-confidencial/,"sin fotos,sin cambios | feed HTTP 403",bloquea a GitHub (403): leer la página de la sección vía NAS,no,,,0
noticias-497,571,https://www.elconfidencialdigital.com/rss/video/videonoticias-ecd/,sin cambios | feed HTTP 403,bloquea a GitHub (403): leer la página de la sección vía NAS,no,,,0
noticias-509,572,https://www.elconfidencialdigital.com/rss/video/seguridad/,sin cambios | feed HTTP 403,bloquea a GitHub (403): leer la página de la sección vía NAS,no,,,0
noticias-516,573,https://www.elconfidencialdigital.com/rss/album/videonoticias-ecd/,"menos de 3,sin cambios | feed HTTP 403",bloquea a GitHub (403): leer la página de la sección vía NAS,no,,,0
noticias-566,576,https://www.elconfidencialdigital.com/rss/author/jose-apezarena/,sin cambios | feed HTTP 403,bloquea a GitHub (403): leer la página de la sección vía NAS,no,,,0
noticias-1123,1090,https://carmenprofe.synology.me/scraper_generico.php?url=https%3A%2F%2Felpais.com%2Famerica-colombia%2F,"sin cambios | feed HTTP 200, 8 noticias | NAS retirada-copia",El País vía NAS sirve copia vieja: pasar a RSS oficial,no,,,0
noticias-1124,1091,https://carmenprofe.synology.me/scraper_generico.php?url=https%3A%2F%2Felpais.com%2Fchile%2F,"sin cambios | feed HTTP 200, 8 noticias | NAS retirada-copia",El País vía NAS sirve copia vieja: pasar a RSS oficial,no,,,0
noticias-1132,1099,https://carmenprofe.synology.me/scraper_generico.php?url=https%3A%2F%2Felpais.com%2Fopinion%2Fvinetas%2F,"sin cambios | feed HTTP 200, 8 noticias | NAS retirada-copia",El País vía NAS sirve copia vieja: pasar a RSS oficial,no,,,0
noticias-1135,1102,https://noticias.carmenprofe.synology.me/scraper_generico.php?url=https%3A%2F%2Felpais.com%2Fespana%2F,"sin cambios | feed HTTP 200, 8 noticias | NAS retirada-copia",El País vía NAS sirve copia vieja: pasar a RSS oficial,no,,,0
noticias-1139,1105,https://carmenprofe.synology.me/scraper_generico.php?url=https%3A%2F%2Felpais.com%2Fespana%2Fgalicia%2F,"sin cambios | feed HTTP 200, 8 noticias | NAS retirada-copia",El País vía NAS sirve copia vieja: pasar a RSS oficial,no,,,0
noticias-1138,1106,https://carmenprofe.synology.me/scraper_generico.php?url=https%3A%2F%2Felpais.com%2Fespana%2Fcomunidad-valenciana%2F,"sin cambios | feed HTTP 200, 8 noticias | NAS retirada-copia",El País vía NAS sirve copia vieja: pasar a RSS oficial,no,,,0
noticias-1144,1111,https://carmenprofe.synology.me/scraper_generico.php?url=https%3A%2F%2Felpais.com%2Feconomia%2Fvivienda%2F,"sin cambios | feed HTTP 200, 8 noticias | NAS retirada-copia",El País vía NAS sirve copia vieja: pasar a RSS oficial,no,,,0
noticias-1145,1112,https://carmenprofe.synology.me/scraper_generico.php?url=https%3A%2F%2Felpais.com%2Feconomia%2Fmis-derechos%2F,"sin cambios | feed HTTP 200, 8 noticias | NAS retirada-copia",El País vía NAS sirve copia vieja: pasar a RSS oficial,no,,,0
noticias-1146,1113,https://carmenprofe.synology.me/scraper_generico.php?url=https%3A%2F%2Felpais.com%2Feconomia%2Fformacion%2F,"sin cambios,enlaces ajenos (emagister.com) | feed HTTP 200, 8 noticias | NAS retirada-copia",El País vía NAS sirve copia vieja: pasar a RSS oficial,no,,,0
noticias-1159,1122,https://carmenprofe.synology.me/scraper_generico.php?url=https%3A%2F%2Felpais.com%2Fdeportes%2Fformula-1%2F,"sin cambios | feed HTTP 200, 8 noticias | NAS retirada-copia",El País vía NAS sirve copia vieja: pasar a RSS oficial,no,,,0
noticias-1163,1123,https://carmenprofe.synology.me/scraper_generico.php?url=https%3A%2F%2Felpais.com%2Fajedrez%2F,"sin cambios | feed HTTP 200, 8 noticias | NAS retirada-copia",El País vía NAS sirve copia vieja: pasar a RSS oficial,no,,,0
noticias-1162,1126,https://carmenprofe.synology.me/scraper_generico.php?url=https%3A%2F%2Felpais.com%2Fnoticias%2Fatletismo%2F,"sin cambios | feed HTTP 200, 8 noticias | NAS retirada-copia",El País vía NAS sirve copia vieja: pasar a RSS oficial,no,,,0
noticias-1166,1130,https://carmenprofe.synology.me/scraper_generico.php?url=https%3A%2F%2Felpais.com%2Faniversario%2F,"sin cambios | feed HTTP 200, 8 noticias | NAS retirada-copia",El País vía NAS sirve copia vieja: pasar a RSS oficial,no,,,0
noticias-1169,1131,https://carmenprofe.synology.me/scraper_generico.php?url=https%3A%2F%2Felpais.com%2Fvideos%2F,"sin cambios | feed HTTP 200, 8 noticias | NAS retirada-copia",El País vía NAS sirve copia vieja: pasar a RSS oficial,no,,,0
noticias-1161,1132,https://carmenprofe.synology.me/scraper_generico.php?url=https%3A%2F%2Felpais.com%2Fnoticias%2Fgolf%2F,"sin cambios | feed HTTP 200, 7 noticias | NAS retirada-copia",El País vía NAS sirve copia vieja: pasar a RSS oficial,no,,,0
noticias-1147,1133,https://carmenprofe.synology.me/scraper_generico.php?url=https%3A%2F%2Felpais.com%2Fsociedad%2F,"sin cambios | feed HTTP 200, 8 noticias | NAS retirada-copia",El País vía NAS sirve copia vieja: pasar a RSS oficial,no,,,0
noticias-1218,1187,https://carmenprofe.synology.me/scraper_generico.php?url=https%3A%2F%2Fefe.com%2F%23noticias,"menos de 3,sin cambios | feed HTTP 200, 1 noticias | NAS copia-anterior",EFE vía NAS bloqueado: pasar a wpcom_generico (como 2240),no,,,0
noticias-1219,1188,https://noticias.carmenprofe.synology.me/scraper_generico.php?url=https%3A%2F%2Fefe.com%2Fespana%2F,"sin cambios | feed HTTP 200, 8 noticias | NAS copia-anterior",EFE vía NAS bloqueado: pasar a wpcom_generico (como 2240),no,,,0
noticias-1226,1193,https://carmenprofe.synology.me/scraper_generico.php?url=https%3A%2F%2Fefe.com%2Feducacion%2F,sin cambios | feed HTTP 503 | NAS retirada-vacia,EFE vía NAS bloqueado: pasar a wpcom_generico (como 2240),no,,,0
noticias-1224,1194,https://carmenprofe.synology.me/scraper_generico.php?url=https%3A%2F%2Fefe.com%2Fciencia-y-tecnologia%2F,sin cambios | feed HTTP 503 | NAS retirada-vacia,EFE vía NAS bloqueado: pasar a wpcom_generico (como 2240),no,,,0
noticias-1225,1195,https://carmenprofe.synology.me/scraper_generico.php?url=https%3A%2F%2Fefe.com%2Fdeportes%2F,"sin cambios | feed HTTP 200, 8 noticias | NAS retirada-copia",EFE vía NAS bloqueado: pasar a wpcom_generico (como 2240),no,,,0
noticias-1227,1196,https://carmenprofe.synology.me/scraper_generico.php?url=https%3A%2F%2Fefe.com%2Fsalud%2F,"sin cambios | feed HTTP 200, 8 noticias | NAS retirada-copia",EFE vía NAS bloqueado: pasar a wpcom_generico (como 2240),no,,,0
noticias-1228,1197,https://carmenprofe.synology.me/scraper_generico.php?url=https%3A%2F%2Fefe.com%2Fmedio-ambiente%2F,"sin cambios | feed HTTP 200, 8 noticias | NAS retirada-copia",EFE vía NAS bloqueado: pasar a wpcom_generico (como 2240),no,,,0
noticias-1229,1198,https://carmenprofe.synology.me/scraper_generico.php?url=https%3A%2F%2Fefe.com%2Fandalucia%2F,sin cambios | feed HTTP 503 | NAS retirada-vacia,EFE vía NAS bloqueado: pasar a wpcom_generico (como 2240),no,,,0
noticias-1231,1199,https://carmenprofe.synology.me/scraper_generico.php?url=https%3A%2F%2Fefe.com%2Fcanarias%2F,sin cambios | feed HTTP 503 | NAS retirada-vacia,EFE vía NAS bloqueado: pasar a wpcom_generico (como 2240),no,,,0
noticias-1230,1200,https://carmenprofe.synology.me/scraper_generico.php?url=https%3A%2F%2Fefe.com%2Faragon%2F,sin cambios | feed HTTP 503 | NAS retirada-vacia,EFE vía NAS bloqueado: pasar a wpcom_generico (como 2240),no,,,0
noticias-1232,1201,https://carmenprofe.synology.me/scraper_generico.php?url=https%3A%2F%2Fefe.com%2Fcantabria%2F,"sin cambios,enlaces ajenos (efeagro.com efeservicios.com) | feed HTTP 503 | NAS retirada-vacia",EFE vía NAS bloqueado: pasar a wpcom_generico (como 2240),no,,,0
noticias-1233,1202,https://carmenprofe.synology.me/scraper_generico.php?url=https%3A%2F%2Fefe.com%2Fcastilla-y-leon%2F,sin cambios | feed HTTP 503 | NAS retirada-vacia,EFE vía NAS bloqueado: pasar a wpcom_generico (como 2240),no,,,0
noticias-1234,1203,https://carmenprofe.synology.me/scraper_generico.php?url=https%3A%2F%2Fefe.com%2Fcastilla-la-mancha%2F,sin cambios | feed HTTP 503 | NAS retirada-vacia,EFE vía NAS bloqueado: pasar a wpcom_generico (como 2240),no,,,0
noticias-1659,1616,https://carmenprofe.synology.me/scraper_generico.php?url=https%3A%2F%2Fwww.zamoranews.com%2Fopinion%2F,"sin cambios | feed HTTP 200, 8 noticias | NAS copia-anterior",la web no da noticias al NAS (sirve copia vieja): revisar a mano,no,,,0
noticias-1661,1619,https://carmenprofe.synology.me/scraper_generico.php?url=https%3A%2F%2Fwww.zamoranews.com%2Fvideo%2F,"sin cambios | feed HTTP 200, 8 noticias | NAS copia-anterior",la web no da noticias al NAS (sirve copia vieja): revisar a mano,no,,,0
noticias-1678,1635,https://carmenprofe.synology.me/scraper_generico.php?url=https%3A%2F%2Fwww.zamoranews.com%2Favila%2F,"sin cambios | feed HTTP 200, 8 noticias | NAS copia-anterior",la web no da noticias al NAS (sirve copia vieja): revisar a mano,no,,,0
noticias-1679,1636,https://carmenprofe.synology.me/scraper_generico.php?url=https%3A%2F%2Fwww.zamoranews.com%2Fburgos%2F,"sin cambios | feed HTTP 200, 8 noticias | NAS copia-anterior",la web no da noticias al NAS (sirve copia vieja): revisar a mano,no,,,0
noticias-1680,1637,https://carmenprofe.synology.me/scraper_generico.php?url=https%3A%2F%2Fwww.zamoranews.com%2Fleon%2F,"sin cambios | feed HTTP 200, 8 noticias | NAS retirada-copia",la web no da noticias al NAS (sirve copia vieja): revisar a mano,no,,,0
noticias-1681,1638,https://carmenprofe.synology.me/scraper_generico.php?url=https%3A%2F%2Fwww.zamoranews.com%2Fpalencia%2F,"sin cambios | feed HTTP 200, 8 noticias | NAS retirada-copia",la web no da noticias al NAS (sirve copia vieja): revisar a mano,no,,,0
noticias-1682,1639,https://carmenprofe.synology.me/scraper_generico.php?url=https%3A%2F%2Fwww.zamoranews.com%2Fsalamanca%2F,"sin cambios | feed HTTP 200, 8 noticias | NAS retirada-copia",la web no da noticias al NAS (sirve copia vieja): revisar a mano,no,,,0
noticias-1683,1640,https://carmenprofe.synology.me/scraper_generico.php?url=https%3A%2F%2Fwww.zamoranews.com%2Fsegovia%2F,"sin cambios | feed HTTP 200, 8 noticias | NAS retirada-copia",la web no da noticias al NAS (sirve copia vieja): revisar a mano,no,,,0
noticias-1684,1641,https://carmenprofe.synology.me/scraper_generico.php?url=https%3A%2F%2Fwww.zamoranews.com%2Fsoria%2F,"sin cambios | feed HTTP 200, 8 noticias | NAS retirada-copia",la web no da noticias al NAS (sirve copia vieja): revisar a mano,no,,,0
noticias-1685,1642,https://carmenprofe.synology.me/scraper_generico.php?url=https%3A%2F%2Fwww.zamoranews.com%2Fvalladolid%2F,"sin cambios | feed HTTP 200, 8 noticias | NAS retirada-copia",la web no da noticias al NAS (sirve copia vieja): revisar a mano,no,,,0
noticias-1694,1651,https://carmenprofe.synology.me/scraper_generico.php?url=https%3A%2F%2Fwww.zamoranews.com%2Fdeportes%2Fbalonmanozamora%2F,"sin cambios | feed HTTP 200, 8 noticias | NAS retirada-copia",la web no da noticias al NAS (sirve copia vieja): revisar a mano,no,,,0
noticias-1695,1652,https://carmenprofe.synology.me/scraper_generico.php?url=https%3A%2F%2Fwww.zamoranews.com%2Fdeportes%2Ffszamora%2F,"sin cambios | feed HTTP 200, 8 noticias | NAS retirada-copia",la web no da noticias al NAS (sirve copia vieja): revisar a mano,no,,,0
noticias-1703,1660,https://carmenprofe.synology.me/scraper_generico.php?url=https%3A%2F%2Fwww.zamoranews.com%2Fopinion%2F,"sin cambios | feed HTTP 200, 8 noticias | NAS copia-anterior",NAS: la sección casi no cambia o el lector coge bloques fijos,no,,,0
noticias-1705,1662,https://carmenprofe.synology.me/scraper_generico.php?url=https%3A%2F%2Fwww.zamoranews.com%2Funiversidad-zamora%2F,"sin cambios | feed HTTP 200, 8 noticias | NAS retirada-copia",la web no da noticias al NAS (sirve copia vieja): revisar a mano,no,,,0
noticias-1706,1663,https://carmenprofe.synology.me/scraper_generico.php?url=https%3A%2F%2Fwww.zamoranews.com%2Fzamora-participa%2Fimagendeldiazamora%2F,"sin cambios | feed HTTP 200, 8 noticias | NAS retirada-copia",la web no da noticias al NAS (sirve copia vieja): revisar a mano,no,,,0
noticias-1707,1664,https://carmenprofe.synology.me/scraper_generico.php?url=https%3A%2F%2Fwww.zamoranews.com%2Fmagazine%2Fentrevistas%2F,"sin cambios | feed HTTP 200, 8 noticias | NAS retirada-copia",la web no da noticias al NAS (sirve copia vieja): revisar a mano,no,,,0
noticias-1709,1666,https://carmenprofe.synology.me/scraper_generico.php?url=https%3A%2F%2Fwww.zamoranews.com%2Fzamora-participa%2Ftuvoz-zamora%2F,"sin cambios | feed HTTP 200, 8 noticias | NAS retirada-copia",la web no da noticias al NAS (sirve copia vieja): revisar a mano,no,,,0
noticias-1710,1667,https://carmenprofe.synology.me/scraper_generico.php?url=https%3A%2F%2Fwww.zamoranews.com%2Fblogs%2F,"sin cambios | feed HTTP 200, 8 noticias | NAS retirada-copia",la web no da noticias al NAS (sirve copia vieja): revisar a mano,no,,,0
noticias-1711,1668,https://carmenprofe.synology.me/scraper_generico.php?url=https%3A%2F%2Fwww.zamoranews.com%2Fsemana-santa-zamora%2F,"sin cambios | feed HTTP 200, 8 noticias | NAS retirada-copia",la web no da noticias al NAS (sirve copia vieja): revisar a mano,no,,,0
noticias-1714,1670,https://carmenprofe.synology.me/scraper_generico.php?url=https%3A%2F%2Fwww.zamoranews.com%2Fmagazine%2Fentrevistas%2F,"sin cambios | feed HTTP 200, 8 noticias | NAS retirada-copia",NAS: la sección casi no cambia o el lector coge bloques fijos,no,,,0
noticias-1716,1672,https://carmenprofe.synology.me/scraper_generico.php?url=https%3A%2F%2Fwww.zamoranews.com%2Funiversidad-zamora%2F,"sin cambios | feed HTTP 200, 8 noticias | NAS retirada-copia",NAS: la sección casi no cambia o el lector coge bloques fijos,no,,,0
noticias-1717,1673,https://carmenprofe.synology.me/scraper_generico.php?url=https%3A%2F%2Fwww.zamoranews.com%2Fopinion%2F,"sin cambios | feed HTTP 200, 8 noticias | NAS copia-anterior",NAS: la sección casi no cambia o el lector coge bloques fijos,no,,,0
noticias-1719,1674,https://carmenprofe.synology.me/scraper_generico.php?url=https%3A%2F%2Fwww.zamoranews.com%2Fvideo%2F,"sin cambios | feed HTTP 200, 8 noticias | NAS copia-anterior",NAS: la sección casi no cambia o el lector coge bloques fijos,no,,,0
noticias-2032,1902,https://carmenprofe.synology.me/scraper_generico.php?url=https%3A%2F%2Fwww.esdiario.com%2Fandalucia%2F,"sin cambios | feed HTTP 200, 8 noticias | NAS copia-anterior",la web no da noticias al NAS (sirve copia vieja): revisar a mano,no,,,0
noticias-2035,1904,https://carmenprofe.synology.me/scraper_generico.php?url=https%3A%2F%2Fwww.esdiario.com%2Fcomunidad-valenciana%2Fcastellon%2F,"sin cambios | feed HTTP 200, 8 noticias | NAS copia-anterior",la web no da noticias al NAS (sirve copia vieja): revisar a mano,no,,,0
noticias-2037,1907,https://carmenprofe.synology.me/scraper_generico.php?url=https%3A%2F%2Fwww.esdiario.com%2Fcastilla-y-leon%2F,"sin cambios | feed HTTP 200, 8 noticias | NAS copia-anterior",la web no da noticias al NAS (sirve copia vieja): revisar a mano,no,,,0
noticias-2040,1910,https://carmenprofe.synology.me/scraper_generico.php?url=https%3A%2F%2Fwww.esdiario.com%2Fviajes%2F,"sin cambios | feed HTTP 200, 8 noticias | NAS copia-anterior",la web no da noticias al NAS (sirve copia vieja): revisar a mano,no,,,0
noticias-2045,1915,https://noticias.carmenprofe.synology.me/scraper_generico.php?url=https%3A%2F%2Fwww.esdiario.com%2Ffotos%2F,"sin cambios | feed HTTP 200, 8 noticias | NAS retirada-copia",la web no da noticias al NAS (sirve copia vieja): revisar a mano,no,,,0
noticias-2046,1916,https://noticias.carmenprofe.synology.me/scraper_generico.php?url=https%3A%2F%2Fwww.esdiario.com%2F25-aniversario%2F,"sin cambios | feed HTTP 200, 8 noticias | NAS retirada-copia",la web no da noticias al NAS (sirve copia vieja): revisar a mano,no,,,0
noticias-2048,2002,https://carmenprofe.synology.me/scraper_generico.php?url=https%3A%2F%2Floquesomos.es%2Fasi-lo-dice-acacio%2F,"menos de 3,sin cambios | feed HTTP 200, 1 noticias | NAS copia-anterior",la web no da noticias al NAS (sirve copia vieja): revisar a mano,no,,,0
noticias-2049,2003,https://carmenprofe.synology.me/scraper_generico.php?url=https%3A%2F%2Floquesomos.es%2Fcategory%2Fculturarte%2F,"sin cambios | feed HTTP 200, 8 noticias | NAS copia-anterior",la web no da noticias al NAS (sirve copia vieja): revisar a mano,no,,,0
noticias-2056,2004,https://carmenprofe.synology.me/scraper_generico.php?url=https%3A%2F%2Floquesomos.es%2Fcategory%2Fla-calle%2Fs-otros-13%2F,"sin cambios | feed HTTP 200, 8 noticias | NAS copia-anterior",la web no da noticias al NAS (sirve copia vieja): revisar a mano,no,,,0
noticias-2052,2007,https://carmenprofe.synology.me/scraper_generico.php?url=https%3A%2F%2Floquesomos.es%2Fcategory%2Fla-calle%2F,"sin cambios | feed HTTP 200, 8 noticias | NAS copia-anterior",la web no da noticias al NAS (sirve copia vieja): revisar a mano,no,,,0
noticias-2053,2008,https://carmenprofe.synology.me/scraper_generico.php?url=https%3A%2F%2Floquesomos.es%2Fcategory%2Fla-calle%2Fa-transicion-sangre-13%2F,"sin cambios | feed HTTP 200, 8 noticias | NAS retirada-copia",la web no da noticias al NAS (sirve copia vieja): revisar a mano,no,,,0
noticias-2054,2009,https://carmenprofe.synology.me/scraper_generico.php?url=https%3A%2F%2Floquesomos.es%2Fcategory%2Fla-calle%2Fs-diana-13%2F,"sin cambios | feed HTTP 200, 8 noticias | NAS retirada-copia",la web no da noticias al NAS (sirve copia vieja): revisar a mano,no,,,0
noticias-2055,2010,https://carmenprofe.synology.me/scraper_generico.php?url=https%3A%2F%2Floquesomos.es%2Fcategory%2Fla-calle%2Fs-nosotras-13%2F,"sin cambios | feed HTTP 200, 8 noticias | NAS retirada-copia",la web no da noticias al NAS (sirve copia vieja): revisar a mano,no,,,0
noticias-2058,2012,https://carmenprofe.synology.me/scraper_generico.php?url=https%3A%2F%2Floquesomos.es%2Fcategory%2Fmaneras-de-vivir%2Fs-ciber-13%2F,"sin cambios | feed HTTP 200, 8 noticias | NAS retirada-copia",la web no da noticias al NAS (sirve copia vieja): revisar a mano,no,,,0
noticias-2059,2013,https://carmenprofe.synology.me/scraper_generico.php?url=https%3A%2F%2Floquesomos.es%2Fcategory%2Fmaneras-de-vivir%2Fs-sapiens-13%2F,"sin cambios | feed HTTP 200, 8 noticias | NAS retirada-copia",la web no da noticias al NAS (sirve copia vieja): revisar a mano,no,,,0
noticias-2060,2014,https://carmenprofe.synology.me/scraper_generico.php?url=https%3A%2F%2Floquesomos.es%2Fcategory%2Fmaneras-de-vivir%2Fs-tierra-13%2F,"sin cambios | feed HTTP 200, 8 noticias | NAS retirada-copia",la web no da noticias al NAS (sirve copia vieja): revisar a mano,no,,,0
noticias-2062,2016,https://carmenprofe.synology.me/scraper_generico.php?url=https%3A%2F%2Floquesomos.es%2Fcategory%2Fmundo%2Fs-africa-13%2F,"sin cambios | feed HTTP 200, 8 noticias | NAS retirada-copia",la web no da noticias al NAS (sirve copia vieja): revisar a mano,no,,,0
noticias-2063,2017,https://carmenprofe.synology.me/scraper_generico.php?url=https%3A%2F%2Floquesomos.es%2Fcategory%2Fmundo%2Fs-asia-13%2F,"sin cambios | feed HTTP 200, 8 noticias | NAS retirada-copia",la web no da noticias al NAS (sirve copia vieja): revisar a mano,no,,,0
noticias-2064,2018,https://carmenprofe.synology.me/scraper_generico.php?url=https%3A%2F%2Floquesomos.es%2Fcategory%2Fmundo%2Fs-brasil-13%2F,"sin cambios | feed HTTP 200, 8 noticias | NAS retirada-copia",la web no da noticias al NAS (sirve copia vieja): revisar a mano,no,,,0
noticias-2065,2019,https://carmenprofe.synology.me/scraper_generico.php?url=https%3A%2F%2Floquesomos.es%2Fcategory%2Fmundo%2Fs-china-13%2F,"sin cambios | feed HTTP 200, 8 noticias | NAS retirada-copia",la web no da noticias al NAS (sirve copia vieja): revisar a mano,no,,,0
noticias-2066,2020,https://carmenprofe.synology.me/scraper_generico.php?url=https%3A%2F%2Floquesomos.es%2Fcategory%2Fmundo%2Fs-eeuu-13%2F,"sin cambios | feed HTTP 200, 8 noticias | NAS retirada-copia",la web no da noticias al NAS (sirve copia vieja): revisar a mano,no,,,0
noticias-2067,2021,https://carmenprofe.synology.me/scraper_generico.php?url=https%3A%2F%2Floquesomos.es%2Fcategory%2Fmundo%2Fs-eh-13%2F,"sin cambios | feed HTTP 200, 8 noticias | NAS retirada-copia",la web no da noticias al NAS (sirve copia vieja): revisar a mano,no,,,0
noticias-2068,2022,https://carmenprofe.synology.me/scraper_generico.php?url=https%3A%2F%2Floquesomos.es%2Fcategory%2Fmundo%2Fs-europa-13%2F,"sin cambios | feed HTTP 200, 8 noticias | NAS retirada-copia",la web no da noticias al NAS (sirve copia vieja): revisar a mano,no,,,0
noticias-2072,2026,https://carmenprofe.synology.me/scraper_generico.php?url=https%3A%2F%2Floquesomos.es%2Fcategory%2Fmundo%2Fs-iberia-13%2Fs-madrid-13%2F,"sin cambios | feed HTTP 200, 8 noticias | NAS retirada-copia",la web no da noticias al NAS (sirve copia vieja): revisar a mano,no,,,0
noticias-2073,2027,https://carmenprofe.synology.me/scraper_generico.php?url=https%3A%2F%2Floquesomos.es%2Fcategory%2Fmundo%2Fs-iberia-13%2Fs-pv-13%2F,"sin cambios | feed HTTP 200, 8 noticias | NAS retirada-copia",la web no da noticias al NAS (sirve copia vieja): revisar a mano,no,,,0
noticias-2074,2028,https://carmenprofe.synology.me/scraper_generico.php?url=https%3A%2F%2Floquesomos.es%2Fcategory%2Fmundo%2Fs-palestina-13%2F,"sin cambios | feed HTTP 200, 8 noticias | NAS retirada-copia",la web no da noticias al NAS (sirve copia vieja): revisar a mano,no,,,0
noticias-2075,2029,https://carmenprofe.synology.me/scraper_generico.php?url=https%3A%2F%2Floquesomos.es%2Fcategory%2Fmundo%2Fs-rep-isalmica-iran-13%2F,"sin cambios | feed HTTP 200, 8 noticias | NAS retirada-copia",la web no da noticias al NAS (sirve copia vieja): revisar a mano,no,,,0
noticias-2076,2030,https://carmenprofe.synology.me/scraper_generico.php?url=https%3A%2F%2Floquesomos.es%2Fcategory%2Fmundo%2Fs-uruguay-13%2F,"sin cambios | feed HTTP 200, 8 noticias | NAS retirada-copia",la web no da noticias al NAS (sirve copia vieja): revisar a mano,no,,,0
noticias-2077,2031,https://carmenprofe.synology.me/scraper_generico.php?url=https%3A%2F%2Floquesomos.es%2Fcategory%2Fmundo%2Fs-venezuela-13%2F,"sin cambios | feed HTTP 200, 8 noticias | NAS retirada-copia",la web no da noticias al NAS (sirve copia vieja): revisar a mano,no,,,0
noticias-2078,2032,https://carmenprofe.synology.me/scraper_generico.php?url=https%3A%2F%2Floquesomos.es%2Fcategory%2Frepublica-literaria%2F,"sin cambios | feed HTTP 200, 8 noticias | NAS retirada-copia",la web no da noticias al NAS (sirve copia vieja): revisar a mano,no,,,0
noticias-2079,2033,https://carmenprofe.synology.me/scraper_generico.php?url=https%3A%2F%2Floquesomos.es%2Fcategory%2Frepublica-literaria%2Fs-ensayo-13%2F,"sin cambios | feed HTTP 200, 8 noticias | NAS retirada-copia",la web no da noticias al NAS (sirve copia vieja): revisar a mano,no,,,0
noticias-2080,2034,https://carmenprofe.synology.me/scraper_generico.php?url=https%3A%2F%2Floquesomos.es%2Fcategory%2Frepublica-literaria%2Fs-narravela-13%2F,"sin cambios | feed HTTP 200, 8 noticias | NAS retirada-copia",la web no da noticias al NAS (sirve copia vieja): revisar a mano,no,,,0
noticias-2081,2035,https://carmenprofe.synology.me/scraper_generico.php?url=https%3A%2F%2Floquesomos.es%2Fcategory%2Fs-autor-13%2Fs-amorin-13%2F,"sin cambios | feed HTTP 200, 8 noticias | NAS retirada-copia",la web no da noticias al NAS (sirve copia vieja): revisar a mano,no,,,0
noticias-2082,2036,https://carmenprofe.synology.me/scraper_generico.php?url=https%3A%2F%2Floquesomos.es%2Fcategory%2Fs-autor-13%2Fs-autoras-13%2F,"sin cambios | feed HTTP 200, 8 noticias | NAS retirada-copia",la web no da noticias al NAS (sirve copia vieja): revisar a mano,no,,,0
noticias-2083,2037,https://carmenprofe.synology.me/scraper_generico.php?url=https%3A%2F%2Floquesomos.es%2Fcategory%2Fs-autor-13%2Fs-ceciliar-13%2F,"sin cambios | feed HTTP 200, 8 noticias | NAS retirada-copia",la web no da noticias al NAS (sirve copia vieja): revisar a mano,no,,,0
noticias-2084,2038,https://carmenprofe.synology.me/scraper_generico.php?url=https%3A%2F%2Floquesomos.es%2Fcategory%2Fs-autor-13%2Fs-inaki-13%2F,"sin cambios | feed HTTP 200, 8 noticias | NAS retirada-copia",la web no da noticias al NAS (sirve copia vieja): revisar a mano,no,,,0
noticias-2085,2039,https://carmenprofe.synology.me/scraper_generico.php?url=https%3A%2F%2Floquesomos.es%2Fcategory%2Fs-autor-13%2Fs-lqs-noticias-13%2F,"sin cambios | feed HTTP 200, 8 noticias | NAS retirada-copia",la web no da noticias al NAS (sirve copia vieja): revisar a mano,no,,,0
noticias-2086,2040,https://carmenprofe.synology.me/scraper_generico.php?url=https%3A%2F%2Floquesomos.es%2Fcategory%2Fs-autor-13%2Fs-luzm-13%2F,"sin cambios | feed HTTP 200, 8 noticias | NAS retirada-copia",la web no da noticias al NAS (sirve copia vieja): revisar a mano,no,,,0
noticias-2087,2041,https://carmenprofe.synology.me/scraper_generico.php?url=https%3A%2F%2Floquesomos.es%2Fcategory%2Fs-autor-13%2Fs-mikelu-13%2F,"sin cambios | feed HTTP 200, 8 noticias | NAS retirada-copia",la web no da noticias al NAS (sirve copia vieja): revisar a mano,no,,,0
noticias-2088,2042,https://carmenprofe.synology.me/scraper_generico.php?url=https%3A%2F%2Floquesomos.es%2Fcategory%2Fs-autor-13%2Fs-pedrob-13%2F,"sin cambios | feed HTTP 200, 8 noticias | NAS retirada-copia",la web no da noticias al NAS (sirve copia vieja): revisar a mano,no,,,0
noticias-2089,2043,https://carmenprofe.synology.me/scraper_generico.php?url=https%3A%2F%2Floquesomos.es%2Fcategory%2Fs-autor-13%2Fs-reda-13%2F,"sin cambios | feed HTTP 200, 8 noticias | NAS retirada-copia",la web no da noticias al NAS (sirve copia vieja): revisar a mano,no,,,0
noticias-2090,2044,https://carmenprofe.synology.me/scraper_generico.php?url=https%3A%2F%2Floquesomos.es%2Fcategory%2Fs-autor-13%2Fs-rosama-13%2F,"sin cambios | feed HTTP 200, 8 noticias | NAS retirada-copia",la web no da noticias al NAS (sirve copia vieja): revisar a mano,no,,,0
noticias-2091,2045,https://carmenprofe.synology.me/scraper_generico.php?url=https%3A%2F%2Floquesomos.es%2Fcategory%2Fs-autor-13%2Fs-sergiof-13%2F,"sin cambios | feed HTTP 200, 8 noticias | NAS retirada-copia",la web no da noticias al NAS (sirve copia vieja): revisar a mano,no,,,0
noticias-2092,2046,https://carmenprofe.synology.me/scraper_generico.php?url=https%3A%2F%2Floquesomos.es%2Fcategory%2Fs-autor-13%2Fs-turon-13%2F,"sin cambios | feed HTTP 200, 8 noticias | NAS retirada-copia",la web no da noticias al NAS (sirve copia vieja): revisar a mano,no,,,0
noticias-2093,2047,https://carmenprofe.synology.me/scraper_generico.php?url=https%3A%2F%2Floquesomos.es%2Fcategory%2Fs-autor-13%2Fs-txemag-13%2F,"sin cambios | feed HTTP 200, 8 noticias | NAS retirada-copia",la web no da noticias al NAS (sirve copia vieja): revisar a mano,no,,,0
noticias-2094,2048,https://carmenprofe.synology.me/scraper_generico.php?url=https%3A%2F%2Floquesomos.es%2Fcategory%2Fs-autor-13%2Fs-victoria-saez-13%2F,"sin cambios | feed HTTP 200, 3 noticias | NAS retirada-copia",la web no da noticias al NAS (sirve copia vieja): revisar a mano,no,,,0
noticias-2095,2049,https://carmenprofe.synology.me/scraper_generico.php?url=https%3A%2F%2Floquesomos.es%2Fcategory%2Fs-autor-13%2Fs-vivent-m-13%2F,"sin cambios | feed HTTP 200, 8 noticias | NAS retirada-copia",la web no da noticias al NAS (sirve copia vieja): revisar a mano,no,,,0
noticias-2096,2050,https://carmenprofe.synology.me/scraper_generico.php?url=https%3A%2F%2Floquesomos.es%2Fcategory%2Fs-comunicacion-13%2F,"sin cambios | feed HTTP 200, 8 noticias | NAS retirada-copia",la web no da noticias al NAS (sirve copia vieja): revisar a mano,no,,,0
noticias-2097,2051,https://carmenprofe.synology.me/scraper_generico.php?url=https%3A%2F%2Floquesomos.es%2Fcategory%2Fs-economia-13%2F,"sin cambios | feed HTTP 200, 8 noticias | NAS retirada-copia",la web no da noticias al NAS (sirve copia vieja): revisar a mano,no,,,0
noticias-2099,2053,https://carmenprofe.synology.me/scraper_generico.php?url=https%3A%2F%2Floquesomos.es%2Fcategory%2Fs-lo-q-13%2F,"sin cambios | feed HTTP 200, 8 noticias | NAS retirada-copia",la web no da noticias al NAS (sirve copia vieja): revisar a mano,no,,,0
noticias-2101,2055,https://carmenprofe.synology.me/scraper_generico.php?url=https%3A%2F%2Floquesomos.es%2Fconvocatorias%2F,"menos de 3,sin cambios | feed HTTP 200, 1 noticias | NAS retirada-copia",la web no da noticias al NAS (sirve copia vieja): revisar a mano,no,,,0
noticias-2102,2056,https://carmenprofe.synology.me/scraper_generico.php?url=https%3A%2F%2Floquesomos.es%2Floquesomos-en-red%2F,"menos de 3,sin cambios | feed HTTP 200, 1 noticias | NAS retirada-copia",la web no da noticias al NAS (sirve copia vieja): revisar a mano,no,,,0
noticias-2228,2182,https://noticias.carmenprofe.synology.me/scraper_generico.php?url=https%3A%2F%2Fwww.emtmadrid.es%2FNoticias%3Flang%3Des-ES,"sin cambios | feed HTTP 200, 8 noticias | NAS copia-anterior",la web no da noticias al NAS (sirve copia vieja): revisar a mano,no,,,0
noticias-2331,2211,https://noticias.carmenprofe.synology.me/scraper_generico.php?url=https%3A%2F%2Floquesomos.es%2Fcategory%2Fla-calle%2F,"sin cambios | feed HTTP 200, 8 noticias | NAS retirada-copia",la web no da noticias al NAS (sirve copia vieja): revisar a mano,no,,,0
noticias-2333,2258,https://noticias.carmenprofe.synology.me/scraper_generico.php?url=https%3A%2F%2Floquesomos.es%2Fcategory%2Fculturarte%2F,"sin cambios | feed HTTP 200, 8 noticias | NAS retirada-copia",la web no da noticias al NAS (sirve copia vieja): revisar a mano,no,,,0
noticias-2334,2259,https://noticias.carmenprofe.synology.me/scraper_generico.php?url=https%3A%2F%2Floquesomos.es%2Fcategory%2Frepublica-literaria%2F,"sin cambios | feed HTTP 200, 8 noticias | NAS retirada-copia",la web no da noticias al NAS (sirve copia vieja): revisar a mano,no,,,0
noticias-2332,2260,https://noticias.carmenprofe.synology.me/scraper_generico.php?url=https%3A%2F%2Floquesomos.es%2Fcategory%2Fmundo%2F,"sin cambios | feed HTTP 200, 8 noticias | NAS retirada-copia",la web no da noticias al NAS (sirve copia vieja): revisar a mano,no,,,0
noticias-13,8,https://carmenprofe.synology.me/scraper_generico.php?url=https%3A%2F%2Fwww.elplural.com%2Fbuscador.html%3Fsearch%3DTURISMO,"sin cambios | feed HTTP 200, 8 noticias | NAS fresca",NAS: la sección casi no cambia o el lector coge bloques fijos,sí,PERIÓDICOS ALIAZON,https://periodicosaliazon.blogspot.com/2026/08/turismo-el-plural.html,1
noticias-26,10,https://www.lavanguardia.com/rss/mamas-y-papas.xml,"sin cambios | feed HTTP 200, 100 noticias, última 2022-10-15",feed abandonado (última 2022-10-15): leer la página vía NAS,sí,PERIÓDICOS ALIAZON,https://periodicosaliazon.blogspot.com/2026/07/mamas-y-papas-la-vanguardia.html,1
noticias-32,17,https://noticias.carmenprofe.synology.me/scraper_generico.php?url=https%3A%2F%2Fwww.lavanguardia.com%2Fvivo,"sin cambios | feed HTTP 200, 8 noticias | NAS fresca",NAS: la sección casi no cambia o el lector coge bloques fijos,sí,PERIÓDICOS ALIAZON,https://periodicosaliazon.blogspot.com/2026/07/vivo-la-vanguardia.html,1
noticias-142,21,https://carmenprofe.synology.me/scraper_generico.php?url=https%3A%2F%2Felordenmundial.com%2Feom-explica%2F,"sin cambios | feed HTTP 200, 8 noticias",NAS: la sección casi no cambia o el lector coge bloques fijos,sí,PERIÓDICOS ALIAZON,https://periodicosaliazon.blogspot.com/2026/07/relaciones-internacionales-el-orden.html,1
noticias-145,22,https://carmenprofe.synology.me/scraper_generico.php?url=https%3A%2F%2Felordenmundial.com%2Flibros-mas-peliculas-series%2F,"sin cambios | feed HTTP 200, 8 noticias",NAS: la sección casi no cambia o el lector coge bloques fijos,sí,PERIÓDICOS ALIAZON,https://periodicosaliazon.blogspot.com/2026/07/libros-peliculas-y-series-el-orden.html,1
noticias-140,23,https://carmenprofe.synology.me/scraper_generico.php?url=https%3A%2F%2Felordenmundial.com%2Fen-profundidad%2F,"sin cambios | feed HTTP 200, 8 noticias",NAS: la sección casi no cambia o el lector coge bloques fijos,sí,PERIÓDICOS ALIAZON,https://periodicosaliazon.blogspot.com/2026/07/en-profundidad-el-orden-mundial.html,1
noticias-130,24,https://carmenprofe.synology.me/scraper_generico.php?url=https%3A%2F%2Fwww.lavanguardia.com%2Fvanguardia-dossier,"sin cambios | feed HTTP 200, 8 noticias",el NAS ya tiene noticias nuevas pero el proceso de feeds no las guarda (NAS ocupado o tiempo de espera),sí,PERIÓDICOS ALIAZON,https://periodicosaliazon.blogspot.com/2026/07/dossier-la-vanguardia.html,1
noticias-124,25,https://carmenprofe.synology.me/scraper_generico.php?url=https%3A%2F%2Fwww.lavanguardia.com%2Fsuscriptores,"sin cambios | feed HTTP 200, 8 noticias",NAS: la sección casi no cambia o el lector coge bloques fijos,sí,PERIÓDICOS ALIAZON,https://periodicosaliazon.blogspot.com/2026/07/suscriptores-la-vanguardia.html,1
noticias-98,28,https://noticias.carmenprofe.synology.me/scraper_generico.php?url=https%3A%2F%2Fwww.lavanguardia.com%2Flocal%2Fmadrid,"sin cambios | feed HTTP 200, 8 noticias",NAS: la sección casi no cambia o el lector coge bloques fijos,sí,NOTICIAS MUNICIPIOS ESPAÑA,https://osyrisalba.blogspot.com/2026/07/madrid-la-vanguardia_0182200744.html,1
noticias-45,42,https://www.lavanguardia.com/rss/ocio/viajes.xml,"sin cambios | feed HTTP 200, 121 noticias, última 2026-06-04",feed abandonado (última 2026-06-04): leer la página vía NAS,sí,PERIÓDICOS ALIAZON,https://periodicosaliazon.blogspot.com/2026/09/ocio-viajes-la-vanguardia.html | https://periodicosaliazon.blogspot.com/2026/07/viajes-la-vanguardia.html,2
noticias-65,59,https://noticias.carmenprofe.synology.me/scraper_generico.php?url=https%3A%2F%2Fcomprobar-loteria.lavanguardia.com%2F,"sin cambios | feed HTTP 200, 4 noticias",el NAS ya tiene noticias nuevas pero el proceso de feeds no las guarda (NAS ocupado o tiempo de espera),sí,PERIÓDICOS ALIAZON,https://periodicosaliazon.blogspot.com/2026/07/loteria-la-vanguardia.html,1
noticias-64,60,https://noticias.carmenprofe.synology.me/scraper_generico.php?url=https%3A%2F%2Fclub.lavanguardia.com%2F,"sin cambios | feed HTTP 200, 8 noticias",el NAS ya tiene noticias nuevas pero el proceso de feeds no las guarda (NAS ocupado o tiempo de espera),sí,PERIÓDICOS ALIAZON,https://periodicosaliazon.blogspot.com/2026/07/club-la-vanguardia-la-vanguardia.html,1
noticias-66,61,https://noticias.carmenprofe.synology.me/scraper_generico.php?url=https%3A%2F%2Feltiempo.lavanguardia.com%2F,"menos de 3,sin cambios | feed HTTP 200, 2 noticias",NAS: la sección casi no cambia o el lector coge bloques fijos,sí,PERIÓDICOS ALIAZON,https://periodicosaliazon.blogspot.com/2026/07/el-tiempo-la-vanguardia.html,1
noticias-67,62,https://noticias.carmenprofe.synology.me/scraper_generico.php?url=https%3A%2F%2Fhemeroteca.lavanguardia.com%2F,"sin cambios | feed HTTP 200, 8 noticias",el NAS ya tiene noticias nuevas pero el proceso de feeds no las guarda (NAS ocupado o tiempo de espera),sí,PERIÓDICOS ALIAZON,https://periodicosaliazon.blogspot.com/2026/07/hemeroteca-la-vanguardia.html,1
noticias-70,65,https://noticias.carmenprofe.synology.me/scraper_generico.php?url=https%3A%2F%2Fwww.lavanguardia.com%2Fcalendario%2F,"menos de 3,sin cambios | feed HTTP 200, 1 noticias",el lector del NAS saca pocas noticias de esa página,sí,PERIÓDICOS ALIAZON,https://periodicosaliazon.blogspot.com/2026/07/calendario-la-vanguardia.html,1
noticias-71,66,https://noticias.carmenprofe.synology.me/scraper_generico.php?url=https%3A%2F%2Fwww.lavanguardia.com%2Fciencia,"sin cambios | feed HTTP 200, 8 noticias",NAS: la sección casi no cambia o el lector coge bloques fijos,sí,PERIÓDICOS ALIAZON,https://periodicosaliazon.blogspot.com/2026/09/ciencia-la-vanguardia_02107351880.html | https://periodicosaliazon.blogspot.com/2026/07/ciencia-la-vanguardia.html,2
noticias-75,70,https://noticias.carmenprofe.synology.me/scraper_generico.php?url=https%3A%2F%2Fwww.lavanguardia.com%2Fcribeo,"sin cambios | feed HTTP 200, 8 noticias",NAS: la sección casi no cambia o el lector coge bloques fijos,sí,PERIÓDICOS ALIAZON,https://periodicosaliazon.blogspot.com/2026/07/cribeo-la-vanguardia.html,1
noticias-77,72,https://noticias.carmenprofe.synology.me/scraper_generico.php?url=https%3A%2F%2Fwww.lavanguardia.com%2Fcultura%2Fculturas,"sin cambios | feed HTTP 200, 8 noticias",el NAS ya tiene noticias nuevas pero el proceso de feeds no las guarda (NAS ocupado o tiempo de espera),sí,PERIÓDICOS ALIAZON,https://periodicosaliazon.blogspot.com/2026/07/culturas-la-vanguardia.html,1
noticias-83,77,https://noticias.carmenprofe.synology.me/scraper_generico.php?url=https%3A%2F%2Fwww.lavanguardia.com%2Fen-mejora-continua,"sin cambios | feed HTTP 200, 8 noticias",NAS: la sección casi no cambia o el lector coge bloques fijos,sí,PERIÓDICOS ALIAZON,https://periodicosaliazon.blogspot.com/2026/08/en-mejora-continua-la-vanguardia.html,1
noticias-84,78,https://noticias.carmenprofe.synology.me/scraper_generico.php?url=https%3A%2F%2Fwww.lavanguardia.com%2Fencatala,"sin cambios | feed HTTP 200, 8 noticias",el NAS ya tiene noticias nuevas pero el proceso de feeds no las guarda (NAS ocupado o tiempo de espera),sí,PERIÓDICOS ALIAZON,https://periodicosaliazon.blogspot.com/2026/08/en-catala-la-vanguardia.html,1
noticias-85,79,https://noticias.carmenprofe.synology.me/scraper_generico.php?url=https%3A%2F%2Fwww.lavanguardia.com%2Fetc%2Fcalculadoras%2Fcalcula-tu-sueldo,"menos de 3,sin fotos,sin cambios | feed HTTP 200, 2 noticias",NAS: la sección casi no cambia o el lector coge bloques fijos,sí,PERIÓDICOS ALIAZON,https://periodicosaliazon.blogspot.com/2026/08/calcula-tu-sueldo-la-vanguardia.html,1
noticias-89,83,https://noticias.carmenprofe.synology.me/scraper_generico.php?url=https%3A%2F%2Fwww.lavanguardia.com%2Fhoroscopo,"menos de 3,sin cambios | feed HTTP 200, 1 noticias",NAS: la sección casi no cambia o el lector coge bloques fijos,sí,PERIÓDICOS ALIAZON,https://periodicosaliazon.blogspot.com/2026/07/horoscopo-la-vanguardia.html,1
noticias-94,86,https://noticias.carmenprofe.synology.me/scraper_generico.php?url=https%3A%2F%2Fwww.lavanguardia.com%2Flibros-de-vanguardia,"sin cambios | feed HTTP 200, 8 noticias",NAS: la sección casi no cambia o el lector coge bloques fijos,sí,PERIÓDICOS ALIAZON,https://periodicosaliazon.blogspot.com/2026/08/libros-la-vanguardia.html,1
noticias-106,99,https://carmenprofe.synology.me/scraper_generico.php?url=https%3A%2F%2Fwww.lavanguardia.com%2Fmascotas,"sin cambios | feed HTTP 200, 8 noticias | NAS fresca",NAS: la sección casi no cambia o el lector coge bloques fijos,sí,PERIÓDICOS ALIAZON,https://periodicosaliazon.blogspot.com/2026/07/mascotas-la-vanguardia_01064471051.html,1
noticias-107,100,https://carmenprofe.synology.me/scraper_generico.php?url=https%3A%2F%2Fwww.lavanguardia.com%2Fmonograficos,"sin cambios | feed HTTP 200, 8 noticias",NAS: la sección casi no cambia o el lector coge bloques fijos,sí,PERIÓDICOS ALIAZON,https://periodicosaliazon.blogspot.com/2026/08/monograficos-la-vanguardia.html,1
noticias-110,102,https://carmenprofe.synology.me/scraper_generico.php?url=https%3A%2F%2Fwww.lavanguardia.com%2Fnatural,"sin cambios | feed HTTP 200, 8 noticias",NAS: la sección casi no cambia o el lector coge bloques fijos,sí,PERIÓDICOS ALIAZON,https://periodicosaliazon.blogspot.com/2026/07/natural-la-vanguardia_0701247390.html,1
noticias-113,105,https://carmenprofe.synology.me/scraper_generico.php?url=https%3A%2F%2Fwww.lavanguardia.com%2Fparticipacion,"sin cambios | feed HTTP 200, 8 noticias | NAS fresca",NAS: la sección casi no cambia o el lector coge bloques fijos,sí,PERIÓDICOS ALIAZON,https://periodicosaliazon.blogspot.com/2026/07/participacion-la-vanguardia_0714106325.html,1
noticias-125,114,https://carmenprofe.synology.me/scraper_generico.php?url=https%3A%2F%2Fwww.lavanguardia.com%2Ftelevision%2Fprogramacion-tv,"sin cambios | feed HTTP 200, 8 noticias",el NAS ya tiene noticias nuevas pero el proceso de feeds no las guarda (NAS ocupado o tiempo de espera),sí,PERIÓDICOS ALIAZON,https://periodicosaliazon.blogspot.com/2026/08/la-vanguardia-programacion-tv.html,1
noticias-127,115,https://carmenprofe.synology.me/scraper_generico.php?url=https%3A%2F%2Fwww.lavanguardia.com%2Ftemas%2Feventos-la-vanguardia,"sin cambios | feed HTTP 200, 8 noticias",NAS: la sección casi no cambia o el lector coge bloques fijos,sí,PERIÓDICOS ALIAZON,https://periodicosaliazon.blogspot.com/2026/08/eventos-la-vanguardia.html,1
noticias-126,116,https://carmenprofe.synology.me/scraper_generico.php?url=https%3A%2F%2Fwww.lavanguardia.com%2Ftemas,"sin fotos,sin cambios | feed HTTP 200, 8 noticias",NAS: la sección casi no cambia o el lector coge bloques fijos,sí,PERIÓDICOS ALIAZON,https://periodicosaliazon.blogspot.com/2026/08/temas-la-vanguardia.html,1
noticias-129,117,https://carmenprofe.synology.me/scraper_generico.php?url=https%3A%2F%2Fwww.lavanguardia.com%2Fvanguardia-de-la-ciencia,"sin cambios | feed HTTP 200, 8 noticias",NAS: la sección casi no cambia o el lector coge bloques fijos,sí,PERIÓDICOS ALIAZON,https://periodicosaliazon.blogspot.com/2026/08/vanguardia-de-la-ciencia.html,1
noticias-128,118,https://carmenprofe.synology.me/scraper_generico.php?url=https%3A%2F%2Fwww.lavanguardia.com%2Ftemas%2Fforos-de-vanguardia,"sin cambios | feed HTTP 200, 8 noticias",NAS: la sección casi no cambia o el lector coge bloques fijos,sí,PERIÓDICOS ALIAZON,https://periodicosaliazon.blogspot.com/2026/08/foros-de-vanguardia.html,1
noticias-132,121,https://carmenprofe.synology.me/scraper_generico.php?url=https%3A%2F%2Fwww.lavanguardia.com%2Fvida%2Fjunior-report,"sin cambios,enlaces ajenos (junior-report.cat) | feed HTTP 200, 8 noticias",NAS: la sección casi no cambia o el lector coge bloques fijos,sí,PERIÓDICOS ALIAZON,https://periodicosaliazon.blogspot.com/2026/08/junior-report-la-vanguardia.html,1
noticias-134,122,https://carmenprofe.synology.me/scraper_generico.php?url=https%3A%2F%2Fwww.lavanguardia.com%2Fvideos,"sin cambios | feed HTTP 200, 8 noticias",el NAS ya tiene noticias nuevas pero el proceso de feeds no las guarda (NAS ocupado o tiempo de espera),sí,PERIÓDICOS ALIAZON,https://periodicosaliazon.blogspot.com/2026/08/videos-la-vanguardia.html,1
noticias-135,123,https://carmenprofe.synology.me/scraper_generico.php?url=https%3A%2F%2Felordenmundial.com%2Fblog%2F,"sin cambios | feed HTTP 200, 8 noticias",NAS: la sección casi no cambia o el lector coge bloques fijos,sí,PERIÓDICOS ALIAZON,https://periodicosaliazon.blogspot.com/2026/07/blog-el-orden-mundial.html,1
noticias-136,124,https://carmenprofe.synology.me/scraper_generico.php?url=https%3A%2F%2Felordenmundial.com%2Fboletines%2F,"menos de 3,sin cambios | feed HTTP 200, 1 noticias",NAS: la sección casi no cambia o el lector coge bloques fijos,sí,PERIÓDICOS ALIAZON,https://periodicosaliazon.blogspot.com/2026/08/boletines-el-orden-mundial.html,1
noticias-138,125,https://carmenprofe.synology.me/scraper_generico.php?url=https%3A%2F%2Felordenmundial.com%2Fdesarrollo-y-cambio-climatico%2F,"sin cambios | feed HTTP 200, 8 noticias",NAS: la sección casi no cambia o el lector coge bloques fijos,sí,PERIÓDICOS ALIAZON,https://periodicosaliazon.blogspot.com/2026/08/desarrollo-y-cambio-climatico-el-orden.html,1
noticias-137,127,https://carmenprofe.synology.me/scraper_generico.php?url=https%3A%2F%2Felordenmundial.com%2Fcultura-y-deporte%2F,"sin cambios | feed HTTP 200, 8 noticias",NAS: la sección casi no cambia o el lector coge bloques fijos,sí,PERIÓDICOS ALIAZON,https://periodicosaliazon.blogspot.com/2026/07/cultura-y-deportes-el-orden-mundial.html,1
noticias-141,129,https://carmenprofe.synology.me/scraper_generico.php?url=https%3A%2F%2Felordenmundial.com%2Fentrevistas%2F,"sin cambios | feed HTTP 200, 8 noticias",NAS: la sección casi no cambia o el lector coge bloques fijos,sí,PERIÓDICOS ALIAZON,https://periodicosaliazon.blogspot.com/2026/07/entrevistas-el-orden-mundial.html,1
noticias-146,131,https://carmenprofe.synology.me/scraper_generico.php?url=https%3A%2F%2Felordenmundial.com%2Flugar%2Fchina%2F,"sin cambios | feed HTTP 200, 8 noticias",NAS: la sección casi no cambia o el lector coge bloques fijos,sí,PRENSA INTERNACIONAL,https://prensainternacionalaliazon.blogspot.com/2026/07/china-el-orden-mundial.html,1
noticias-147,132,https://carmenprofe.synology.me/scraper_generico.php?url=https%3A%2F%2Felordenmundial.com%2Flugar%2Festados-unidos%2F,"sin cambios | feed HTTP 200, 8 noticias",NAS: la sección casi no cambia o el lector coge bloques fijos,sí,PRENSA INTERNACIONAL,https://prensainternacionalaliazon.blogspot.com/2026/08/estados-unidos-el-orden-mundial.html,1
noticias-148,133,https://carmenprofe.synology.me/scraper_generico.php?url=https%3A%2F%2Felordenmundial.com%2Fmapas-y-graficos%2F,"sin cambios | feed HTTP 200, 8 noticias",el NAS ya tiene noticias nuevas pero el proceso de feeds no las guarda (NAS ocupado o tiempo de espera),sí,PERIÓDICOS ALIAZON,https://periodicosaliazon.blogspot.com/2026/08/mapas-y-graficos-el-orden-mundial.html,1
noticias-149,134,https://carmenprofe.synology.me/scraper_generico.php?url=https%3A%2F%2Felordenmundial.com%2Fnuevas-fronteras%2F,"sin cambios | feed HTTP 200, 8 noticias",NAS: la sección casi no cambia o el lector coge bloques fijos,sí,PERIÓDICOS ALIAZON,https://periodicosaliazon.blogspot.com/2026/08/nuevas-fronteras-el-orden-mundial.html,1
noticias-150,135,https://carmenprofe.synology.me/scraper_generico.php?url=https%3A%2F%2Felordenmundial.com%2Fpodcast-eom%2F,"menos de 3,sin cambios | feed HTTP 200, 1 noticias",NAS: la sección casi no cambia o el lector coge bloques fijos,sí,PERIÓDICOS ALIAZON,https://periodicosaliazon.blogspot.com/2026/08/podcast-el-orden-mundial.html,1
noticias-152,137,https://carmenprofe.synology.me/scraper_generico.php?url=https%3A%2F%2Felordenmundial.com%2Fpreguntas-frecuentes%2F,"menos de 3,sin cambios | feed HTTP 200, 1 noticias",NAS: la sección casi no cambia o el lector coge bloques fijos,sí,PERIÓDICOS ALIAZON,https://periodicosaliazon.blogspot.com/2026/08/preguntas-frecuentes-el-orden-mundial.html,1
noticias-153,138,https://carmenprofe.synology.me/scraper_generico.php?url=https%3A%2F%2Felordenmundial.com%2Fpublicidad%2F,"menos de 3,sin cambios | feed HTTP 200, 1 noticias",NAS: la sección casi no cambia o el lector coge bloques fijos,sí,PERIÓDICOS ALIAZON,https://periodicosaliazon.blogspot.com/2026/08/publicidad-el-orden-mundial.html,1
noticias-154,139,https://carmenprofe.synology.me/scraper_generico.php?url=https%3A%2F%2Felordenmundial.com%2Fquienes-somos%2F,"menos de 3,sin cambios | feed HTTP 200, 1 noticias",NAS: la sección casi no cambia o el lector coge bloques fijos,sí,PERIÓDICOS ALIAZON,https://periodicosaliazon.blogspot.com/2026/08/quienes-somos-el-orden-mundial.html,1
noticias-156,141,https://carmenprofe.synology.me/scraper_generico.php?url=https%3A%2F%2Felordenmundial.com%2Fregiones%2Famerica-latina-caribe%2F,"sin cambios | feed HTTP 200, 8 noticias",NAS: la sección casi no cambia o el lector coge bloques fijos,sí,PRENSA INTERNACIONAL,https://prensainternacionalaliazon.blogspot.com/2026/08/america-latina-caribe-el-orden-mundial.html,1
noticias-158,142,https://carmenprofe.synology.me/scraper_generico.php?url=https%3A%2F%2Felordenmundial.com%2Fregiones%2Feuropa%2F,"sin cambios | feed HTTP 200, 8 noticias",NAS: la sección casi no cambia o el lector coge bloques fijos,sí,PRENSA INTERNACIONAL,https://prensainternacionalaliazon.blogspot.com/2026/07/europa-el-orden-mundial.html,1
noticias-157,143,https://carmenprofe.synology.me/scraper_generico.php?url=https%3A%2F%2Felordenmundial.com%2Fregiones%2Fasia-pacifico%2F,"sin cambios | feed HTTP 200, 8 noticias",NAS: la sección casi no cambia o el lector coge bloques fijos,sí,PRENSA INTERNACIONAL,https://prensainternacionalaliazon.blogspot.com/2026/08/asia-pacifico-el-orden-mundial.html,1
noticias-159,144,https://carmenprofe.synology.me/scraper_generico.php?url=https%3A%2F%2Felordenmundial.com%2Fregiones%2Fmundo%2F,"sin cambios | feed HTTP 200, 8 noticias",NAS: la sección casi no cambia o el lector coge bloques fijos,sí,PERIÓDICOS ALIAZON | PRENSA INTERNACIONAL,https://periodicosaliazon.blogspot.com/2026/08/mundo-el-orden-mundial.html | https://prensainternacionalaliazon.blogspot.com/2026/08/mundo-el-orden-mundial.html,2
noticias-161,146,https://carmenprofe.synology.me/scraper_generico.php?url=https%3A%2F%2Felordenmundial.com%2Fregiones%2Frusia-y-espacio-postsovietico%2F,"sin cambios | feed HTTP 200, 8 noticias",NAS: la sección casi no cambia o el lector coge bloques fijos,sí,PRENSA INTERNACIONAL,https://prensainternacionalaliazon.blogspot.com/2026/08/rusia-y-espacio-postsovietico-el-orden.html,1
noticias-162,147,https://carmenprofe.synology.me/scraper_generico.php?url=https%3A%2F%2Felordenmundial.com%2Fsociedad%2F,"sin cambios | feed HTTP 200, 5 noticias",NAS: la sección casi no cambia o el lector coge bloques fijos,sí,PERIÓDICOS ALIAZON,https://periodicosaliazon.blogspot.com/2026/07/sociedad-el-orden-mundial.html,1
noticias-163,148,https://carmenprofe.synology.me/scraper_generico.php?url=https%3A%2F%2Felordenmundial.com%2Ftecnologia-y-ciencia%2F,"sin cambios | feed HTTP 200, 8 noticias",NAS: la sección casi no cambia o el lector coge bloques fijos,sí,PERIÓDICOS ALIAZON,https://periodicosaliazon.blogspot.com/2026/07/tecnologia-y-ciencia-el-orden-mundial.html,1
noticias-164,149,https://carmenprofe.synology.me/scraper_generico.php?url=https%3A%2F%2Ftienda.elordenmundial.com%2F,"sin cambios,enlaces ajenos (facebook.com) | feed HTTP 200, 5 noticias",NAS: la sección casi no cambia o el lector coge bloques fijos,sí,PERIÓDICOS ALIAZON,https://periodicosaliazon.blogspot.com/2026/08/tienda-el-orden-mundial.html,1
noticias-195,179,https://www.lavozdegalicia.es/motor-gallego/index.xml,"sin cambios | feed HTTP 200, 25 noticias",el feed responde pero el archivo no se actualiza (feed sin cambios o tiempo de espera de 6 s),sí,PERIÓDICOS ALIAZON,https://periodicosaliazon.blogspot.com/2026/07/motor-la-voz-de-galicia.html,1
noticias-198,182,https://www.lavozdegalicia.es/reto-digital/index.xml,"sin cambios | feed HTTP 200, 24 noticias",el feed responde pero el archivo no se actualiza (feed sin cambios o tiempo de espera de 6 s),sí,PERIÓDICOS ALIAZON,https://periodicosaliazon.blogspot.com/2026/09/reto-digital-la-voz-de-galicia.html,1
noticias-261,208,https://www.abc.es/rss/2.0/espana/asturias/,"sin cambios | feed HTTP 200, 25 noticias, última 2026-09-28",feed con poca actividad (última 2026-09-28),sí,NOTICIAS AUTONÓMICAS ESPAÑA,https://noticiasautonomicas.blogspot.com/2026/07/asturias-abc.html,1
noticias-265,212,https://www.abc.es/rss/2.0/espana/comunidad-valenciana/,"sin cambios | feed HTTP 200, 4 noticias, última 2023-06-01",feed abandonado (última 2023-06-01): leer la página vía NAS,sí,NOTICIAS AUTONÓMICAS ESPAÑA,https://noticiasautonomicas.blogspot.com/2026/07/comunidad-valenciana-abc.html,1
noticias-267,214,https://www.abc.es/rss/2.0/espana/murcia/,"sin cambios | feed HTTP 200, 25 noticias, última 2026-09-30",feed con poca actividad (última 2026-09-30),sí,NOTICIAS AUTONÓMICAS ESPAÑA,https://noticiasautonomicas.blogspot.com/2026/07/murcia-abc.html,1
noticias-272,219,https://www.abc.es/rss/2.0/espana/castilla-la-mancha/,"sin cambios | feed HTTP 200, 25 noticias, última 2022-07-27",feed abandonado (última 2022-07-27): leer la página vía NAS,sí,NOTICIAS AUTONÓMICAS ESPAÑA,https://noticiasautonomicas.blogspot.com/2026/07/castilla-la-mancha-abc.html,1
noticias-274,221,https://www.abc.es/rss/2.0/espana/navarra/,"sin cambios | feed HTTP 200, 25 noticias, última 2026-10-01",el feed responde pero el archivo no se actualiza (feed sin cambios o tiempo de espera de 6 s),sí,NOTICIAS AUTONÓMICAS ESPAÑA,https://noticiasautonomicas.blogspot.com/2026/07/navarra-abc.html,1
noticias-284,231,https://www.abc.es/rss/2.0/economia/inmobiliario/,"sin cambios | feed HTTP 200, 25 noticias, última 2026-06-15",feed abandonado (última 2026-06-15): leer la página vía NAS,sí,PERIÓDICOS ALIAZON,https://periodicosaliazon.blogspot.com/2026/07/inmobiliario-abc.html,1
noticias-285,232,https://www.abc.es/rss/2.0/economia/formacion/,"sin cambios | feed HTTP 200, 25 noticias, última 2026-09-27",feed con poca actividad (última 2026-09-27),sí,PERIÓDICOS ALIAZON,https://periodicosaliazon.blogspot.com/2026/07/formacion-abc.html,1
noticias-290,237,https://www.abc.es/rss/2.0/natural/,"sin cambios | feed HTTP 200, 25 noticias, última 2026-09-29",feed con poca actividad (última 2026-09-29),sí,PERIÓDICOS ALIAZON,https://periodicosaliazon.blogspot.com/2026/07/natural-abc.html,1
noticias-2,454,https://noticias.carmenprofe.synology.me/scraper_generico.php?url=https%3A%2F%2Felordenmundial.com%2Feconomia%2F,"sin cambios | feed HTTP 200, 8 noticias | NAS fresca",NAS: la sección casi no cambia o el lector coge bloques fijos,sí,PERIÓDICOS ALIAZON,https://periodicosaliazon.blogspot.com/2026/06/economia-el-orden-mundial_0630142511.html | https://periodicosaliazon.blogspot.com/2026/07/economia-el-orden-mundial.html,2
noticias-3,455,https://noticias.carmenprofe.synology.me/scraper_generico.php?url=https%3A%2F%2Fwww.newtral.es%2Fseccion%2Fciencia%2F,"sin cambios | feed HTTP 200, 8 noticias | NAS fresca",el NAS ya tiene noticias nuevas pero el proceso de feeds no las guarda (NAS ocupado o tiempo de espera),sí,PERIÓDICOS ALIAZON,https://periodicosaliazon.blogspot.com/2026/07/ciencia-newtral.html,1
noticias-4,456,https://www.newtral.es/tag/feminismo/feed/,"sin cambios | feed HTTP 200, 10 noticias, última 2026-08-28",feed abandonado (última 2026-08-28): leer la página vía NAS,sí,PERIÓDICOS ALIAZON,https://periodicosaliazon.blogspot.com/2026/07/feminismo-newtral_02109394168.html | https://periodicosaliazon.blogspot.com/2026/07/feminismo-newtral.html,2
noticias-5,457,https://www.newtral.es/tag/inflacion/feed/,"sin cambios | feed HTTP 200, 10 noticias, última 2026-10-01",el feed responde pero el archivo no se actualiza (feed sin cambios o tiempo de espera de 6 s),sí,PERIÓDICOS ALIAZON,https://periodicosaliazon.blogspot.com/2026/07/inflacion-newtral.html | https://periodicosaliazon.blogspot.com/2026/06/datos-inflacion-newtral.html,2
noticias-8,459,https://www.newtral.es/tag/comision-europea/feed/,"sin cambios | feed HTTP 200, 10 noticias, última 2026-09-08",feed con poca actividad (última 2026-09-08),sí,PERIÓDICOS ALIAZON,https://periodicosaliazon.blogspot.com/2026/06/comision-europea-newtral.html,1
noticias-9,460,https://www.newtral.es/tag/clima/feed/,"sin cambios | feed HTTP 200, 10 noticias, última 2026-07-24",feed abandonado (última 2026-07-24): leer la página vía NAS,sí,PERIÓDICOS ALIAZON,https://periodicosaliazon.blogspot.com/2026/06/clima-newtral.html,1
noticias-10,461,https://www.newtral.es/tag/argentina/feed/,"sin cambios | feed HTTP 200, 10 noticias, última 2026-09-24",feed con poca actividad (última 2026-09-24),sí,PRENSA INTERNACIONAL,https://prensainternacionalaliazon.blogspot.com/2026/07/argentina-newtral.html | https://prensainternacionalaliazon.blogspot.com/2026/06/argentina-newtral.html,2
noticias-18,467,https://www.elplural.com/revista-bando/cine,"menos de 3,sin cambios | feed HTTP 200",la URL no es un RSS (devuelve una página web),sí,PERIÓDICOS ALIAZON,https://periodicosaliazon.blogspot.com/2026/07/cine-el-plural.html,1
noticias-215,471,https://es.euronews.com/rss?level=vertical&name=news,sin cambios | feed HTTP 406,feed 406: leer la página vía NAS,sí,PERIÓDICOS ALIAZON,https://periodicosaliazon.blogspot.com/2026/09/ultimas-noticias-euro-news.html,1
noticias-306,510,https://www.abc.es/rss/2.0/deportes/caza/,"sin cambios | feed HTTP 200, 25 noticias, última 2026-09-25",feed con poca actividad (última 2026-09-25),sí,PERIÓDICOS ALIAZON,https://periodicosaliazon.blogspot.com/2026/09/caza-abc.html,1
noticias-307,511,https://www.abc.es/rss/2.0/deportes/atletico-madrid/,"sin cambios | feed HTTP 200, 25 noticias, última 2026-09-22",feed con poca actividad (última 2026-09-22),sí,PERIÓDICOS ALIAZON,https://periodicosaliazon.blogspot.com/2026/09/atletico-madrid-abc.html,1
noticias-319,523,https://www.abc.es/rss/2.0/play/television/eurovision/,"sin cambios | feed HTTP 200, 25 noticias, última 2026-09-17",feed con poca actividad (última 2026-09-17),sí,PERIÓDICOS ALIAZON,https://periodicosaliazon.blogspot.com/2026/09/eurovision-abc.html,1
noticias-324,528,https://www.abc.es/rss/2.0/estilo/decoracion/,"sin cambios | feed HTTP 200, 25 noticias, última 2026-08-20",feed abandonado (última 2026-08-20): leer la página vía NAS,sí,PERIÓDICOS ALIAZON,https://periodicosaliazon.blogspot.com/2026/09/decoracion-abc.html,1
noticias-339,543,https://www.abc.es/rss/2.0/summum/estilo/,"sin cambios | feed HTTP 200, 25 noticias, última 2026-09-25",feed con poca actividad (última 2026-09-25),sí,PERIÓDICOS ALIAZON,https://periodicosaliazon.blogspot.com/2026/09/estilo-abc.html,1
noticias-340,544,https://www.abc.es/rss/2.0/summum/gente-vip/,"sin cambios | feed HTTP 200, 25 noticias, última 2026-10-01",el feed responde pero el archivo no se actualiza (feed sin cambios o tiempo de espera de 6 s),sí,PERIÓDICOS ALIAZON,https://periodicosaliazon.blogspot.com/2026/09/gente-vip-abc.html,1
noticias-342,546,https://www.abc.es/rss/2.0/summum/gastronomia-gourmet/,"sin cambios | feed HTTP 200, 25 noticias, última 2026-08-31",feed abandonado (última 2026-08-31): leer la página vía NAS,sí,PERIÓDICOS ALIAZON,https://periodicosaliazon.blogspot.com/2026/09/gastronomia-gourmet-abc.html,1
noticias-350,554,https://carmenprofe.synology.me/scraper_generico.php?url=https%3A%2F%2Fwww.abc.es%2Fpasatiempos%2F,"sin cambios | feed HTTP 200, 5 noticias | NAS fresca",NAS: la sección casi no cambia o el lector coge bloques fijos,sí,PERIÓDICOS ALIAZON,https://periodicosaliazon.blogspot.com/2026/08/pasatiempos-abc.html,1
noticias-351,555,https://carmenprofe.synology.me/scraper_generico.php?url=https%3A%2F%2Fwww.abc.es%2Fjuegos%2F,"sin cambios | feed HTTP 200, 5 noticias | NAS fresca",NAS: la sección casi no cambia o el lector coge bloques fijos,sí,PERIÓDICOS ALIAZON,https://periodicosaliazon.blogspot.com/2026/09/juegos-abc.html,1
noticias-354,558,https://carmenprofe.synology.me/scraper_generico.php?url=https%3A%2F%2Fhoroscopo.abc.es%2F,"sin cambios | feed HTTP 200, 8 noticias",NAS: la sección casi no cambia o el lector coge bloques fijos,sí,PERIÓDICOS ALIAZON,https://periodicosaliazon.blogspot.com/2026/09/horoscopo-abc.html,1
noticias-355,559,https://carmenprofe.synology.me/scraper_generico.php?url=https%3A%2F%2Fwww.abc.es%2Feltiempo%2F,"sin cambios | feed HTTP 200, 8 noticias",NAS: la sección casi no cambia o el lector coge bloques fijos,sí,PERIÓDICOS ALIAZON,https://periodicosaliazon.blogspot.com/2026/09/eltiempo-abc.html,1
noticias-356,560,https://carmenprofe.synology.me/scraper_generico.php?url=https%3A%2F%2Fwww.abc.es%2Fesquelas%2F,"sin cambios | feed HTTP 200, 8 noticias",NAS: la sección casi no cambia o el lector coge bloques fijos,sí,PERIÓDICOS ALIAZON,https://periodicosaliazon.blogspot.com/2026/09/esquelas-abc.html,1
noticias-357,561,https://carmenprofe.synology.me/scraper_generico.php?url=https%3A%2F%2Fwww.abc.es%2Fhemeroteca%2F,"sin cambios | feed HTTP 200, 8 noticias",NAS: la sección casi no cambia o el lector coge bloques fijos,sí,PERIÓDICOS ALIAZON,https://periodicosaliazon.blogspot.com/2026/09/hemeroteca-abc.html,1
noticias-358,562,https://carmenprofe.synology.me/scraper_generico.php?url=https%3A%2F%2Fwww.abc.es%2Farchivo%2F,"sin cambios | feed HTTP 200, 8 noticias",NAS: la sección casi no cambia o el lector coge bloques fijos,sí,PERIÓDICOS ALIAZON,https://periodicosaliazon.blogspot.com/2026/09/archivo-abc.html,1
noticias-575,577,http://www.20minutos.es/rss/cine/,"sin cambios | feed HTTP 200, 26 noticias, última 2026-09-09",feed con poca actividad (última 2026-09-09),sí,PERIÓDICOS ALIAZON,https://periodicosaliazon.blogspot.com/2026/07/cine-20-minutos.html,1
noticias-719,708,https://carmenprofe.synology.me/scraper_generico.php?url=https%3A%2F%2Fwww.eldiario.es%2Fviajes%2F,"sin cambios | feed HTTP 200, 8 noticias",NAS: la sección casi no cambia o el lector coge bloques fijos,sí,PERIÓDICOS ALIAZON,https://periodicosaliazon.blogspot.com/2026/08/viajes-el-diarioes.html,1
noticias-786,759,https://carmenprofe.synology.me/scraper_generico.php?url=https%3A%2F%2Feldiario.es%2Ffocos%2Fracismo%2F,"sin cambios | feed HTTP 200, 8 noticias",NAS: la sección casi no cambia o el lector coge bloques fijos,sí,PERIÓDICOS ALIAZON,https://periodicosaliazon.blogspot.com/2026/07/racismo-el-diarioes.html,1
noticias-815,781,https://carmenprofe.synology.me/scraper_generico.php?url=https%3A%2F%2Fwww.eldiario.es%2Fautores%2Fjavier_aroca%2F,"menos de 3,sin fotos,sin cambios | feed HTTP 200, 1 noticias",NAS: la sección casi no cambia o el lector coge bloques fijos,sí,PERIÓDICOS ALIAZON,https://periodicosaliazon.blogspot.com/2026/08/javier-aroca-autores-el-diarioes.html,1
noticias-832,798,https://e00-elmundo.uecdn.es/elmundo/rss/castellon.xml,"sin cambios | feed HTTP 200, 63 noticias, última 2023-05-09",sección de El Mundo abandonada (última 2023-05-09),sí,NOTICIAS MUNICIPIOS ESPAÑA,https://osyrisalba.blogspot.com/2026/07/castellon-el-mundo.html,1
noticias-837,803,https://e00-elmundo.uecdn.es/elmundo/rss/solidaridad.xml,"sin cambios | feed HTTP 200, 13 noticias, última 2013-10-20",sección de El Mundo abandonada (última 2013-10-20),sí,PERIÓDICOS ALIAZON,https://periodicosaliazon.blogspot.com/2026/09/solidaridad-el-mundo.html,1
noticias-898,880,https://e00-elmundo.uecdn.es/elmundodeporte/rss/motor.xml,"sin cambios | feed HTTP 200, 9 noticias, última 2013-10-25",feed abandonado (última 2013-10-25): leer la página vía NAS,sí,PERIÓDICOS ALIAZON,https://periodicosaliazon.blogspot.com/2026/07/motor-el-mundo.html,1
noticias-908,887,https://e00-elmundo.uecdn.es/elmundo/rss/videos.xml,"sin cambios | feed HTTP 200, 16 noticias, última 2015-02-24",sección de El Mundo abandonada (última 2015-02-24),sí,PERIÓDICOS ALIAZON,https://periodicosaliazon.blogspot.com/2026/09/videos-el-mundo.html,1
noticias-1055,979,https://carmenprofe.synology.me/scraper_generico.php?url=https%3A%2F%2Fwww.eldebate.com%2Festilo-vida%2Fmoda%2F,"sin cambios | feed HTTP 200, 8 noticias | NAS fresca",NAS: la sección casi no cambia o el lector coge bloques fijos,sí,PERIÓDICOS ALIAZON,https://periodicosaliazon.blogspot.com/2026/07/moda-el-debate.html,1
noticias-1061,986,https://carmenprofe.synology.me/scraper_generico.php?url=https%3A%2F%2Fwww.eldebate.com%2Fcolabora%2F,"menos de 3,sin cambios | feed HTTP 200, 2 noticias",NAS: la sección casi no cambia o el lector coge bloques fijos,sí,PERIÓDICOS ALIAZON,https://periodicosaliazon.blogspot.com/2026/07/colabora-el-debate.html,1
noticias-1066,987,https://carmenprofe.synology.me/scraper_generico.php?url=https%3A%2F%2Fwww.eldebate.com%2Fpodcast%2F,"sin cambios | feed HTTP 200, 8 noticias",NAS: la sección casi no cambia o el lector coge bloques fijos,sí,PERIÓDICOS ALIAZON,https://periodicosaliazon.blogspot.com/2026/07/podcast-el-debate.html,1
noticias-1070,989,https://carmenprofe.synology.me/scraper_generico.php?url=https%3A%2F%2Fwww.eldebate.com%2Fobituarios%2F,"sin cambios | feed HTTP 200, 8 noticias",NAS: la sección casi no cambia o el lector coge bloques fijos,sí,PERIÓDICOS ALIAZON,https://periodicosaliazon.blogspot.com/2026/07/obituarios-el-debate.html,1
noticias-1071,991,https://carmenprofe.synology.me/scraper_generico.php?url=https%3A%2F%2Feldebatedehoy.eldebate.com%2F,"sin cambios,enlaces ajenos (eldebatedehoy.es) | feed HTTP 200, 8 noticias",NAS: la sección casi no cambia o el lector coge bloques fijos,sí,PERIÓDICOS ALIAZON,https://periodicosaliazon.blogspot.com/2026/07/el-debate-de-hoy-el-debate.html,1
noticias-1084,1056,https://carmenprofe.synology.me/scraper_generico.php?url=https%3A%2F%2Fwww.abc.es%2Feltiempo%2F,"sin cambios | feed HTTP 200, 8 noticias",NAS: la sección casi no cambia o el lector coge bloques fijos,sí,PERIÓDICOS ALIAZON,https://periodicosaliazon.blogspot.com/2026/07/el-tiempo-abc.html,1
noticias-1086,1058,https://carmenprofe.synology.me/scraper_generico.php?url=https%3A%2F%2Fwww.abc.es%2Fhemeroteca%2F,"sin cambios | feed HTTP 200, 8 noticias",NAS: la sección casi no cambia o el lector coge bloques fijos,sí,PERIÓDICOS ALIAZON,https://periodicosaliazon.blogspot.com/2026/08/hemeroteca-abc.html,1
noticias-1109,1082,https://carmenprofe.synology.me/scraper_generico.php?url=https%3A%2F%2Fwww.publico.es%2Fciencias,"sin cambios | feed HTTP 200, 8 noticias | NAS fresca",NAS: la sección casi no cambia o el lector coge bloques fijos,sí,PERIÓDICOS ALIAZON,https://periodicosaliazon.blogspot.com/2026/07/ciencias-publicoes.html,1
noticias-1211,1184,https://carmenprofe.synology.me/scraper_generico.php?url=https%3A%2F%2Fokdiario.com%2Floteria%2F,"sin cambios | feed HTTP 200, 8 noticias",NAS: la sección casi no cambia o el lector coge bloques fijos,sí,PERIÓDICOS ALIAZON,https://periodicosaliazon.blogspot.com/2026/07/loteria-ok-diario.html,1
noticias-1242,1209,https://noticias.carmenprofe.synology.me/scraper_generico.php?url=https%3A%2F%2Fwww.vozpopuli.com%2Fcasa-real,"sin cambios | feed HTTP 200, 8 noticias",el NAS ya tiene noticias nuevas pero el proceso de feeds no las guarda (NAS ocupado o tiempo de espera),sí,PERIÓDICOS ALIAZON,https://periodicosaliazon.blogspot.com/2026/09/casa-real-voz-populi.html,1
noticias-1241,1210,https://noticias.carmenprofe.synology.me/scraper_generico.php?url=https%3A%2F%2Fwww.vozpopuli.com%2Fsucesos,"sin cambios | feed HTTP 200, 8 noticias",el NAS ya tiene noticias nuevas pero el proceso de feeds no las guarda (NAS ocupado o tiempo de espera),sí,PERIÓDICOS ALIAZON,https://periodicosaliazon.blogspot.com/2026/09/sucesos-voz-populi.html,1
noticias-1254,1222,https://carmenprofe.synology.me/scraper_generico.php?url=https%3A%2F%2Fwww.vozpopuli.com%2Feconomia,"sin cambios | feed HTTP 200, 8 noticias",el NAS ya tiene noticias nuevas pero el proceso de feeds no las guarda (NAS ocupado o tiempo de espera),sí,PERIÓDICOS ALIAZON,https://periodicosaliazon.blogspot.com/2026/09/economia-voz-populi.html,1
noticias-1257,1225,https://carmenprofe.synology.me/scraper_generico.php?url=https%3A%2F%2Fwww.vozpopuli.com%2Feconomia%2Fdistribucion,"sin cambios | feed HTTP 200, 8 noticias",NAS: la sección casi no cambia o el lector coge bloques fijos,sí,PERIÓDICOS ALIAZON,https://periodicosaliazon.blogspot.com/2026/09/distribucion-voz-populi.html,1
noticias-1258,1226,https://carmenprofe.synology.me/scraper_generico.php?url=https%3A%2F%2Fwww.vozpopuli.com%2Ffiscal,"menos de 3,sin cambios | feed HTTP 200, 1 noticias",NAS: la sección casi no cambia o el lector coge bloques fijos,sí,PERIÓDICOS ALIAZON,https://periodicosaliazon.blogspot.com/2026/09/fiscal-voz-populi.html,1
noticias-1261,1227,https://noticias.carmenprofe.synology.me/scraper_generico.php?url=https%3A%2F%2Fwww.vozpopuli.com%2Feconomia%2Ftransporte,"sin cambios | feed HTTP 200, 8 noticias",NAS: la sección casi no cambia o el lector coge bloques fijos,sí,PERIÓDICOS ALIAZON,https://periodicosaliazon.blogspot.com/2026/09/transporte-voz-populi.html,1
noticias-1260,1228,https://carmenprofe.synology.me/scraper_generico.php?url=https%3A%2F%2Fwww.vozpopuli.com%2Feconomia%2Finmobiliario,"sin cambios | feed HTTP 200, 8 noticias",el NAS ya tiene noticias nuevas pero el proceso de feeds no las guarda (NAS ocupado o tiempo de espera),sí,PERIÓDICOS ALIAZON,https://periodicosaliazon.blogspot.com/2026/09/inmobiliario-voz-populi.html,1
noticias-1301,1308,https://noticias.carmenprofe.synology.me/scraper_generico.php?url=https%3A%2F%2Fwww.mediterraneodigital.com%2Fsexo,"sin cambios | feed HTTP 200, 7 noticias",NAS: la sección casi no cambia o el lector coge bloques fijos,sí,PERIÓDICOS ALIAZON,https://periodicosaliazon.blogspot.com/2026/09/sexo-mediterraneo-digital.html,1
noticias-1300,1309,https://noticias.carmenprofe.synology.me/scraper_generico.php?url=https%3A%2F%2Fwww.mediterraneodigital.com%2Fcasinos,"sin cambios | feed HTTP 200, 7 noticias",NAS: la sección casi no cambia o el lector coge bloques fijos,sí,PERIÓDICOS ALIAZON,https://periodicosaliazon.blogspot.com/2026/09/casinos-mediterraneo-digital.html,1
noticias-831,1355,https://e00-elmundo.uecdn.es/elmundo/rss/alicante.xml,"sin cambios | feed HTTP 200, 58 noticias, última 2026-10-04",el feed responde pero el archivo no se actualiza (feed sin cambios o tiempo de espera de 6 s),sí,NOTICIAS MUNICIPIOS ESPAÑA,https://osyrisalba.blogspot.com/2026/07/alicante-el-mundo.html,1
noticias-1726,1684,https://carmenprofe.synology.me/scraper_generico.php?url=https%3A%2F%2Fwww.hispanidad.com%2Fexclusivas-de-la-prensa-de-hoy,"sin cambios | feed HTTP 200, 8 noticias",el NAS ya tiene noticias nuevas pero el proceso de feeds no las guarda (NAS ocupado o tiempo de espera),sí,PERIÓDICOS ALIAZON,https://periodicosaliazon.blogspot.com/2026/09/exclusivas-de-la-prensa-de-hoy.html,1
noticias-1734,1692,https://carmenprofe.synology.me/scraper_generico.php?url=https%3A%2F%2Friojavina.es%2Fcategoria%2Falino%2F,"sin cambios | feed HTTP 200, 8 noticias",NAS: la sección casi no cambia o el lector coge bloques fijos,sí,SUPERMERCADOS ALIAZON,https://supermercadoaliazon.blogspot.com/2026/08/las-ultimas-noticias-de-riojavina.html,1
noticias-2014,1887,https://www.esdiario.com/rss/chismografo/estilo.xml,"sin cambios | feed HTTP 200, 20 noticias, última 2026-09-16",feed con poca actividad (última 2026-09-16),sí,PERIÓDICOS ALIAZON,https://periodicosaliazon.blogspot.com/2026/09/estilo-esdiario_0720372883.html,1
noticias-2017,1888,https://www.esdiario.com/rss/internacional.xml,"sin cambios | feed HTTP 200, 20 noticias, última 2026-09-27",feed con poca actividad (última 2026-09-27),sí,PERIÓDICOS ALIAZON,https://periodicosaliazon.blogspot.com/2026/09/internacional-esdiario_0392050536.html,1
noticias-2018,1889,https://www.esdiario.com/rss/chismografo/recetas.xml,"sin cambios | feed HTTP 200, 20 noticias, última 2026-09-30",feed con poca actividad (última 2026-09-30),sí,PERIÓDICOS ALIAZON,https://periodicosaliazon.blogspot.com/2026/10/recetas-esdiario.html,1
noticias-2020,1891,https://www.esdiario.com/rss/viajes.xml,"sin cambios | feed HTTP 200, 20 noticias, última 2026-10-01",el feed responde pero el archivo no se actualiza (feed sin cambios o tiempo de espera de 6 s),sí,PERIÓDICOS ALIAZON,https://periodicosaliazon.blogspot.com/2026/09/viajes-esdiario.html,1
noticias-2030,1900,https://noticias.carmenprofe.synology.me/scraper_generico.php?url=https%3A%2F%2Fwww.esdiario.com%2Fchismografo%2Festilo%2F,"sin cambios | feed HTTP 200, 8 noticias",NAS: la sección casi no cambia o el lector coge bloques fijos,sí,PERIÓDICOS ALIAZON,https://periodicosaliazon.blogspot.com/2026/09/estilo-esdiario.html,1
noticias-1919,1920,https://e00-elmundo.uecdn.es/elmundo/rss/union_europea.xml,"sin cambios | feed HTTP 200, 8 noticias, última 2013-10-25",sección de El Mundo abandonada (última 2013-10-25),sí,PERIÓDICOS ALIAZON,https://periodicosaliazon.blogspot.com/2026/09/union-europea-el-mundo.html,1
noticias-1930,1931,https://e00-elmundo.uecdn.es/elmundo/rss/alicante.xml,"sin cambios | feed HTTP 200, 58 noticias, última 2026-10-04",el feed responde pero el archivo no se actualiza (feed sin cambios o tiempo de espera de 6 s),sí,NOTICIAS PROVINCIAS ESPAÑA,https://abelardolinares.blogspot.com/2026/09/alicante-el-mundo.html,1
noticias-1997,1998,https://e00-elmundo.uecdn.es/elmundodeporte/rss/motor.xml,"sin cambios | feed HTTP 200, 9 noticias, última 2013-10-25",feed abandonado (última 2013-10-25): leer la página vía NAS,sí,PERIÓDICOS ALIAZON,https://periodicosaliazon.blogspot.com/2026/09/motor-el-mundo_01770269674.html,1
noticias-1998,1999,https://e00-elmundo.uecdn.es/elmundodeporte/rss/masdeporte.xml,"sin cambios | feed HTTP 200, 8 noticias, última 2013-10-23",feed abandonado (última 2013-10-23): leer la página vía NAS,sí,PERIÓDICOS ALIAZON,https://periodicosaliazon.blogspot.com/2026/09/mas-deporte-el-mundo.html,1
noticias-2110,2065,https://carmenprofe.synology.me/scraper_generico.php?url=https%3A%2F%2Fwww.infolibre.es%2Funion-europea%2F,"sin cambios | feed HTTP 200, 8 noticias",NAS: la sección casi no cambia o el lector coge bloques fijos,sí,PERIÓDICOS ALIAZON,https://periodicosaliazon.blogspot.com/2026/09/union-europea-infolibre.html,1
noticias-2114,2069,https://carmenprofe.synology.me/scraper_generico.php?url=https%3A%2F%2Fwww.infolibre.es%2Fcontinuara%2F,"sin cambios | feed HTTP 200, 8 noticias",NAS: la sección casi no cambia o el lector coge bloques fijos,sí,PERIÓDICOS ALIAZON,https://periodicosaliazon.blogspot.com/2026/09/continuara-infolibre.html,1
noticias-2222,2176,https://noticias.carmenprofe.synology.me/scraper_generico.php?url=https%3A%2F%2Fwww.lavuelta.es%2Fes%2Ftodos-los-videos,"sin cambios | feed HTTP 200, 8 noticias",NAS: la sección casi no cambia o el lector coge bloques fijos,sí,PERIÓDICOS ALIAZON,https://periodicosaliazon.blogspot.com/2026/09/vuelta-ciclista-espana-la-vuelta.html,1
noticias-2237,2191,https://noticias.carmenprofe.synology.me/scraper_generico.php?url=https%3A%2F%2Fwww.miteco.gob.es%2Fes%2Fministerio%2Fempleo-publico.html,"sin cambios | feed HTTP 200, 8 noticias",NAS: la sección casi no cambia o el lector coge bloques fijos,sí,PERIÓDICOS ALIAZON,https://periodicosaliazon.blogspot.com/2026/09/empleo-publico-miteco.html,1
noticias-2238,2192,https://carmenprofe.synology.me/scraper_generico.php?url=https%3A%2F%2Fwww.miteco.gob.es%2Fes%2Fcambio-climatico%2Fpublicaciones%2Fpublicaciones%2Flibros.html,"sin cambios | feed HTTP 200, 8 noticias",NAS: la sección casi no cambia o el lector coge bloques fijos,sí,PERIÓDICOS ALIAZON,https://periodicosaliazon.blogspot.com/2026/09/las-ultimas-noticias-de-miteco.html,1
noticias-56,52,https://www.lavanguardia.com/rss/local/madrid.xml,"sin cambios | feed HTTP 200, 103 noticias, última 2026-10-04",el feed responde pero el archivo no se actualiza (feed sin cambios o tiempo de espera de 6 s),no,,,0
noticias-72,67,https://noticias.carmenprofe.synology.me/scraper_generico.php?url=https%3A%2F%2Fwww.lavanguardia.com%2Fcomer,"sin cambios | feed HTTP 200, 8 noticias",el NAS ya tiene noticias nuevas pero el proceso de feeds no las guarda (NAS ocupado o tiempo de espera),no,,,0
noticias-139,128,https://carmenprofe.synology.me/scraper_generico.php?url=https%3A%2F%2Felordenmundial.com%2Feconomia%2F,"sin cambios | feed HTTP 200, 8 noticias | NAS fresca",NAS: la sección casi no cambia o el lector coge bloques fijos,no,,,0
noticias-16,465,https://script.google.com/macros/s/AKfycbxMwKitb599oOi-o4uFQZZ0aD45PJ0qp1CjtkFLNtkm9C2IDNubsaboRVWYxBA4xkMgeg/exec?feed=https://www.elplural.com/feed/&contains=/sociedad/tribunales,"menos de 3,sin cambios | feed HTTP 200",el feed responde pero el archivo no se actualiza (feed sin cambios o tiempo de espera de 6 s),no,,,0
noticias-20,469,https://script.google.com/macros/s/AKfycbxMwKitb599oOi-o4uFQZZ0aD45PJ0qp1CjtkFLNtkm9C2IDNubsaboRVWYxBA4xkMgeg/exec?feed=https://www.elplural.com/feed/&contains=/economia,"menos de 3,sin cambios | feed HTTP 200, 1 noticias, última 2026-10-04",el feed responde pero el archivo no se actualiza (feed sin cambios o tiempo de espera de 6 s),no,,,0
noticias-622,623,http://www.20minutos.es/rss/avila/,"sin cambios | feed HTTP 200, 26 noticias, última 2026-09-22",feed con poca actividad (última 2026-09-22),no,,,0
noticias-627,625,http://www.20minutos.es/rss/burgos/,"sin cambios | feed HTTP 200, 26 noticias, última 2026-09-30",feed con poca actividad (última 2026-09-30),no,,,0
noticias-631,628,http://www.20minutos.es/rss/castellon/,"sin cambios | feed HTTP 200, 26 noticias, última 2026-09-24",feed con poca actividad (última 2026-09-24),no,,,0
noticias-638,637,http://www.20minutos.es/rss/cuenca/,"sin cambios | feed HTTP 200, 26 noticias, última 2026-09-06",feed con poca actividad (última 2026-09-06),no,,,0
noticias-646,641,http://www.20minutos.es/rss/girona/,"sin cambios | feed HTTP 200, 26 noticias, última 2026-09-25",feed con poca actividad (última 2026-09-25),no,,,0
noticias-649,643,http://www.20minutos.es/rss/huelva/,"sin cambios | feed HTTP 200, 26 noticias, última 2026-09-30",feed con poca actividad (última 2026-09-30),no,,,0
noticias-648,644,http://www.20minutos.es/rss/guadalajara/,"sin cambios | feed HTTP 200, 26 noticias, última 2026-09-30",feed con poca actividad (última 2026-09-30),no,,,0
noticias-672,663,http://www.20minutos.es/rss/palencia/,"sin cambios | feed HTTP 200, 26 noticias, última 2026-09-11",feed con poca actividad (última 2026-09-11),no,,,0
noticias-677,665,http://www.20minutos.es/rss/salamanca/,"sin cambios | feed HTTP 200, 26 noticias, última 2026-09-18",feed con poca actividad (última 2026-09-18),no,,,0
noticias-678,668,http://www.20minutos.es/rss/salud/,"sin cambios | feed HTTP 200, 62 noticias, última 2026-10-04",el feed responde pero el archivo no se actualiza (feed sin cambios o tiempo de espera de 6 s),no,,,0
noticias-682,671,http://www.20minutos.es/rss/segovia/,"sin cambios | feed HTTP 200, 26 noticias, última 2026-09-29",feed con poca actividad (última 2026-09-29),no,,,0
noticias-691,678,http://www.20minutos.es/rss/valladolid/,"sin cambios | feed HTTP 200, 26 noticias, última 2026-09-30",feed con poca actividad (última 2026-09-30),no,,,0
noticias-700,685,http://www.20minutos.es/rss/zamora/,"sin cambios | feed HTTP 200, 26 noticias, última 2026-08-27",feed abandonado (última 2026-08-27): leer la página vía NAS,no,,,0
noticias-684,690,http://www.20minutos.es/rss/soria/,"sin cambios | feed HTTP 200, 26 noticias, última 2026-09-24",feed con poca actividad (última 2026-09-24),no,,,0
noticias-688,691,http://www.20minutos.es/rss/teruel/,"sin cambios | feed HTTP 200, 26 noticias, última 2026-08-31",feed abandonado (última 2026-08-31): leer la página vía NAS,no,,,0
noticias-713,704,https://carmenprofe.synology.me/scraper_generico.php?url=https%3A%2F%2Fwww.eldiario.es%2Fconsumoclaro%2F,"sin cambios | feed HTTP 200, 8 noticias",NAS: la sección casi no cambia o el lector coge bloques fijos,no,,,0
noticias-716,706,https://carmenprofe.synology.me/scraper_generico.php?url=https%3A%2F%2Fwww.eldiario.es%2Fnidos%2F,"sin cambios | feed HTTP 200, 8 noticias",NAS: la sección casi no cambia o el lector coge bloques fijos,no,,,0
noticias-718,709,https://carmenprofe.synology.me/scraper_generico.php?url=https%3A%2F%2Fwww.eldiario.es%2Fballenablanca%2F,"sin cambios | feed HTTP 200, 8 noticias",NAS: la sección casi no cambia o el lector coge bloques fijos,no,,,0
noticias-725,714,https://carmenprofe.synology.me/scraper_generico.php?url=https%3A%2F%2Fwww.eldiario.es%2Ffestival-de-las-ideas-y-la-cultura%2F,"sin cambios,enlaces ajenos (youtube.com) | feed HTTP 200, 8 noticias",NAS: la sección casi no cambia o el lector coge bloques fijos,no,,,0
noticias-728,718,https://carmenprofe.synology.me/scraper_generico.php?url=https%3A%2F%2Fwww.eldiario.es%2Fedcreativo%2Fdiario-salud%2F,"sin cambios | feed HTTP 200, 8 noticias",NAS: la sección casi no cambia o el lector coge bloques fijos,no,,,0
noticias-730,719,https://carmenprofe.synology.me/scraper_generico.php?url=https%3A%2F%2Fwww.eldiario.es%2Fedcreativo%2Fenergias-renovables%2F,"sin cambios | feed HTTP 200, 4 noticias",NAS: la sección casi no cambia o el lector coge bloques fijos,no,,,0
noticias-732,720,https://carmenprofe.synology.me/scraper_generico.php?url=https%3A%2F%2Fwww.eldiario.es%2Fedcreativo%2Fconstruyendo-un-futuro%2F,"sin cambios | feed HTTP 200, 8 noticias",NAS: la sección casi no cambia o el lector coge bloques fijos,no,,,0
noticias-756,734,https://carmenprofe.synology.me/scraper_generico.php?url=https%3A%2F%2Fwww.eldiario.es%2Fmadrid%2Fsomos%2Fmalasana%2F,"sin cambios | feed HTTP 200, 8 noticias",NAS: la sección casi no cambia o el lector coge bloques fijos,no,,,0
noticias-757,735,https://carmenprofe.synology.me/scraper_generico.php?url=https%3A%2F%2Fwww.eldiario.es%2Fmadrid%2Fsomos%2Ftetuan%2F,"sin cambios | feed HTTP 200, 8 noticias",NAS: la sección casi no cambia o el lector coge bloques fijos,no,,,0
noticias-755,736,https://carmenprofe.synology.me/scraper_generico.php?url=https%3A%2F%2Fwww.eldiario.es%2Fmadrid%2Fsomos%2Flavapies%2F,"sin cambios | feed HTTP 200, 8 noticias",NAS: la sección casi no cambia o el lector coge bloques fijos,no,,,0
noticias-754,737,https://carmenprofe.synology.me/scraper_generico.php?url=https%3A%2F%2Fwww.eldiario.es%2Fmadrid%2Fsomos%2Fchueca%2F,"sin cambios | feed HTTP 200, 8 noticias",NAS: la sección casi no cambia o el lector coge bloques fijos,no,,,0
noticias-770,744,https://carmenprofe.synology.me/scraper_generico.php?url=https%3A%2F%2Fwww.eldiario.es%2Fblog%2Fmicromachismos%2F,"sin cambios | feed HTTP 200, 8 noticias",NAS: la sección casi no cambia o el lector coge bloques fijos,no,,,0
noticias-773,745,https://carmenprofe.synology.me/scraper_generico.php?url=https%3A%2F%2Fwww.eldiario.es%2Fconsumoclaro%2Ftu-mejor-yo%2F,"sin cambios | feed HTTP 200, 8 noticias",NAS: la sección casi no cambia o el lector coge bloques fijos,no,,,0
noticias-778,750,https://carmenprofe.synology.me/scraper_generico.php?url=https%3A%2F%2Feldiario.es%2Ffocos%2Fderechos_y_libertades%2F,"sin cambios | feed HTTP 200, 8 noticias",NAS: la sección casi no cambia o el lector coge bloques fijos,no,,,0
noticias-780,751,https://carmenprofe.synology.me/scraper_generico.php?url=https%3A%2F%2Feldiario.es%2Ffocos%2Fvigilancia_del_poder%2F,"sin cambios | feed HTTP 200, 8 noticias",NAS: la sección casi no cambia o el lector coge bloques fijos,no,,,0
noticias-781,753,https://carmenprofe.synology.me/scraper_generico.php?url=https%3A%2F%2Feldiario.es%2Ffocos%2Fetica-digital%2F,"sin cambios | feed HTTP 200, 8 noticias",NAS: la sección casi no cambia o el lector coge bloques fijos,no,,,0
noticias-783,754,https://carmenprofe.synology.me/scraper_generico.php?url=https%3A%2F%2Feldiario.es%2Ffocos%2Feducacion%2F,"sin cambios | feed HTTP 200, 8 noticias",NAS: la sección casi no cambia o el lector coge bloques fijos,no,,,0
noticias-787,757,https://carmenprofe.synology.me/scraper_generico.php?url=https%3A%2F%2Feldiario.es%2Ffocos%2Fprecariedad%2F,"sin cambios | feed HTTP 200, 8 noticias",NAS: la sección casi no cambia o el lector coge bloques fijos,no,,,0
noticias-785,758,https://carmenprofe.synology.me/scraper_generico.php?url=https%3A%2F%2Feldiario.es%2Ffocos%2Fmovilidad%2F,"sin cambios | feed HTTP 200, 8 noticias",NAS: la sección casi no cambia o el lector coge bloques fijos,no,,,0
noticias-790,761,https://carmenprofe.synology.me/scraper_generico.php?url=https%3A%2F%2Fwww.eldiario.es%2Feconomia%2Ftu-economia%2Fcobran-pensiones-julio-2026-fecha-ingreso-banco_1_13387872.html,"menos de 3,sin cambios | feed HTTP 200, 1 noticias",NAS: la sección casi no cambia o el lector coge bloques fijos,no,,,0
noticias-793,762,https://carmenprofe.synology.me/scraper_generico.php?url=https%3A%2F%2Fwww.eldiario.es%2Fconsumoclaro%2Fgeneral-testamento-vital-notaria-aclara-diferencias-blindar-voluntad-imprevisto-xp_1_13392492.html,"menos de 3,sin cambios | feed HTTP 200, 1 noticias",NAS: la sección casi no cambia o el lector coge bloques fijos,no,,,0
noticias-796,763,https://carmenprofe.synology.me/scraper_generico.php?url=https%3A%2F%2Fwww.eldiario.es%2Fconsumoclaro%2Fkimchi-pepino-plato-refrescante-cocina-coreana-disfrutar-ingredientes-verano_1_13387967.html,"menos de 3,sin cambios | feed HTTP 200, 1 noticias",NAS: la sección casi no cambia o el lector coge bloques fijos,no,,,0
noticias-792,764,https://carmenprofe.synology.me/scraper_generico.php?url=https%3A%2F%2Fwww.eldiario.es%2Fspin%2Fdeportes%2Fgana-espana-victoria-mundial-dinero-embolsara-jugador-pm_1_13392818.html,"menos de 3,sin cambios | feed HTTP 200, 1 noticias | NAS fresca",NAS: la sección casi no cambia o el lector coge bloques fijos,no,,,0
noticias-797,766,https://carmenprofe.synology.me/scraper_generico.php?url=https%3A%2F%2Fwww.eldiario.es%2Fredaccion%2Fanade-eldiario-fuente-preferida-google-seguir-actualidad-ver-noticias_132_13200417.html,"menos de 3,sin cambios | feed HTTP 200, 1 noticias",NAS: la sección casi no cambia o el lector coge bloques fijos,no,,,0
noticias-798,767,https://carmenprofe.synology.me/scraper_generico.php?url=https%3A%2F%2Fwww.eldiario.es%2Fconsumoclaro%2Fcomo-solicitar-libro-familia-online_1_12252746.html,"menos de 3,sin cambios | feed HTTP 200, 1 noticias",NAS: la sección casi no cambia o el lector coge bloques fijos,no,,,0
noticias-812,778,https://carmenprofe.synology.me/scraper_generico.php?url=https%3A%2F%2Fwww.eldiario.es%2Fautores%2Fmaria-alvarez%2F,"menos de 3,sin fotos,sin cambios | feed HTTP 200, 1 noticias",NAS: la sección casi no cambia o el lector coge bloques fijos,no,,,0
noticias-814,780,https://carmenprofe.synology.me/scraper_generico.php?url=https%3A%2F%2Fwww.eldiario.es%2Fautores%2Felizabeth-duval%2F,"menos de 3,sin fotos,sin cambios | feed HTTP 200, 1 noticias",NAS: la sección casi no cambia o el lector coge bloques fijos,no,,,0
noticias-838,804,https://e00-elmundo.uecdn.es/elmundo/rss/comunicacion.xml,"sin cambios | feed HTTP 200, 49 noticias, última 2026-09-29",sección de El Mundo abandonada (última 2026-09-29),no,,,0
noticias-842,808,https://e00-elmundo.uecdn.es/blogs/elmundo/el-gadgetoblog/index.xml,"sin fotos,acentos rotos,sin cambios | feed HTTP 200, 20 noticias, última 2019-01-22",blog de El Mundo abandonado (última 2019-01-22): sin sustituto,no,,,0
noticias-843,810,https://e00-elmundo.uecdn.es/blogs/elmundo/catalejo/index.xml,"acentos rotos,sin cambios | feed HTTP 200, 20 noticias, última 2016-05-09",blog de El Mundo abandonado (última 2016-05-09): sin sustituto,no,,,0
noticias-844,811,https://e00-elmundo.uecdn.es/blogs/elmundo/mundoplayer/index.xml,"sin fotos,acentos rotos,sin cambios | feed HTTP 200, 20 noticias, última 2017-02-23",blog de El Mundo abandonado (última 2017-02-23): sin sustituto,no,,,0
noticias-846,812,https://e00-elmundo.uecdn.es/blogs/elmundo/aypad/index.xml,"sin fotos,acentos rotos,sin cambios | feed HTTP 200, 20 noticias, última 2010-07-22",blog de El Mundo abandonado (última 2010-07-22): sin sustituto,no,,,0
noticias-845,813,https://e00-elmundo.uecdn.es/blogs/elmundo/abogado_navegante/index.xml,"sin fotos,acentos rotos,sin cambios | feed HTTP 200, 15 noticias, última 2010-03-09",blog de El Mundo abandonado (última 2010-03-09): sin sustituto,no,,,0
noticias-849,814,https://e00-elmundo.uecdn.es/blogs/elmundo/dragolandia/index.xml,"sin fotos,sin cambios | feed HTTP 200, 20 noticias, última 2020-03-10",blog de El Mundo abandonado (última 2020-03-10): sin sustituto,no,,,0
noticias-847,815,https://e00-elmundo.uecdn.es/elmundo/rss/blogs/palabrasarchivadas.xml,"sin cambios | feed HTTP 200, 52 noticias, última 2010-01-29",sección de El Mundo abandonada (última 2010-01-29),no,,,0
noticias-850,817,https://e00-elmundo.uecdn.es/blogs/elmundo/elblogdesantiagogonzalez/index.xml,"acentos rotos,sin cambios | feed HTTP 200, 20 noticias, última 2018-08-05",blog de El Mundo abandonado (última 2018-08-05): sin sustituto,no,,,0
noticias-852,818,https://e00-elmundo.uecdn.es/blogs/elmundo/lapurezaestaenlamezcla/index.xml,"sin fotos,acentos rotos,sin cambios | feed HTTP 200, 20 noticias, última 2015-05-26",blog de El Mundo abandonado (última 2015-05-26): sin sustituto,no,,,0
noticias-854,819,https://e00-elmundo.uecdn.es/blogs/elmundo/blogdepecho/index.xml,"sin fotos,acentos rotos,sin cambios | feed HTTP 200, 20 noticias, última 2015-07-16",blog de El Mundo abandonado (última 2015-07-16): sin sustituto,no,,,0
noticias-855,820,https://e00-elmundo.uecdn.es/blogs/elmundo/elradar/index.xml,"sin fotos,acentos rotos,sin cambios | feed HTTP 200, 20 noticias, última 2010-05-05",blog de El Mundo abandonado (última 2010-05-05): sin sustituto,no,,,0
noticias-857,821,https://e00-elmundo.uecdn.es/blogs/elmundo/nodoycredito/index.xml,"sin fotos,acentos rotos,sin cambios | feed HTTP 200, 20 noticias, última 2015-07-13",blog de El Mundo abandonado (última 2015-07-13): sin sustituto,no,,,0
noticias-858,822,https://e00-elmundo.uecdn.es/blogs/elmundo/cocinandopalabras/index.xml,"sin fotos,acentos rotos,sin cambios | feed HTTP 200, 20 noticias, última 2010-06-11",blog de El Mundo abandonado (última 2010-06-11): sin sustituto,no,,,0
noticias-859,823,https://e00-elmundo.uecdn.es/blogs/elmundo/elvientosopladondequiere/index.xml,"sin fotos,acentos rotos,sin cambios | feed HTTP 200, 20 noticias, última 2014-09-21",blog de El Mundo abandonado (última 2014-09-21): sin sustituto,no,,,0
noticias-860,824,https://e00-elmundo.uecdn.es/blogs/elmundo/escorpion/index.xml,"sin fotos,acentos rotos,sin cambios | feed HTTP 200, 20 noticias, última 2015-09-30",blog de El Mundo abandonado (última 2015-09-30): sin sustituto,no,,,0
noticias-865,825,https://e00-elmundo.uecdn.es/blogs/elmundo/teletridente/index.xml,"sin fotos,acentos rotos,sin cambios | feed HTTP 200, 20 noticias, última 2015-10-02",blog de El Mundo abandonado (última 2015-10-02): sin sustituto,no,,,0
noticias-867,827,https://e00-elmundo.uecdn.es/blogs/elmundo/corazondemelon/index.xml,"sin fotos,acentos rotos,sin cambios | feed HTTP 200, 20 noticias, última 2017-10-04",blog de El Mundo abandonado (última 2017-10-04): sin sustituto,no,,,0
noticias-863,828,https://e00-elmundo.uecdn.es/blogs/elmundo/lahoradelaverdad/index.xml,"acentos rotos,sin cambios | feed HTTP 200, 20 noticias, última 2015-08-20",blog de El Mundo abandonado (última 2015-08-20): sin sustituto,no,,,0
noticias-870,830,https://e00-elmundo.uecdn.es/blogs/elmundo/clima/index.xml,"sin fotos,acentos rotos,sin cambios | feed HTTP 200, 20 noticias, última 2016-11-14",blog de El Mundo abandonado (última 2016-11-14): sin sustituto,no,,,0
noticias-868,831,https://e00-elmundo.uecdn.es/blogs/elmundo/sinnoticiasdedior/index.xml,"sin fotos,acentos rotos,sin cambios | feed HTTP 200, 20 noticias, última 2020-01-16",blog de El Mundo abandonado (última 2020-01-16): sin sustituto,no,,,0
noticias-869,832,https://e00-elmundo.uecdn.es/blogs/elmundo/camaredonda/index.xml,"sin fotos,acentos rotos,sin cambios | feed HTTP 200, 20 noticias, última 2011-07-15",blog de El Mundo abandonado (última 2011-07-15): sin sustituto,no,,,0
noticias-871,833,https://e00-elmundo.uecdn.es/blogs/elmundo/cosmos/index.xml,"sin fotos,acentos rotos,sin cambios | feed HTTP 200, 20 noticias, última 2014-11-13",blog de El Mundo abandonado (última 2014-11-13): sin sustituto,no,,,0
noticias-872,834,https://e00-elmundo.uecdn.es/blogs/elmundo/sapiens/index.xml,"sin fotos,acentos rotos,sin cambios | feed HTTP 200, 20 noticias, última 2015-02-13",blog de El Mundo abandonado (última 2015-02-13): sin sustituto,no,,,0
noticias-873,835,https://e00-elmundo.uecdn.es/blogs/elmundo/verde/index.xml,"sin fotos,acentos rotos,sin cambios | feed HTTP 200, 15 noticias, última 2010-05-04",blog de El Mundo abandonado (última 2010-05-04): sin sustituto,no,,,0
noticias-875,836,https://e00-elmundo.uecdn.es/blogs/elmundo/ciudadanom/index.xml,"sin fotos,acentos rotos,sin cambios | feed HTTP 200, 20 noticias, última 2014-11-12",blog de El Mundo abandonado (última 2014-11-12): sin sustituto,no,,,0
noticias-874,837,https://e00-elmundo.uecdn.es/blogs/elmundo/tierra/index.xml,"sin fotos,acentos rotos,sin cambios | feed HTTP 200, 20 noticias, última 2017-10-10",blog de El Mundo abandonado (última 2017-10-10): sin sustituto,no,,,0
noticias-876,838,https://e00-elmundo.uecdn.es/blogs/elmundo/madridbajosfondos/index.xml,"acentos rotos,sin cambios | feed HTTP 200, 20 noticias, última 2010-10-12",blog de El Mundo abandonado (última 2010-10-12): sin sustituto,no,,,0
noticias-753,845,https://carmenprofe.synology.me/scraper_generico.php?url=https%3A%2F%2Fwww.eldiario.es%2Fmadrid%2Fsomos%2Fchamberi%2F,"sin cambios | feed HTTP 200, 8 noticias",NAS: la sección casi no cambia o el lector coge bloques fijos,no,,,0
noticias-763,847,https://carmenprofe.synology.me/scraper_generico.php?url=https%3A%2F%2Fwww.eldiario.es%2Fautores%2Fignacio_escolar%2F,"sin cambios | feed HTTP 200, 3 noticias",el NAS ya tiene noticias nuevas pero el proceso de feeds no las guarda (NAS ocupado o tiempo de espera),no,,,0
noticias-766,849,https://carmenprofe.synology.me/scraper_generico.php?url=https%3A%2F%2Fwww.eldiario.es%2Fcontracorriente,"sin cambios | feed HTTP 200, 8 noticias",NAS: la sección casi no cambia o el lector coge bloques fijos,no,,,0
noticias-771,852,https://carmenprofe.synology.me/scraper_generico.php?url=https%3A%2F%2Fwww.eldiario.es%2Fblog%2Fel-ojo-izquierdo%2F,"sin cambios | feed HTTP 200, 8 noticias",NAS: la sección casi no cambia o el lector coge bloques fijos,no,,,0
noticias-774,853,https://carmenprofe.synology.me/scraper_generico.php?url=https%3A%2F%2Fwww.eldiario.es%2Fretrones,"sin cambios | feed HTTP 200, 8 noticias",NAS: la sección casi no cambia o el lector coge bloques fijos,no,,,0
noticias-789,854,https://carmenprofe.synology.me/scraper_generico.php?url=https%3A%2F%2Fwww.eldiario.es%2Fmundial-2026%2Fespana-campeona-mundo-ultima-hora-celebracion-llegada-jugadores-directo_133_13392506.html,"menos de 3,sin cambios | feed HTTP 200, 1 noticias",NAS: la sección casi no cambia o el lector coge bloques fijos,no,,,0
noticias-794,855,https://carmenprofe.synology.me/scraper_generico.php?url=https%3A%2F%2Fwww.eldiario.es%2Fspin%2Fmundo-animal%2Fperros-viajando-trenes-renfe-recargo-requisitos-asientos-canes-40-kilos-pm_1_13393312.html,"menos de 3,sin cambios | feed HTTP 200, 1 noticias",NAS: la sección casi no cambia o el lector coge bloques fijos,no,,,0
noticias-853,856,https://e00-elmundo.uecdn.es/blogs/elmundo/lafotodelasemana/index.xml,"acentos rotos,sin cambios | feed HTTP 200, 20 noticias, última 2015-03-10",blog de El Mundo abandonado (última 2015-03-10): sin sustituto,no,,,0
noticias-856,857,https://e00-elmundo.uecdn.es/blogs/elmundo/rockandblog/index.xml,"sin fotos,acentos rotos,sin cambios | feed HTTP 200, 20 noticias, última 2015-02-20",blog de El Mundo abandonado (última 2015-02-20): sin sustituto,no,,,0
noticias-877,858,https://e00-elmundo.uecdn.es/blogs/elmundo/atodanoche/index.xml,"sin fotos,acentos rotos,sin cambios | feed HTTP 200, 20 noticias, última 2010-09-28",blog de El Mundo abandonado (última 2010-09-28): sin sustituto,no,,,0
noticias-878,859,https://e00-elmundo.uecdn.es/blogs/elmundo/ciudadanobarcelona/index.xml,"sin fotos,acentos rotos,sin cambios | feed HTTP 200, 20 noticias, última 2012-05-05",blog de El Mundo abandonado (última 2012-05-05): sin sustituto,no,,,0
noticias-879,860,https://e00-elmundo.uecdn.es/blogs/elmundo/ciudadanobaleares/index.xml,"sin fotos,acentos rotos,sin cambios | feed HTTP 200, 20 noticias, última 2013-01-12",blog de El Mundo abandonado (última 2013-01-12): sin sustituto,no,,,0
noticias-880,861,https://e00-elmundo.uecdn.es/blogs/elmundo/archipielago_gulasch/index.xml,"sin fotos,acentos rotos,sin cambios | feed HTTP 200, 20 noticias, última 2015-12-18",blog de El Mundo abandonado (última 2015-12-18): sin sustituto,no,,,0
noticias-881,862,https://e00-elmundo.uecdn.es/blogs/elmundo/ciudadanovalencia/index.xml,"sin fotos,acentos rotos,sin cambios | feed HTTP 200, 20 noticias, última 2013-06-27",blog de El Mundo abandonado (última 2013-06-27): sin sustituto,no,,,0
noticias-882,863,https://e00-elmundo.uecdn.es/blogs/elmundo/ciudadanocastillayleon/index.xml,"sin fotos,acentos rotos,sin cambios | feed HTTP 200, 12 noticias, última 2013-04-09",blog de El Mundo abandonado (última 2013-04-09): sin sustituto,no,,,0
noticias-884,864,https://e00-elmundo.uecdn.es/blogs/elmundo/cronicasdesdeeeuu/index.xml,"sin fotos,acentos rotos,sin cambios | feed HTTP 200, 20 noticias, última 2011-09-19",blog de El Mundo abandonado (última 2011-09-19): sin sustituto,no,,,0
noticias-885,865,https://e00-elmundo.uecdn.es/elmundo/rss/blogs/lapurezaestaenlamezcla.xml,"sin cambios | feed HTTP 200, 6 noticias, última 2010-09-16",sección de El Mundo abandonada (última 2010-09-16),no,,,0
noticias-886,866,https://e00-elmundo.uecdn.es/blogs/elmundo/orienteproximo/index.xml,"sin fotos,acentos rotos,sin cambios | feed HTTP 200, 20 noticias, última 2011-09-16",blog de El Mundo abandonado (última 2011-09-16): sin sustituto,no,,,0
noticias-887,867,https://e00-elmundo.uecdn.es/blogs/elmundo/cronicasdesdeasia/index.xml,"acentos rotos,sin cambios | feed HTTP 200, 20 noticias, última 2011-08-30",blog de El Mundo abandonado (última 2011-08-30): sin sustituto,no,,,0
noticias-888,868,https://e00-elmundo.uecdn.es/blogs/elmundo/cronicasdesdelatinoamerica/index.xml,"sin fotos,acentos rotos,sin cambios | feed HTTP 200, 14 noticias, última 2010-06-03",blog de El Mundo abandonado (última 2010-06-03): sin sustituto,no,,,0
noticias-889,869,https://e00-elmundo.uecdn.es/blogs/elmundo/chinavirtual/index.xml,"menos de 3,sin fotos,sin cambios | feed HTTP 200, 2 noticias, última 2010-03-16",blog de El Mundo abandonado (última 2010-03-16): sin sustituto,no,,,0
noticias-890,870,https://e00-elmundo.uecdn.es/blogs/elmundo/habaname/index.xml,"sin fotos,acentos rotos,sin cambios | feed HTTP 200, 20 noticias, última 2015-09-21",blog de El Mundo abandonado (última 2015-09-21): sin sustituto,no,,,0
noticias-883,872,https://e00-elmundo.uecdn.es/blogs/elmundo/cronicasdesdeeuropa/index.xml,"acentos rotos,sin cambios | feed HTTP 200, 20 noticias, última 2011-09-18",blog de El Mundo abandonado (última 2011-09-18): sin sustituto,no,,,0
noticias-891,875,https://e00-elmundo.uecdn.es/blogs/elmundo/hemisferioxx/index.xml,"sin fotos,acentos rotos,sin cambios | feed HTTP 200, 20 noticias, última 2010-10-30",blog de El Mundo abandonado (última 2010-10-30): sin sustituto,no,,,0
noticias-899,878,https://e00-elmundo.uecdn.es/elmundodeporte/rss/masdeporte.xml,"sin cambios | feed HTTP 200, 8 noticias, última 2013-10-23",feed abandonado (última 2013-10-23): leer la página vía NAS,no,,,0
noticias-896,882,https://e00-elmundo.uecdn.es/elmundodeporte/rss/golf.xml,"sin cambios | feed HTTP 200, 4 noticias, última 2010-01-11",feed abandonado (última 2010-01-11): leer la página vía NAS,no,,,0
noticias-912,890,https://carmenprofe.synology.me/scraper_generico.php?url=https%3A%2F%2Fwww.elmundo.es%2Finternacional.html,"sin cambios | feed HTTP 200, 8 noticias",el NAS ya tiene noticias nuevas pero el proceso de feeds no las guarda (NAS ocupado o tiempo de espera),no,,,0
noticias-922,899,https://carmenprofe.synology.me/scraper_generico.php?url=https%3A%2F%2Fwww.elmundo.es%2Fyodona.html,"sin cambios | feed HTTP 200, 8 noticias",el NAS ya tiene noticias nuevas pero el proceso de feeds no las guarda (NAS ocupado o tiempo de espera),no,,,0
noticias-923,901,https://carmenprofe.synology.me/scraper_generico.php?url=https%3A%2F%2Fwww.elmundo.es%2Fpapel.html,"sin cambios | feed HTTP 200, 8 noticias",el NAS ya tiene noticias nuevas pero el proceso de feeds no las guarda (NAS ocupado o tiempo de espera),no,,,0
noticias-932,909,https://carmenprofe.synology.me/scraper_generico.php?url=https%3A%2F%2Fcooking.elmundo.es%2F,"sin cambios | feed HTTP 200, 8 noticias",NAS: la sección casi no cambia o el lector coge bloques fijos,no,,,0
noticias-934,910,https://carmenprofe.synology.me/scraper_generico.php?url=https%3A%2F%2Fwww.elmundo.es%2Ffuture-makers.html,"sin cambios | feed HTTP 200, 8 noticias",NAS: la sección casi no cambia o el lector coge bloques fijos,no,,,0
noticias-937,911,https://carmenprofe.synology.me/scraper_generico.php?url=https%3A%2F%2Fwww.elmundo.es%2Ftelevision%2Fprogramacion-tv%2F,"sin cambios | feed HTTP 200, 8 noticias",NAS: la sección casi no cambia o el lector coge bloques fijos,no,,,0
noticias-935,913,https://carmenprofe.synology.me/scraper_generico.php?url=https%3A%2F%2Fwww.elmundo.es%2Fnewsletters.html,"sin fotos,sin cambios | feed HTTP 200, 8 noticias",NAS: la sección casi no cambia o el lector coge bloques fijos,no,,,0
noticias-936,916,https://carmenprofe.synology.me/scraper_generico.php?url=https%3A%2F%2Fwww.elmundo.es%2Ftraductor%2F,"sin fotos,sin cambios | feed HTTP 200, 8 noticias",NAS: la sección casi no cambia o el lector coge bloques fijos,no,,,0
noticias-940,918,https://carmenprofe.synology.me/scraper_generico.php?url=https%3A%2F%2Fwww.elmundo.es%2Feconomia%2Fconversor-cambio-moneda.html,"sin fotos,sin cambios | feed HTTP 200, 8 noticias",NAS: la sección casi no cambia o el lector coge bloques fijos,no,,,0
noticias-941,919,https://carmenprofe.synology.me/scraper_generico.php?url=https%3A%2F%2Fwww.elmundo.es%2Fcursos.html,"sin cambios,enlaces ajenos (escuelaunidadeditorial.es) | feed HTTP 200, 8 noticias",NAS: la sección casi no cambia o el lector coge bloques fijos,no,,,0
noticias-943,920,https://carmenprofe.synology.me/scraper_generico.php?url=https%3A%2F%2Fwww.elmundo.es%2Fespeciales%2Flos-mas-ricos%2Findex.html,"sin fotos,sin cambios | feed HTTP 200, 8 noticias",NAS: la sección casi no cambia o el lector coge bloques fijos,no,,,0
noticias-945,921,https://carmenprofe.synology.me/scraper_generico.php?url=https%3A%2F%2Fwww.elmundo.es%2Fmejores-colegios.html,"sin fotos,sin cambios | feed HTTP 200, 8 noticias",NAS: la sección casi no cambia o el lector coge bloques fijos,no,,,0
noticias-946,922,https://carmenprofe.synology.me/scraper_generico.php?url=https%3A%2F%2Fwww.elmundo.es%2Fespeciales%2Franking-universidades%2Findex.html,"sin cambios | feed HTTP 200, 8 noticias",NAS: la sección casi no cambia o el lector coge bloques fijos,no,,,0
noticias-947,923,https://carmenprofe.synology.me/scraper_generico.php?url=https%3A%2F%2Fwww.elmundo.es%2Fespeciales%2Fmejores-masters%2Findex.html,"sin cambios | feed HTTP 200, 8 noticias",NAS: la sección casi no cambia o el lector coge bloques fijos,no,,,0
noticias-948,924,https://carmenprofe.synology.me/scraper_generico.php?url=https%3A%2F%2Fwww.elmundo.es%2Ft%2Ffo%2Fformacion-online.html,"sin cambios | feed HTTP 200, 8 noticias",NAS: la sección casi no cambia o el lector coge bloques fijos,no,,,0
noticias-950,925,https://carmenprofe.synology.me/scraper_generico.php?url=https%3A%2F%2Fwww.elmundo.es%2Fjuegos.html,"sin fotos,sin cambios | feed HTTP 200, 8 noticias",NAS: la sección casi no cambia o el lector coge bloques fijos,no,,,0
noticias-952,929,https://carmenprofe.synology.me/scraper_generico.php?url=https%3A%2F%2Fentradas.elmundo.es%2F,"sin cambios | feed HTTP 200, 8 noticias",el NAS ya tiene noticias nuevas pero el proceso de feeds no las guarda (NAS ocupado o tiempo de espera),no,,,0
noticias-956,930,https://carmenprofe.synology.me/scraper_generico.php?url=https%3A%2F%2Fwww.elmundo.es%2Fextras.html,"sin cambios | feed HTTP 200, 8 noticias",NAS: la sección casi no cambia o el lector coge bloques fijos,no,,,0
noticias-960,934,https://carmenprofe.synology.me/scraper_generico.php?url=https%3A%2F%2Fwww.elmundo.es%2Floterias%2Fresultados.html,"sin fotos,sin cambios | feed HTTP 200, 8 noticias",NAS: la sección casi no cambia o el lector coge bloques fijos,no,,,0
noticias-961,935,https://carmenprofe.synology.me/scraper_generico.php?url=https%3A%2F%2Fwww.elmundo.es%2Floterias%2Floteria-navidad%2Fcomprobar-loteria.html,"sin fotos,sin cambios | feed HTTP 200, 8 noticias",NAS: la sección casi no cambia o el lector coge bloques fijos,no,,,0
noticias-962,936,https://carmenprofe.synology.me/scraper_generico.php?url=https%3A%2F%2Fmibebeyyo.elmundo.es%2F,"sin fotos,sin cambios | feed HTTP 200, 8 noticias",NAS: la sección casi no cambia o el lector coge bloques fijos,no,,,0
noticias-963,937,https://carmenprofe.synology.me/scraper_generico.php?url=https%3A%2F%2Fsaposyprincesas.elmundo.es%2F,"sin cambios | feed HTTP 200, 8 noticias",NAS: la sección casi no cambia o el lector coge bloques fijos,no,,,0
noticias-964,938,https://carmenprofe.synology.me/scraper_generico.php?url=https%3A%2F%2Frecetasdecocina.elmundo.es%2F,"sin cambios | feed HTTP 200, 8 noticias",NAS: la sección casi no cambia o el lector coge bloques fijos,no,,,0
noticias-955,939,https://carmenprofe.synology.me/scraper_generico.php?url=https%3A%2F%2Fwww.elmundo.es%2Felecciones.html,"sin cambios | feed HTTP 200, 8 noticias",NAS: la sección casi no cambia o el lector coge bloques fijos,no,,,0
noticias-949,940,https://carmenprofe.synology.me/scraper_generico.php?url=https%3A%2F%2Fwww.elmundo.es%2Fespeciales%2Fcotos-caza%2Findex.html,"sin cambios | feed HTTP 200, 8 noticias",NAS: la sección casi no cambia o el lector coge bloques fijos,no,,,0
noticias-944,941,https://carmenprofe.synology.me/scraper_generico.php?url=https%3A%2F%2Fwww.elmundo.es%2Feconomia%2Fmejores-empresas%2Franking.html,"sin fotos,sin cambios | feed HTTP 200, 8 noticias",NAS: la sección casi no cambia o el lector coge bloques fijos,no,,,0
noticias-1026,955,https://carmenprofe.synology.me/scraper_generico.php?url=https%3A%2F%2Fwww.eldebate.com%2Fdeportes%2Fmundial-futbol-2026,"sin cambios | feed HTTP 200, 8 noticias",NAS: la sección casi no cambia o el lector coge bloques fijos,no,,,0
noticias-1044,970,https://carmenprofe.synology.me/scraper_generico.php?url=https%3A%2F%2Fwww.eldebate.com%2Fespana%2Fdefensa%2F,"sin cambios | feed HTTP 200, 8 noticias",el NAS ya tiene noticias nuevas pero el proceso de feeds no las guarda (NAS ocupado o tiempo de espera),no,,,0
noticias-1057,982,https://carmenprofe.synology.me/scraper_generico.php?url=https%3A%2F%2Fwww.eldebate.com%2Festilo-vida%2Frecetas%2F,"sin cambios | feed HTTP 200, 8 noticias",NAS: la sección casi no cambia o el lector coge bloques fijos,no,,,0
noticias-1058,983,https://carmenprofe.synology.me/scraper_generico.php?url=https%3A%2F%2Fwww.eldebate.com%2Fnewsletters%2F,"menos de 3,sin fotos,sin cambios | feed HTTP 200, 1 noticias",NAS: la sección casi no cambia o el lector coge bloques fijos,no,,,0
noticias-1063,985,https://carmenprofe.synology.me/scraper_generico.php?url=https%3A%2F%2Fwww.eldebate.com%2Fregistro%2F,"menos de 3,sin fotos,sin cambios | feed HTTP 200, 1 noticias | NAS fresca",NAS: la sección casi no cambia o el lector coge bloques fijos,no,,,0
noticias-983,1014,https://es.euronews.com/rss?level=vertical&name=news,sin cambios | feed HTTP 406,feed 406: leer la página vía NAS,no,,,0
noticias-1079,1052,https://carmenprofe.synology.me/scraper_generico.php?url=https%3A%2F%2Fwww.abc.es%2Fpasatiempos%2F,"sin cambios | feed HTTP 200, 5 noticias | NAS fresca",NAS: la sección casi no cambia o el lector coge bloques fijos,no,,,0
noticias-1080,1053,https://carmenprofe.synology.me/scraper_generico.php?url=https%3A%2F%2Fwww.abc.es%2Fjuegos%2F,"sin cambios | feed HTTP 200, 5 noticias | NAS fresca",NAS: la sección casi no cambia o el lector coge bloques fijos,no,,,0
noticias-1083,1057,https://carmenprofe.synology.me/scraper_generico.php?url=https%3A%2F%2Fhoroscopo.abc.es%2F,"sin cambios | feed HTTP 200, 8 noticias",NAS: la sección casi no cambia o el lector coge bloques fijos,no,,,0
noticias-1087,1059,https://carmenprofe.synology.me/scraper_generico.php?url=https%3A%2F%2Fwww.abc.es%2Farchivo%2F,"sin cambios | feed HTTP 200, 8 noticias",NAS: la sección casi no cambia o el lector coge bloques fijos,no,,,0
noticias-1085,1069,https://carmenprofe.synology.me/scraper_generico.php?url=https%3A%2F%2Fwww.abc.es%2Fesquelas%2F,"sin cambios | feed HTTP 200, 8 noticias",NAS: la sección casi no cambia o el lector coge bloques fijos,no,,,0
noticias-1106,1079,https://carmenprofe.synology.me/scraper_generico.php?url=https%3A%2F%2Fwww.publico.es%2Fahorro-inteligente,"sin cambios | feed HTTP 200, 8 noticias",NAS: la sección casi no cambia o el lector coge bloques fijos,no,,,0
noticias-1107,1080,https://carmenprofe.synology.me/scraper_generico.php?url=https%3A%2F%2Fwww.publico.es%2Fespeciales%2Fautoritarismo-y-reaccion,"sin cambios | feed HTTP 200, 8 noticias",NAS: la sección casi no cambia o el lector coge bloques fijos,no,,,0
noticias-1108,1081,https://carmenprofe.synology.me/scraper_generico.php?url=https%3A%2F%2Fwww.publico.es%2Fcarretera-y-manta,"sin cambios | feed HTTP 200, 8 noticias",NAS: la sección casi no cambia o el lector coge bloques fijos,no,,,0
noticias-1112,1084,https://carmenprofe.synology.me/scraper_generico.php?url=https%3A%2F%2Fwww.publico.es%2Fdeportes,"sin cambios | feed HTTP 200, 8 noticias",NAS: la sección casi no cambia o el lector coge bloques fijos,no,,,0
noticias-1116,1136,https://okdiario.com/espana/canarias/feed,"sin cambios | feed HTTP 200, 50 noticias, última 2026-09-22",feed con poca actividad (última 2026-09-22),no,,,0
noticias-1174,1145,https://noticias.carmenprofe.synology.me/scraper_generico.php?url=https%3A%2F%2Fnavarra.okdiario.com%2F,"sin cambios | feed HTTP 200, 8 noticias",el NAS ya tiene noticias nuevas pero el proceso de feeds no las guarda (NAS ocupado o tiempo de espera),no,,,0
noticias-1184,1154,https://carmenprofe.synology.me/scraper_generico.php?url=https%3A%2F%2Fokdiario.com%2Fmundial%2F,"sin cambios | feed HTTP 200, 8 noticias",NAS: la sección casi no cambia o el lector coge bloques fijos,no,,,0
noticias-1213,1156,https://carmenprofe.synology.me/scraper_generico.php?url=https%3A%2F%2Fwww.newtral.es%2Fseccion%2Fciencia%2F,"sin cambios | feed HTTP 200, 8 noticias | NAS fresca",el NAS ya tiene noticias nuevas pero el proceso de feeds no las guarda (NAS ocupado o tiempo de espera),no,,,0
noticias-1214,1157,https://carmenprofe.synology.me/scraper_generico.php?url=https%3A%2F%2Fwww.newtral.es%2Ftag%2Femergencia-climatica%2F,"sin cambios | feed HTTP 200, 8 noticias | NAS fresca",NAS: la sección casi no cambia o el lector coge bloques fijos,no,,,0
noticias-1215,1158,https://carmenprofe.synology.me/scraper_generico.php?url=https%3A%2F%2Fwww.newtral.es%2Ftag%2Fdinero-publico%2F,"sin cambios | feed HTTP 200, 8 noticias",NAS: la sección casi no cambia o el lector coge bloques fijos,no,,,0
noticias-1216,1159,https://carmenprofe.synology.me/scraper_generico.php?url=https%3A%2F%2Fwww.newtral.es%2Ftag%2Ffeminismo%2F,"sin cambios | feed HTTP 200, 8 noticias",NAS: la sección casi no cambia o el lector coge bloques fijos,no,,,0
noticias-1189,1165,https://carmenprofe.synology.me/scraper_generico.php?url=https%3A%2F%2Fokdiario.com%2Ftrailer%2F,"sin cambios | feed HTTP 200, 8 noticias",NAS: la sección casi no cambia o el lector coge bloques fijos,no,,,0
noticias-1195,1185,https://carmenprofe.synology.me/scraper_generico.php?url=https%3A%2F%2Fokdiario.com%2Fhowto%2F,"sin cambios | feed HTTP 200, 8 noticias",NAS: la sección casi no cambia o el lector coge bloques fijos,no,,,0
noticias-1245,1212,https://carmenprofe.synology.me/scraper_generico.php?url=https%3A%2F%2Fwww.vozpopuli.com%2Fespana%2Fcanarias,"sin cambios | feed HTTP 200, 8 noticias",el NAS ya tiene noticias nuevas pero el proceso de feeds no las guarda (NAS ocupado o tiempo de espera),no,,,0
noticias-1246,1213,https://carmenprofe.synology.me/scraper_generico.php?url=https%3A%2F%2Fwww.vozpopuli.com%2Fespana%2Fcastilla-la-mancha,"sin cambios | feed HTTP 200, 8 noticias",NAS: la sección casi no cambia o el lector coge bloques fijos,no,,,0
noticias-1248,1214,https://carmenprofe.synology.me/scraper_generico.php?url=https%3A%2F%2Fwww.vozpopuli.com%2Fespana%2Fnavarra,"sin cambios | feed HTTP 200, 8 noticias",NAS: la sección casi no cambia o el lector coge bloques fijos,no,,,0
noticias-1250,1215,https://carmenprofe.synology.me/scraper_generico.php?url=https%3A%2F%2Fwww.vozpopuli.com%2Fespana%2Fextremadura,"sin cambios | feed HTTP 200, 8 noticias",NAS: la sección casi no cambia o el lector coge bloques fijos,no,,,0
noticias-1251,1217,https://carmenprofe.synology.me/scraper_generico.php?url=https%3A%2F%2Fwww.vozpopuli.com%2Fespana%2Fgalicia,"sin cambios | feed HTTP 200, 8 noticias",NAS: la sección casi no cambia o el lector coge bloques fijos,no,,,0
noticias-1252,1221,https://carmenprofe.synology.me/scraper_generico.php?url=https%3A%2F%2Fwww.vozpopuli.com%2Fespana%2Fpais-vasco,"sin cambios | feed HTTP 200, 8 noticias",NAS: la sección casi no cambia o el lector coge bloques fijos,no,,,0
noticias-1268,1236,https://noticias.carmenprofe.synology.me/scraper_generico.php?url=https%3A%2F%2Fwww.vozpopuli.com%2Fhistoria,"sin cambios | feed HTTP 200, 8 noticias",el NAS ya tiene noticias nuevas pero el proceso de feeds no las guarda (NAS ocupado o tiempo de espera),no,,,0
noticias-1267,1237,https://noticias.carmenprofe.synology.me/scraper_generico.php?url=https%3A%2F%2Fwww.vozpopuli.com%2Faltavoz%2Fcultura,"sin cambios | feed HTTP 200, 8 noticias",el NAS ya tiene noticias nuevas pero el proceso de feeds no las guarda (NAS ocupado o tiempo de espera),no,,,0
noticias-1275,1239,https://carmenprofe.synology.me/scraper_generico.php?url=https%3A%2F%2Fwww.vozpopuli.com%2Fdolcevita,"sin cambios | feed HTTP 200, 8 noticias | NAS fresca",el NAS ya tiene noticias nuevas pero el proceso de feeds no las guarda (NAS ocupado o tiempo de espera),no,,,0
noticias-1274,1240,https://carmenprofe.synology.me/scraper_generico.php?url=https%3A%2F%2Fwww.vozpopuli.com%2Fmedios,"sin cambios | feed HTTP 200, 8 noticias",NAS: la sección casi no cambia o el lector coge bloques fijos,no,,,0
noticias-1278,1244,https://noticias.carmenprofe.synology.me/scraper_generico.php?url=https%3A%2F%2Fwww.vozpopuli.com%2Fbienestar%2Fnutricion,"sin cambios | feed HTTP 200, 8 noticias",NAS: la sección casi no cambia o el lector coge bloques fijos,no,,,0
noticias-1284,1248,https://carmenprofe.synology.me/scraper_generico.php?url=https%3A%2F%2Fwww.vozpopuli.com%2Ftag%2Fcotizaciones,"sin cambios | feed HTTP 200, 8 noticias",NAS: la sección casi no cambia o el lector coge bloques fijos,no,,,0
noticias-1286,1249,https://carmenprofe.synology.me/scraper_generico.php?url=https%3A%2F%2Fwww.vozpopuli.com%2Fbranded-content,"sin cambios | feed HTTP 200, 8 noticias",el NAS ya tiene noticias nuevas pero el proceso de feeds no las guarda (NAS ocupado o tiempo de espera),no,,,0
noticias-1285,1250,https://carmenprofe.synology.me/scraper_generico.php?url=https%3A%2F%2Fwww.vozpopuli.com%2Floterias%2Floteria-navidad,"sin cambios | feed HTTP 200, 8 noticias",NAS: la sección casi no cambia o el lector coge bloques fijos,no,,,0
noticias-1287,1251,https://carmenprofe.synology.me/scraper_generico.php?url=https%3A%2F%2Fwww.vozpopuli.com%2Findux%2Fen%2F,"menos de 3,sin cambios | feed HTTP 503",feed 503: leer la página vía NAS,no,,,0
noticias-1371,1281,https://feeds.elpais.com/mrss-s/pages/ep/site/elpais.com/section/estilo/portada,"sin cambios | feed HTTP 200, 43 noticias, última 2021-09-02",feed abandonado (última 2021-09-02): leer la página vía NAS,no,,,0
noticias-1290,1299,https://carmenprofe.synology.me/scraper_generico.php?url=https%3A%2F%2Fwww.mediterraneodigital.com%2Finternacional,"sin cambios | feed HTTP 200, 7 noticias",NAS: la sección casi no cambia o el lector coge bloques fijos,no,,,0
noticias-1292,1300,https://carmenprofe.synology.me/scraper_generico.php?url=https%3A%2F%2Fwww.mediterraneodigital.com%2Fsucesos-espana,"sin cambios | feed HTTP 200, 5 noticias | NAS fresca",NAS: la sección casi no cambia o el lector coge bloques fijos,no,,,0
noticias-1291,1301,https://carmenprofe.synology.me/scraper_generico.php?url=https%3A%2F%2Fwww.mediterraneodigital.com%2Fdesafio-independentista,"sin cambios | feed HTTP 200, 7 noticias",NAS: la sección casi no cambia o el lector coge bloques fijos,no,,,0
noticias-1294,1303,https://carmenprofe.synology.me/scraper_generico.php?url=https%3A%2F%2Fwww.mediterraneodigital.com%2Fsociedad-y-tiempo-libre,"sin cambios | feed HTTP 200, 7 noticias",NAS: la sección casi no cambia o el lector coge bloques fijos,no,,,0
noticias-1296,1304,https://carmenprofe.synology.me/scraper_generico.php?url=https%3A%2F%2Fwww.mediterraneodigital.com%2Ffeminismo,"sin cambios | feed HTTP 200, 7 noticias",NAS: la sección casi no cambia o el lector coge bloques fijos,no,,,0
noticias-1298,1305,https://carmenprofe.synology.me/scraper_generico.php?url=https%3A%2F%2Fwww.mediterraneodigital.com%2Fhumor,"sin cambios | feed HTTP 200, 3 noticias",NAS: la sección casi no cambia o el lector coge bloques fijos,no,,,0
noticias-1299,1307,https://carmenprofe.synology.me/scraper_generico.php?url=https%3A%2F%2Fwww.mediterraneodigital.com%2Fhistoria,"sin cambios | feed HTTP 200, 7 noticias",NAS: la sección casi no cambia o el lector coge bloques fijos,no,,,0
noticias-1304,1311,https://carmenprofe.synology.me/scraper_generico.php?url=https%3A%2F%2Fwww.mediterraneodigital.com%2Fopinion%2Fcolumnistas-de-opinion%2Falberto-pugilato,"sin cambios | feed HTTP 200, 4 noticias",NAS: la sección casi no cambia o el lector coge bloques fijos,no,,,0
noticias-1305,1312,https://carmenprofe.synology.me/scraper_generico.php?url=https%3A%2F%2Fwww.mediterraneodigital.com%2Fopinion%2Fcolumnistas-de-opinion%2Falejo-vidal-quadras,"sin cambios | feed HTTP 200, 7 noticias",NAS: la sección casi no cambia o el lector coge bloques fijos,no,,,0
noticias-1306,1313,https://carmenprofe.synology.me/scraper_generico.php?url=https%3A%2F%2Fwww.mediterraneodigital.com%2Fopinion%2Fcolumnistas-de-opinion%2Faura-modoran,"sin cambios | feed HTTP 200, 3 noticias",NAS: la sección casi no cambia o el lector coge bloques fijos,no,,,0
noticias-1307,1314,https://carmenprofe.synology.me/scraper_generico.php?url=https%3A%2F%2Fwww.mediterraneodigital.com%2Fopinion%2Fcolumnistas-de-opinion%2Fclaudia-peschiera,"menos de 3,sin cambios | feed HTTP 200, 1 noticias",NAS: la sección casi no cambia o el lector coge bloques fijos,no,,,0
noticias-1308,1315,https://carmenprofe.synology.me/scraper_generico.php?url=https%3A%2F%2Fwww.mediterraneodigital.com%2Fopinion%2Fcolumnistas-de-opinion%2Fenrique-area-sacristan,"sin cambios | feed HTTP 200, 7 noticias",NAS: la sección casi no cambia o el lector coge bloques fijos,no,,,0
noticias-1309,1316,https://carmenprofe.synology.me/scraper_generico.php?url=https%3A%2F%2Fwww.mediterraneodigital.com%2Fopinion%2Fcolumnistas-de-opinion%2Ferik-encinas,"sin cambios | feed HTTP 200, 7 noticias",NAS: la sección casi no cambia o el lector coge bloques fijos,no,,,0
noticias-1311,1317,https://carmenprofe.synology.me/scraper_generico.php?url=https%3A%2F%2Fwww.mediterraneodigital.com%2Fopinion%2Fcolumnistas-de-opinion%2Finaki-anasagasti,"sin cambios | feed HTTP 200, 7 noticias",NAS: la sección casi no cambia o el lector coge bloques fijos,no,,,0
noticias-1312,1318,https://carmenprofe.synology.me/scraper_generico.php?url=https%3A%2F%2Fwww.mediterraneodigital.com%2Fopinion%2Fcolumnistas-de-opinion%2Fjavier-garcia-isac,"sin cambios | feed HTTP 200, 7 noticias",NAS: la sección casi no cambia o el lector coge bloques fijos,no,,,0
noticias-1310,1319,https://carmenprofe.synology.me/scraper_generico.php?url=https%3A%2F%2Fwww.mediterraneodigital.com%2Fopinion%2Fcolumnistas-de-opinion%2Fibarbarellah,"menos de 3,sin cambios | feed HTTP 200, 1 noticias",NAS: la sección casi no cambia o el lector coge bloques fijos,no,,,0
noticias-1313,1320,https://carmenprofe.synology.me/scraper_generico.php?url=https%3A%2F%2Fwww.mediterraneodigital.com%2Fopinion%2Fcolumnistas-de-opinion%2Fjesus-munoz,"sin cambios | feed HTTP 200, 7 noticias",NAS: la sección casi no cambia o el lector coge bloques fijos,no,,,0
noticias-1314,1321,https://carmenprofe.synology.me/scraper_generico.php?url=https%3A%2F%2Fwww.mediterraneodigital.com%2Fopinion%2Fcolumnistas-de-opinion%2Fjordi-garriga,"sin cambios | feed HTTP 200, 7 noticias",NAS: la sección casi no cambia o el lector coge bloques fijos,no,,,0
noticias-1317,1322,https://carmenprofe.synology.me/scraper_generico.php?url=https%3A%2F%2Fwww.mediterraneodigital.com%2Fopinion%2Fcolumnistas-de-opinion%2Fluys-coleto,"sin cambios | feed HTTP 200, 7 noticias",NAS: la sección casi no cambia o el lector coge bloques fijos,no,,,0
noticias-1318,1323,https://carmenprofe.synology.me/scraper_generico.php?url=https%3A%2F%2Fwww.mediterraneodigital.com%2Fopinion%2Fcolumnistas-de-opinion%2Fnacho-toledano,"sin cambios | feed HTTP 200, 6 noticias",NAS: la sección casi no cambia o el lector coge bloques fijos,no,,,0
noticias-1320,1324,https://carmenprofe.synology.me/scraper_generico.php?url=https%3A%2F%2Fwww.mediterraneodigital.com%2Fopinion%2Fcolumnistas-de-opinion%2Fpadre-calvo,"sin cambios | feed HTTP 200, 7 noticias",NAS: la sección casi no cambia o el lector coge bloques fijos,no,,,0
noticias-1319,1325,https://carmenprofe.synology.me/scraper_generico.php?url=https%3A%2F%2Fwww.mediterraneodigital.com%2Fopinion%2Fcolumnistas-de-opinion%2Fmiguel-bernad,"sin cambios | feed HTTP 200, 7 noticias",NAS: la sección casi no cambia o el lector coge bloques fijos,no,,,0
noticias-1322,1326,https://carmenprofe.synology.me/scraper_generico.php?url=https%3A%2F%2Fwww.mediterraneodigital.com%2Fopinion%2Fcolumnistas-de-opinion%2Fpatricia-sanz,"sin cambios | feed HTTP 200, 7 noticias",NAS: la sección casi no cambia o el lector coge bloques fijos,no,,,0
noticias-1321,1327,https://carmenprofe.synology.me/scraper_generico.php?url=https%3A%2F%2Fwww.mediterraneodigital.com%2Fopinion%2Fcolumnistas-de-opinion%2Fpatricia-munoz,"sin cambios | feed HTTP 200, 6 noticias",NAS: la sección casi no cambia o el lector coge bloques fijos,no,,,0
noticias-1325,1328,https://carmenprofe.synology.me/scraper_generico.php?url=https%3A%2F%2Fwww.mediterraneodigital.com%2Fopinion%2Fcolumnistas-de-opinion%2Fsigfrid-soria,"sin cambios | feed HTTP 200, 7 noticias",NAS: la sección casi no cambia o el lector coge bloques fijos,no,,,0
noticias-1323,1330,https://carmenprofe.synology.me/scraper_generico.php?url=https%3A%2F%2Fwww.mediterraneodigital.com%2Fopinion%2Fcolumnistas-de-opinion%2Fpilar-enjamio,"sin cambios | feed HTTP 200, 7 noticias",NAS: la sección casi no cambia o el lector coge bloques fijos,no,,,0
noticias-1328,1331,https://carmenprofe.synology.me/scraper_generico.php?url=https%3A%2F%2Fwww.mediterraneodigital.com%2Fespana%2Fmundo,"sin cambios | feed HTTP 200, 7 noticias | NAS fresca",NAS: la sección casi no cambia o el lector coge bloques fijos,no,,,0
noticias-1326,1332,https://carmenprofe.synology.me/scraper_generico.php?url=https%3A%2F%2Fwww.mediterraneodigital.com%2Fopinion%2Fcolumnistas-de-opinion%2Fsonia-garcia,"sin cambios | feed HTTP 200, 4 noticias",NAS: la sección casi no cambia o el lector coge bloques fijos,no,,,0
noticias-1315,1334,https://carmenprofe.synology.me/scraper_generico.php?url=https%3A%2F%2Fwww.mediterraneodigital.com%2Fopinion%2Fcolumnistas-de-opinion%2Fjuan-vicente-santacreu,"sin cambios | feed HTTP 200, 7 noticias",NAS: la sección casi no cambia o el lector coge bloques fijos,no,,,0
noticias-1327,1335,https://carmenprofe.synology.me/scraper_generico.php?url=https%3A%2F%2Fwww.mediterraneodigital.com%2Fespana%2Finternacional,"sin cambios | feed HTTP 200, 7 noticias",NAS: la sección casi no cambia o el lector coge bloques fijos,no,,,0
noticias-1330,1337,https://carmenprofe.synology.me/scraper_generico.php?url=https%3A%2F%2Fwww.mediterraneodigital.com%2Fespana%2Feconomia,"sin cambios | feed HTTP 200, 7 noticias",NAS: la sección casi no cambia o el lector coge bloques fijos,no,,,0
noticias-1332,1338,https://carmenprofe.synology.me/scraper_generico.php?url=https%3A%2F%2Fwww.mediterraneodigital.com%2Fespana%2Fandalucia,"sin cambios | feed HTTP 200, 7 noticias",NAS: la sección casi no cambia o el lector coge bloques fijos,no,,,0
noticias-1333,1339,https://carmenprofe.synology.me/scraper_generico.php?url=https%3A%2F%2Fwww.mediterraneodigital.com%2Fespana%2Faragon,"sin cambios | feed HTTP 200, 7 noticias",NAS: la sección casi no cambia o el lector coge bloques fijos,no,,,0
noticias-1331,1340,https://carmenprofe.synology.me/scraper_generico.php?url=https%3A%2F%2Fwww.mediterraneodigital.com%2Fespana%2Fcasa-real,"sin cambios | feed HTTP 200, 7 noticias",NAS: la sección casi no cambia o el lector coge bloques fijos,no,,,0
noticias-1336,1341,https://carmenprofe.synology.me/scraper_generico.php?url=https%3A%2F%2Fwww.mediterraneodigital.com%2Fespana%2Fcanarias,"sin cambios | feed HTTP 200, 7 noticias",NAS: la sección casi no cambia o el lector coge bloques fijos,no,,,0
noticias-1335,1342,https://carmenprofe.synology.me/scraper_generico.php?url=https%3A%2F%2Fwww.mediterraneodigital.com%2Fespana%2Fbaleares,"sin cambios | feed HTTP 200, 7 noticias",NAS: la sección casi no cambia o el lector coge bloques fijos,no,,,0
noticias-1338,1343,https://carmenprofe.synology.me/scraper_generico.php?url=https%3A%2F%2Fwww.mediterraneodigital.com%2Fespana%2Fcastilla-la-mancha,"sin cambios | feed HTTP 200, 7 noticias",NAS: la sección casi no cambia o el lector coge bloques fijos,no,,,0
noticias-1339,1344,https://carmenprofe.synology.me/scraper_generico.php?url=https%3A%2F%2Fwww.mediterraneodigital.com%2Fespana%2Fcastilla-y-leon,"sin cambios | feed HTTP 200, 7 noticias",NAS: la sección casi no cambia o el lector coge bloques fijos,no,,,0
noticias-1337,1345,https://carmenprofe.synology.me/scraper_generico.php?url=https%3A%2F%2Fwww.mediterraneodigital.com%2Fespana%2Fcantabria,"sin cambios | feed HTTP 200, 7 noticias",NAS: la sección casi no cambia o el lector coge bloques fijos,no,,,0
noticias-1340,1346,https://carmenprofe.synology.me/scraper_generico.php?url=https%3A%2F%2Fwww.mediterraneodigital.com%2Fespana%2Fcataluna,"sin cambios | feed HTTP 200, 7 noticias",NAS: la sección casi no cambia o el lector coge bloques fijos,no,,,0
noticias-1343,1347,https://carmenprofe.synology.me/scraper_generico.php?url=https%3A%2F%2Fwww.mediterraneodigital.com%2Fespana%2Fcomunidad-valenciana,"sin cambios | feed HTTP 200, 7 noticias",NAS: la sección casi no cambia o el lector coge bloques fijos,no,,,0
noticias-1341,1348,https://carmenprofe.synology.me/scraper_generico.php?url=https%3A%2F%2Fwww.mediterraneodigital.com%2Fespana%2Fceuta-y-melilla,"sin cambios | feed HTTP 200, 7 noticias",NAS: la sección casi no cambia o el lector coge bloques fijos,no,,,0
noticias-1346,1349,https://carmenprofe.synology.me/scraper_generico.php?url=https%3A%2F%2Fwww.mediterraneodigital.com%2Fespana%2Fla-rioja,"sin cambios | feed HTTP 200, 7 noticias",NAS: la sección casi no cambia o el lector coge bloques fijos,no,,,0
noticias-1347,1350,https://carmenprofe.synology.me/scraper_generico.php?url=https%3A%2F%2Fwww.mediterraneodigital.com%2Fespana%2Fmurcia,"sin cambios | feed HTTP 200, 7 noticias",NAS: la sección casi no cambia o el lector coge bloques fijos,no,,,0
noticias-1348,1351,https://carmenprofe.synology.me/scraper_generico.php?url=https%3A%2F%2Fwww.mediterraneodigital.com%2Fespana%2Fnavarra,"sin cambios | feed HTTP 200, 7 noticias",NAS: la sección casi no cambia o el lector coge bloques fijos,no,,,0
noticias-1349,1352,https://carmenprofe.synology.me/scraper_generico.php?url=https%3A%2F%2Fwww.mediterraneodigital.com%2Fespana%2Fpais-vasco,"sin cambios | feed HTTP 200, 7 noticias",NAS: la sección casi no cambia o el lector coge bloques fijos,no,,,0
noticias-1350,1353,https://carmenprofe.synology.me/scraper_generico.php?url=https%3A%2F%2Fwww.mediterraneodigital.com%2Fespana%2Fentrevistas,"sin cambios | feed HTTP 200, 7 noticias",NAS: la sección casi no cambia o el lector coge bloques fijos,no,,,0
noticias-1334,1354,https://carmenprofe.synology.me/scraper_generico.php?url=https%3A%2F%2Fwww.mediterraneodigital.com%2Fespana%2Fasturias,"sin cambios | feed HTTP 200, 7 noticias",NAS: la sección casi no cambia o el lector coge bloques fijos,no,,,0
noticias-1401,1363,https://carmenprofe.synology.me/scraper_generico.php?url=https%3A%2F%2Fnuevosureste.es%2Fpublicidad%2F,"menos de 3,sin cambios | feed HTTP 200, 1 noticias",NAS: la sección casi no cambia o el lector coge bloques fijos,no,,,0
noticias-1455,1412,https://carmenprofe.synology.me/scraper_generico.php?url=https%3A%2F%2Fwww.eldiario.es%2Fconsumoclaro%2F,"sin cambios | feed HTTP 200, 8 noticias",NAS: la sección casi no cambia o el lector coge bloques fijos,no,,,0
noticias-1458,1415,https://carmenprofe.synology.me/scraper_generico.php?url=https%3A%2F%2Fwww.eldiario.es%2Fnidos%2F,"sin cambios | feed HTTP 200, 8 noticias",NAS: la sección casi no cambia o el lector coge bloques fijos,no,,,0
noticias-1460,1420,https://carmenprofe.synology.me/scraper_generico.php?url=https%3A%2F%2Fwww.eldiario.es%2Fballenablanca%2F,"sin cambios | feed HTTP 200, 8 noticias",NAS: la sección casi no cambia o el lector coge bloques fijos,no,,,0
noticias-1461,1421,https://carmenprofe.synology.me/scraper_generico.php?url=https%3A%2F%2Fwww.eldiario.es%2Fviajes%2F,"sin cambios | feed HTTP 200, 8 noticias",NAS: la sección casi no cambia o el lector coge bloques fijos,no,,,0
noticias-1467,1427,https://carmenprofe.synology.me/scraper_generico.php?url=https%3A%2F%2Fwww.eldiario.es%2Ffestival-de-las-ideas-y-la-cultura%2F,"sin cambios,enlaces ajenos (youtube.com) | feed HTTP 200, 8 noticias",NAS: la sección casi no cambia o el lector coge bloques fijos,no,,,0
noticias-1470,1429,https://carmenprofe.synology.me/scraper_generico.php?url=https%3A%2F%2Fwww.eldiario.es%2Fedcreativo%2Fdiario-salud%2F,"sin cambios | feed HTTP 200, 8 noticias",NAS: la sección casi no cambia o el lector coge bloques fijos,no,,,0
noticias-1468,1431,https://carmenprofe.synology.me/scraper_generico.php?url=https%3A%2F%2Fwww.eldiario.es%2Feventos,"sin cambios | feed HTTP 200, 8 noticias",NAS: la sección casi no cambia o el lector coge bloques fijos,no,,,0
noticias-1473,1432,https://carmenprofe.synology.me/scraper_generico.php?url=https%3A%2F%2Fwww.eldiario.es%2Fedcreativo%2Fespacio-pyme%2F,"sin cambios | feed HTTP 200, 8 noticias",NAS: la sección casi no cambia o el lector coge bloques fijos,no,,,0
noticias-1472,1434,https://carmenprofe.synology.me/scraper_generico.php?url=https%3A%2F%2Fwww.eldiario.es%2Fedcreativo%2Fenergias-renovables%2F,"sin cambios | feed HTTP 200, 4 noticias",NAS: la sección casi no cambia o el lector coge bloques fijos,no,,,0
noticias-1474,1435,https://carmenprofe.synology.me/scraper_generico.php?url=https%3A%2F%2Fwww.eldiario.es%2Fedcreativo%2Fconstruyendo-un-futuro%2F,"sin cambios | feed HTTP 200, 8 noticias",NAS: la sección casi no cambia o el lector coge bloques fijos,no,,,0
noticias-1495,1455,https://carmenprofe.synology.me/scraper_generico.php?url=https%3A%2F%2Fwww.eldiario.es%2Fmadrid%2Fsomos%2Fchamberi%2F,"sin cambios | feed HTTP 200, 8 noticias",NAS: la sección casi no cambia o el lector coge bloques fijos,no,,,0
noticias-1496,1456,https://carmenprofe.synology.me/scraper_generico.php?url=https%3A%2F%2Fwww.eldiario.es%2Fmadrid%2Fsomos%2Fchueca%2F,"sin cambios | feed HTTP 200, 8 noticias",NAS: la sección casi no cambia o el lector coge bloques fijos,no,,,0
noticias-1497,1457,https://carmenprofe.synology.me/scraper_generico.php?url=https%3A%2F%2Fwww.eldiario.es%2Fmadrid%2Fsomos%2Flavapies%2F,"sin cambios | feed HTTP 200, 8 noticias",NAS: la sección casi no cambia o el lector coge bloques fijos,no,,,0
noticias-1499,1458,https://carmenprofe.synology.me/scraper_generico.php?url=https%3A%2F%2Fwww.eldiario.es%2Fmadrid%2Fsomos%2Ftetuan%2F,"sin cambios | feed HTTP 200, 8 noticias",NAS: la sección casi no cambia o el lector coge bloques fijos,no,,,0
noticias-1508,1467,https://carmenprofe.synology.me/scraper_generico.php?url=https%3A%2F%2Fwww.eldiario.es%2Fcontracorriente,"sin cambios | feed HTTP 200, 8 noticias",NAS: la sección casi no cambia o el lector coge bloques fijos,no,,,0
noticias-1512,1471,https://carmenprofe.synology.me/scraper_generico.php?url=https%3A%2F%2Fwww.eldiario.es%2Fblog%2Fmicromachismos%2F,"sin cambios | feed HTTP 200, 8 noticias",NAS: la sección casi no cambia o el lector coge bloques fijos,no,,,0
noticias-1513,1472,https://carmenprofe.synology.me/scraper_generico.php?url=https%3A%2F%2Fwww.eldiario.es%2Fblog%2Fel-ojo-izquierdo%2F,"sin cambios | feed HTTP 200, 8 noticias",NAS: la sección casi no cambia o el lector coge bloques fijos,no,,,0
noticias-1516,1474,https://carmenprofe.synology.me/scraper_generico.php?url=https%3A%2F%2Fwww.eldiario.es%2Fretrones,"sin cambios | feed HTTP 200, 8 noticias",NAS: la sección casi no cambia o el lector coge bloques fijos,no,,,0
noticias-1520,1478,https://carmenprofe.synology.me/scraper_generico.php?url=https%3A%2F%2Feldiario.es%2Ffocos%2Fderechos_y_libertades%2F,"sin cambios | feed HTTP 200, 8 noticias",NAS: la sección casi no cambia o el lector coge bloques fijos,no,,,0
noticias-1522,1480,https://carmenprofe.synology.me/scraper_generico.php?url=https%3A%2F%2Feldiario.es%2Ffocos%2Fvigilancia_del_poder%2F,"sin cambios | feed HTTP 200, 8 noticias",NAS: la sección casi no cambia o el lector coge bloques fijos,no,,,0
noticias-1527,1483,https://carmenprofe.synology.me/scraper_generico.php?url=https%3A%2F%2Feldiario.es%2Ffocos%2Fmovilidad%2F,"sin cambios | feed HTTP 200, 8 noticias",NAS: la sección casi no cambia o el lector coge bloques fijos,no,,,0
noticias-1529,1484,https://carmenprofe.synology.me/scraper_generico.php?url=https%3A%2F%2Feldiario.es%2Ffocos%2Fprecariedad%2F,"sin cambios | feed HTTP 200, 8 noticias",NAS: la sección casi no cambia o el lector coge bloques fijos,no,,,0
noticias-1525,1486,https://carmenprofe.synology.me/scraper_generico.php?url=https%3A%2F%2Feldiario.es%2Ffocos%2Feducacion%2F,"sin cambios | feed HTTP 200, 8 noticias",NAS: la sección casi no cambia o el lector coge bloques fijos,no,,,0
noticias-1528,1487,https://carmenprofe.synology.me/scraper_generico.php?url=https%3A%2F%2Feldiario.es%2Ffocos%2Fracismo%2F,"sin cambios | feed HTTP 200, 8 noticias",NAS: la sección casi no cambia o el lector coge bloques fijos,no,,,0
noticias-1515,1488,https://carmenprofe.synology.me/scraper_generico.php?url=https%3A%2F%2Fwww.eldiario.es%2Fconsumoclaro%2Ftu-mejor-yo%2F,"sin cambios | feed HTTP 200, 8 noticias",NAS: la sección casi no cambia o el lector coge bloques fijos,no,,,0
noticias-1531,1489,https://carmenprofe.synology.me/scraper_generico.php?url=https%3A%2F%2Fwww.eldiario.es%2Fmundial-2026%2Fespana-campeona-mundo-ultima-hora-celebracion-llegada-jugadores-directo_133_13392506.html,"menos de 3,sin cambios | feed HTTP 200, 1 noticias",NAS: la sección casi no cambia o el lector coge bloques fijos,no,,,0
noticias-1532,1490,https://carmenprofe.synology.me/scraper_generico.php?url=https%3A%2F%2Fwww.eldiario.es%2Feconomia%2Ftu-economia%2Fcobran-pensiones-julio-2026-fecha-ingreso-banco_1_13387872.html,"menos de 3,sin cambios | feed HTTP 200, 1 noticias",NAS: la sección casi no cambia o el lector coge bloques fijos,no,,,0
noticias-1534,1492,https://carmenprofe.synology.me/scraper_generico.php?url=https%3A%2F%2Fwww.eldiario.es%2Fspin%2Fdeportes%2Fgana-espana-victoria-mundial-dinero-embolsara-jugador-pm_1_13392818.html,"menos de 3,sin cambios | feed HTTP 200, 1 noticias | NAS fresca",NAS: la sección casi no cambia o el lector coge bloques fijos,no,,,0
noticias-1535,1493,https://carmenprofe.synology.me/scraper_generico.php?url=https%3A%2F%2Fwww.eldiario.es%2Fconsumoclaro%2Fgeneral-testamento-vital-notaria-aclara-diferencias-blindar-voluntad-imprevisto-xp_1_13392492.html,"menos de 3,sin cambios | feed HTTP 200, 1 noticias",NAS: la sección casi no cambia o el lector coge bloques fijos,no,,,0
noticias-1536,1494,https://carmenprofe.synology.me/scraper_generico.php?url=https%3A%2F%2Fwww.eldiario.es%2Fspin%2Fmundo-animal%2Fperros-viajando-trenes-renfe-recargo-requisitos-asientos-canes-40-kilos-pm_1_13393312.html,"menos de 3,sin cambios | feed HTTP 200, 1 noticias",NAS: la sección casi no cambia o el lector coge bloques fijos,no,,,0
noticias-1537,1495,https://carmenprofe.synology.me/scraper_generico.php?url=https%3A%2F%2Fwww.eldiario.es%2Fspin%2Fdeportes%2Fcamiseta-pais-abren-reservar-equipacion-espana-estrellas-ganar-mundial-pm_1_13393051.html,"menos de 3,sin cambios | feed HTTP 200, 1 noticias",NAS: la sección casi no cambia o el lector coge bloques fijos,no,,,0
noticias-1538,1496,https://carmenprofe.synology.me/scraper_generico.php?url=https%3A%2F%2Fwww.eldiario.es%2Fconsumoclaro%2Fkimchi-pepino-plato-refrescante-cocina-coreana-disfrutar-ingredientes-verano_1_13387967.html,"menos de 3,sin cambios | feed HTTP 200, 1 noticias",NAS: la sección casi no cambia o el lector coge bloques fijos,no,,,0
noticias-1539,1497,https://carmenprofe.synology.me/scraper_generico.php?url=https%3A%2F%2Fwww.eldiario.es%2Fredaccion%2Fanade-eldiario-fuente-preferida-google-seguir-actualidad-ver-noticias_132_13200417.html,"menos de 3,sin cambios | feed HTTP 200, 1 noticias",NAS: la sección casi no cambia o el lector coge bloques fijos,no,,,0
noticias-1540,1498,https://carmenprofe.synology.me/scraper_generico.php?url=https%3A%2F%2Fwww.eldiario.es%2Fconsumoclaro%2Fcomo-solicitar-libro-familia-online_1_12252746.html,"menos de 3,sin cambios | feed HTTP 200, 1 noticias",NAS: la sección casi no cambia o el lector coge bloques fijos,no,,,0
noticias-1553,1511,https://www.zamoranews.com/rss/opinion/,"sin cambios | feed HTTP 200, 20 noticias, última 2026-09-11",feed con poca actividad (última 2026-09-11),no,,,0
noticias-1554,1512,https://www.zamoranews.com/rss/video/,"sin cambios | feed HTTP 200, 20 noticias, última 2026-06-10",feed abandonado (última 2026-06-10): leer la página vía NAS,no,,,0
noticias-1563,1521,https://www.zamoranews.com/rss/universidad-zamora/,"sin cambios | feed HTTP 200, 20 noticias, última 2026-10-01",el feed responde pero el archivo no se actualiza (feed sin cambios o tiempo de espera de 6 s),no,,,0
noticias-1564,1522,https://www.zamoranews.com/rss/blogs/,"sin cambios | feed HTTP 200, 20 noticias, última 2026-09-19",feed con poca actividad (última 2026-09-19),no,,,0
noticias-1565,1523,https://www.zamoranews.com/rss/zamora-participa/,"sin cambios | feed HTTP 200, 3 noticias, última 2025-02-20",feed abandonado (última 2025-02-20): leer la página vía NAS,no,,,0
noticias-1566,1524,https://www.zamoranews.com/rss/zamora-fuera/,"sin cambios | feed HTTP 200, 12 noticias, última 2026-03-19",feed abandonado (última 2026-03-19): leer la página vía NAS,no,,,0
noticias-1571,1527,https://www.zamoranews.com/rss/imagendeldiazamora/,"sin cambios | feed HTTP 200, 20 noticias, última 2026-09-25",feed con poca actividad (última 2026-09-25),no,,,0
noticias-1569,1528,https://www.zamoranews.com/rss/balonmanozamora/,"sin cambios | feed HTTP 200, 20 noticias, última 2026-09-13",feed con poca actividad (última 2026-09-13),no,,,0
noticias-1572,1531,https://www.zamoranews.com/rss/tuvoz-zamora/,"sin cambios | feed HTTP 200, 12 noticias, última 2023-09-10",feed abandonado (última 2023-09-10): leer la página vía NAS,no,,,0
noticias-1577,1534,https://www.zamoranews.com/rss/itinerarios/,"sin cambios | feed HTTP 200, 14 noticias, última 2020-03-09",feed abandonado (última 2020-03-09): leer la página vía NAS,no,,,0
noticias-1582,1540,https://www.zamoranews.com/rss/edades-del-hombre/,"sin cambios | feed HTTP 200, 20 noticias, última 2016-11-23",feed abandonado (última 2016-11-23): leer la página vía NAS,no,,,0
noticias-1584,1542,https://www.zamoranews.com/rss/elecciones26m/,"sin cambios | feed HTTP 200, 20 noticias, última 2021-01-31",feed abandonado (última 2021-01-31): leer la página vía NAS,no,,,0
noticias-1586,1543,https://www.zamoranews.com/rss/magazine/,"sin cambios | feed HTTP 200, 20 noticias, última 2026-10-01",el feed responde pero el archivo no se actualiza (feed sin cambios o tiempo de espera de 6 s),no,,,0
noticias-1589,1547,https://www.zamoranews.com/rss/entrevistas/,"sin cambios | feed HTTP 200, 20 noticias, última 2026-09-05",feed con poca actividad (última 2026-09-05),no,,,0
noticias-1590,1548,https://www.zamoranews.com/rss/reportajes/,"sin cambios | feed HTTP 200, 20 noticias, última 2026-10-01",el feed responde pero el archivo no se actualiza (feed sin cambios o tiempo de espera de 6 s),no,,,0
noticias-1592,1549,https://www.zamoranews.com/rss/soria/,"sin cambios | feed HTTP 200, 20 noticias, última 2026-09-21",feed con poca actividad (última 2026-09-21),no,,,0
noticias-1591,1550,https://www.zamoranews.com/rss/burgos/,"sin cambios | feed HTTP 200, 20 noticias, última 2026-09-07",feed con poca actividad (última 2026-09-07),no,,,0
noticias-1593,1551,https://www.zamoranews.com/rss/avila/,"sin cambios | feed HTTP 200, 20 noticias, última 2026-09-07",feed con poca actividad (última 2026-09-07),no,,,0
noticias-1594,1552,https://www.zamoranews.com/rss/segovia/,"sin cambios | feed HTTP 200, 17 noticias, última 2026-07-22",feed abandonado (última 2026-07-22): leer la página vía NAS,no,,,0
noticias-1595,1553,https://www.zamoranews.com/rss/palencia/,"sin cambios | feed HTTP 200, 20 noticias, última 2026-09-03",feed con poca actividad (última 2026-09-03),no,,,0
noticias-1596,1554,https://www.zamoranews.com/rss/valladolid/,"sin cambios | feed HTTP 200, 20 noticias, última 2026-09-29",feed con poca actividad (última 2026-09-29),no,,,0
noticias-1597,1555,https://www.zamoranews.com/rss/leon/,"sin cambios | feed HTTP 200, 20 noticias, última 2026-09-27",feed con poca actividad (última 2026-09-27),no,,,0
noticias-1598,1556,https://www.zamoranews.com/rss/salamanca/,"sin cambios | feed HTTP 200, 20 noticias, última 2026-09-09",feed con poca actividad (última 2026-09-09),no,,,0
noticias-1600,1557,https://www.zamoranews.com/rss/video/cultura-turismo/,"sin cambios | feed HTTP 200, 16 noticias, última 2026-05-28",feed abandonado (última 2026-05-28): leer la página vía NAS,no,,,0
noticias-1599,1558,https://www.zamoranews.com/rss/internacional/,"sin cambios | feed HTTP 200, 20 noticias, última 2026-09-23",feed con poca actividad (última 2026-09-23),no,,,0
noticias-1601,1559,https://www.zamoranews.com/rss/video/deportes/,"sin cambios | feed HTTP 200, 3 noticias, última 2021-06-11",feed abandonado (última 2021-06-11): leer la página vía NAS,no,,,0
noticias-1602,1560,https://www.zamoranews.com/rss/video/provincia/,"sin cambios | feed HTTP 200, 12 noticias, última 2026-01-08",feed abandonado (última 2026-01-08): leer la página vía NAS,no,,,0
noticias-1603,1561,https://www.zamoranews.com/rss/video/zamora/,"sin cambios | feed HTTP 200, 14 noticias, última 2026-06-10",feed abandonado (última 2026-06-10): leer la página vía NAS,no,,,0
noticias-1604,1562,https://www.zamoranews.com/rss/video/zamoracf/,"menos de 3,sin cambios | feed HTTP 200, 1 noticias, última 2021-08-25",feed abandonado (última 2021-08-25): leer la página vía NAS,no,,,0
noticias-1605,1563,https://www.zamoranews.com/rss/video/imagendeldiazamora/,"sin cambios | feed HTTP 200, 4 noticias, última 2021-06-02",feed abandonado (última 2021-06-02): leer la página vía NAS,no,,,0
noticias-1606,1564,https://www.zamoranews.com/rss/video/toro/,"sin cambios | feed HTTP 200, 3 noticias, última 2026-01-24",feed abandonado (última 2026-01-24): leer la página vía NAS,no,,,0
noticias-1607,1565,https://www.zamoranews.com/rss/video/47-comarcas/,"menos de 3,sin cambios | feed HTTP 200, 2 noticias, última 2021-08-07",feed abandonado (última 2021-08-07): leer la página vía NAS,no,,,0
noticias-1610,1566,https://www.zamoranews.com/rss/video/enogastronomia/,"menos de 3,sin cambios | feed HTTP 200, 1 noticias, última 2021-05-11",feed abandonado (última 2021-05-11): leer la página vía NAS,no,,,0
noticias-1608,1567,https://www.zamoranews.com/rss/video/semana-santa-zamora/,"sin cambios | feed HTTP 200, 6 noticias, última 2022-04-19",feed abandonado (última 2022-04-19): leer la página vía NAS,no,,,0
noticias-1609,1568,https://www.zamoranews.com/rss/video/comarcas/,"menos de 3,sin cambios | feed HTTP 200, 2 noticias, última 2021-05-24",feed abandonado (última 2021-05-24): leer la página vía NAS,no,,,0
noticias-1611,1569,https://www.zamoranews.com/rss/video/castillayleon/,"menos de 3,sin cambios | feed HTTP 200, 1 noticias, última 2026-02-25",feed abandonado (última 2026-02-25): leer la página vía NAS,no,,,0
noticias-1613,1570,https://www.zamoranews.com/rss/video/deporteszamoramotor/,"menos de 3,sin cambios | feed HTTP 200, 1 noticias, última 2021-05-29",feed abandonado (última 2021-05-29): leer la página vía NAS,no,,,0
noticias-1612,1571,https://www.zamoranews.com/rss/video/sucesos/,"sin cambios | feed HTTP 200, 6 noticias, última 2026-01-26",feed abandonado (última 2026-01-26): leer la página vía NAS,no,,,0
noticias-1614,1572,https://www.zamoranews.com/rss/video/magazine/,"menos de 3,sin cambios | feed HTTP 200, 1 noticias, última 2021-05-01",feed abandonado (última 2021-05-01): leer la página vía NAS,no,,,0
noticias-1615,1573,https://www.zamoranews.com/rss/video/sanabria/,"menos de 3,sin cambios | feed HTTP 200, 2 noticias, última 2026-01-08",feed abandonado (última 2026-01-08): leer la página vía NAS,no,,,0
noticias-1616,1574,https://www.zamoranews.com/rss/video/entrevistas/,"sin cambios | feed HTTP 200, 20 noticias, última 2026-03-12",feed abandonado (última 2026-03-12): leer la página vía NAS,no,,,0
noticias-1617,1575,https://www.zamoranews.com/rss/video/reportajes/,"sin cambios | feed HTTP 200, 3 noticias, última 2025-12-14",feed abandonado (última 2025-12-14): leer la página vía NAS,no,,,0
noticias-1618,1577,https://www.zamoranews.com/rss/video/internacional/,"menos de 3,sin cambios | feed HTTP 200, 1 noticias, última 2025-10-01",feed abandonado (última 2025-10-01): leer la página vía NAS,no,,,0
noticias-1623,1580,https://www.zamoranews.com/rss/album/agenda/,"sin cambios | feed HTTP 200, 3 noticias, última 2025-12-22",feed abandonado (última 2025-12-22): leer la página vía NAS,no,,,0
noticias-1622,1581,https://www.zamoranews.com/rss/album/ocio/,"sin cambios | feed HTTP 200, 20 noticias, última 2026-09-26",feed con poca actividad (última 2026-09-26),no,,,0
noticias-1625,1582,https://www.zamoranews.com/rss/album/zamora-fuera/,"menos de 3,sin cambios | feed HTTP 200, 1 noticias, última 2022-02-19",feed abandonado (última 2022-02-19): leer la página vía NAS,no,,,0
noticias-1624,1584,https://www.zamoranews.com/rss/album/universidad-zamora/,"sin cambios | feed HTTP 200, 7 noticias, última 2026-06-02",feed abandonado (última 2026-06-02): leer la página vía NAS,no,,,0
noticias-1627,1585,https://www.zamoranews.com/rss/album/zamoracf/,"sin cambios | feed HTTP 200, 20 noticias, última 2026-07-17",feed abandonado (última 2026-07-17): leer la página vía NAS,no,,,0
noticias-1629,1586,https://www.zamoranews.com/rss/album/fszamora/,"sin cambios | feed HTTP 200, 3 noticias, última 2026-05-24",feed abandonado (última 2026-05-24): leer la página vía NAS,no,,,0
noticias-1628,1587,https://www.zamoranews.com/rss/album/balonmanozamora/,"sin cambios | feed HTTP 200, 20 noticias, última 2026-09-13",feed con poca actividad (última 2026-09-13),no,,,0
noticias-1630,1588,https://www.zamoranews.com/rss/album/imagendeldiazamora/,"menos de 3,sin cambios | feed HTTP 200, 2 noticias, última 2026-06-09",feed abandonado (última 2026-06-09): leer la página vía NAS,no,,,0
noticias-1631,1589,https://www.zamoranews.com/rss/album/benavente/,"sin cambios | feed HTTP 200, 12 noticias, última 2026-07-10",feed abandonado (última 2026-07-10): leer la página vía NAS,no,,,0
noticias-1632,1590,https://www.zamoranews.com/rss/album/toro/,"sin cambios | feed HTTP 200, 20 noticias, última 2026-09-10",feed con poca actividad (última 2026-09-10),no,,,0
noticias-1633,1591,https://www.zamoranews.com/rss/album/47-comarcas/,"sin cambios | feed HTTP 200, 20 noticias, última 2026-09-16",feed con poca actividad (última 2026-09-16),no,,,0
noticias-1634,1592,https://www.zamoranews.com/rss/album/semana-santa-zamora/,"sin cambios | feed HTTP 200, 20 noticias, última 2026-09-20",feed con poca actividad (última 2026-09-20),no,,,0
noticias-1635,1593,https://www.zamoranews.com/rss/album/comarcas/,"sin cambios | feed HTTP 200, 20 noticias, última 2026-09-27",feed con poca actividad (última 2026-09-27),no,,,0
noticias-1636,1594,https://www.zamoranews.com/rss/album/enogastronomia/,"sin cambios | feed HTTP 200, 20 noticias, última 2026-09-29",feed con poca actividad (última 2026-09-29),no,,,0
noticias-1637,1595,https://www.zamoranews.com/rss/album/castillayleon/,"sin cambios | feed HTTP 200, 5 noticias, última 2026-06-04",feed abandonado (última 2026-06-04): leer la página vía NAS,no,,,0
noticias-1638,1596,https://www.zamoranews.com/rss/album/sucesos/,"sin cambios | feed HTTP 200, 20 noticias, última 2026-08-24",feed abandonado (última 2026-08-24): leer la página vía NAS,no,,,0
noticias-1640,1597,https://www.zamoranews.com/rss/album/nacional/,"sin cambios | feed HTTP 200, 3 noticias, última 2025-04-28",feed abandonado (última 2025-04-28): leer la página vía NAS,no,,,0
noticias-1639,1598,https://www.zamoranews.com/rss/album/deporteszamoramotor/,"sin cambios | feed HTTP 200, 20 noticias, última 2026-09-15",feed con poca actividad (última 2026-09-15),no,,,0
noticias-1641,1599,https://www.zamoranews.com/rss/album/magazine/,"menos de 3,sin cambios | feed HTTP 200, 2 noticias, última 2016-08-21",feed abandonado (última 2016-08-21): leer la página vía NAS,no,,,0
noticias-1642,1600,https://www.zamoranews.com/rss/album/sanabria/,"sin cambios | feed HTTP 200, 20 noticias, última 2026-08-08",feed abandonado (última 2026-08-08): leer la página vía NAS,no,,,0
noticias-1644,1601,https://www.zamoranews.com/rss/album/reportajes/,"sin cambios | feed HTTP 200, 20 noticias, última 2026-03-14",feed abandonado (última 2026-03-14): leer la página vía NAS,no,,,0
noticias-1643,1602,https://www.zamoranews.com/rss/album/baloncesto/,"sin cambios | feed HTTP 200, 20 noticias, última 2026-09-12",feed con poca actividad (última 2026-09-12),no,,,0
noticias-1735,1693,https://carmenprofe.synology.me/scraper_generico.php?url=https%3A%2F%2Ftienda.farmacia86.com%2Fpromo%2F,"sin cambios | feed HTTP 200, 8 noticias",NAS: la sección casi no cambia o el lector coge bloques fijos,no,,,0
noticias-1736,1694,https://rssgenerator.mooo.com/feeds/?p=aaHR0cHM6Ly9mbGllc2VuMzY1LmNvbS8=,"sin fotos,sin cambios | feed HTTP 200, 50 noticias, última 2026-08-22",feed abandonado (última 2026-08-22): leer la página vía NAS,no,,,0
noticias-1742,1700,https://www.rtve.es/sitemaps/sitemaps-news.xml,sin cambios | feed HTTP 200,el feed responde pero el archivo no se actualiza (feed sin cambios o tiempo de espera de 6 s),no,,,0
noticias-1748,1707,https://carmenprofe.synology.me/scraper_generico.php?url=https%3A%2F%2Fwww.awin1.com%2Fcread.php%3Fawinmid%3D12619%26awinaffid%3D347757%26ued%3Dhttps%253A%252F%252Fwww.lejdi.pl%252Fpromocje.html,"sin cambios | feed HTTP 200, 8 noticias",NAS: la sección casi no cambia o el lector coge bloques fijos,no,,,0
noticias-1750,1709,https://carmenprofe.synology.me/scraper_generico.php?url=https%3A%2F%2Fwww.publico.es%2Fespeciales,"sin cambios | feed HTTP 200, 8 noticias",NAS: la sección casi no cambia o el lector coge bloques fijos,no,,,0
noticias-1756,1715,https://carmenprofe.synology.me/scraper_generico.php?url=https%3A%2F%2Fwww.publico.es%2Fyo-animal,"sin cambios | feed HTTP 200, 8 noticias",NAS: la sección casi no cambia o el lector coge bloques fijos,no,,,0
noticias-1803,1761,http://www.20minutos.es/rss/avila/,"sin cambios | feed HTTP 200, 26 noticias, última 2026-09-22",feed con poca actividad (última 2026-09-22),no,,,0
noticias-1808,1765,http://www.20minutos.es/rss/burgos/,"sin cambios | feed HTTP 200, 26 noticias, última 2026-09-30",feed con poca actividad (última 2026-09-30),no,,,0
noticias-1812,1769,http://www.20minutos.es/rss/castellon/,"sin cambios | feed HTTP 200, 26 noticias, última 2026-09-24",feed con poca actividad (última 2026-09-24),no,,,0
noticias-1815,1773,http://www.20minutos.es/rss/cine/,"sin cambios | feed HTTP 200, 26 noticias, última 2026-09-09",feed con poca actividad (última 2026-09-09),no,,,0
noticias-1820,1779,http://www.20minutos.es/rss/cuenca/,"sin cambios | feed HTTP 200, 26 noticias, última 2026-09-06",feed con poca actividad (última 2026-09-06),no,,,0
noticias-1824,1782,http://www.20minutos.es/rss/empleo/,"sin cambios | feed HTTP 200, 26 noticias, última 2026-09-29",feed con poca actividad (última 2026-09-29),no,,,0
noticias-1828,1786,http://www.20minutos.es/rss/girona/,"sin cambios | feed HTTP 200, 26 noticias, última 2026-09-25",feed con poca actividad (última 2026-09-25),no,,,0
noticias-1830,1788,http://www.20minutos.es/rss/guadalajara/,"sin cambios | feed HTTP 200, 26 noticias, última 2026-09-30",feed con poca actividad (última 2026-09-30),no,,,0
noticias-1831,1789,http://www.20minutos.es/rss/huelva/,"sin cambios | feed HTTP 200, 26 noticias, última 2026-09-30",feed con poca actividad (última 2026-09-30),no,,,0
noticias-1854,1809,http://www.20minutos.es/rss/palencia/,"sin cambios | feed HTTP 200, 26 noticias, última 2026-09-11",feed con poca actividad (última 2026-09-11),no,,,0
noticias-1859,1814,http://www.20minutos.es/rss/salamanca/,"sin cambios | feed HTTP 200, 26 noticias, última 2026-09-18",feed con poca actividad (última 2026-09-18),no,,,0
noticias-1860,1815,http://www.20minutos.es/rss/salud/,"sin cambios | feed HTTP 200, 62 noticias, última 2026-10-04",el feed responde pero el archivo no se actualiza (feed sin cambios o tiempo de espera de 6 s),no,,,0
noticias-1864,1819,http://www.20minutos.es/rss/segovia/,"sin cambios | feed HTTP 200, 26 noticias, última 2026-09-29",feed con poca actividad (última 2026-09-29),no,,,0
noticias-1866,1821,http://www.20minutos.es/rss/soria/,"sin cambios | feed HTTP 200, 26 noticias, última 2026-09-24",feed con poca actividad (última 2026-09-24),no,,,0
noticias-1870,1825,http://www.20minutos.es/rss/teruel/,"sin cambios | feed HTTP 200, 26 noticias, última 2026-08-31",feed abandonado (última 2026-08-31): leer la página vía NAS,no,,,0
noticias-1873,1827,http://www.20minutos.es/rss/valladolid/,"sin cambios | feed HTTP 200, 26 noticias, última 2026-09-30",feed con poca actividad (última 2026-09-30),no,,,0
noticias-1882,1836,http://www.20minutos.es/rss/zamora/,"sin cambios | feed HTTP 200, 26 noticias, última 2026-08-27",feed abandonado (última 2026-08-27): leer la página vía NAS,no,,,0
noticias-1889,1842,https://carmenprofe.synology.me/scraper_generico.php?url=https%3A%2F%2Fwww.20minutos.es%2Fasturias%2F,"sin cambios | feed HTTP 200, 8 noticias",el NAS ya tiene noticias nuevas pero el proceso de feeds no las guarda (NAS ocupado o tiempo de espera),no,,,0
noticias-1907,1845,https://carmenprofe.synology.me/scraper_generico.php?url=https%3A%2F%2Fwww.eldiario.es%2Fautores%2Fmaria-alvarez%2F,"menos de 3,sin fotos,sin cambios | feed HTTP 200, 1 noticias",NAS: la sección casi no cambia o el lector coge bloques fijos,no,,,0
noticias-1909,1847,https://carmenprofe.synology.me/scraper_generico.php?url=https%3A%2F%2Fwww.eldiario.es%2Fautores%2Felizabeth-duval%2F,"menos de 3,sin fotos,sin cambios | feed HTTP 200, 1 noticias",NAS: la sección casi no cambia o el lector coge bloques fijos,no,,,0
noticias-1910,1848,https://carmenprofe.synology.me/scraper_generico.php?url=https%3A%2F%2Fwww.eldiario.es%2Fautores%2Fjavier_aroca%2F,"menos de 3,sin fotos,sin cambios | feed HTTP 200, 1 noticias",NAS: la sección casi no cambia o el lector coge bloques fijos,no,,,0
noticias-1892,1850,https://carmenprofe.synology.me/scraper_generico.php?url=https%3A%2F%2Fwww.20minutos.es%2Fbranded%2Fpremios-20minutos-en-la-red%2F,"menos de 3,sin cambios,enlaces ajenos (podiumpodcast.com) | feed HTTP 200, 1 noticias",NAS: la sección casi no cambia o el lector coge bloques fijos,no,,,0
noticias-1902,1863,https://carmenprofe.synology.me/scraper_generico.php?url=https%3A%2F%2Fwww.20minutos.es%2Fcomunidad-valenciana%2F,"sin cambios | feed HTTP 200, 8 noticias",el NAS ya tiene noticias nuevas pero el proceso de feeds no las guarda (NAS ocupado o tiempo de espera),no,,,0
noticias-1912,1866,https://carmenprofe.synology.me/scraper_generico.php?url=https%3A%2F%2Ftienda.elordenmundial.com%2F,"sin cambios,enlaces ajenos (facebook.com) | feed HTTP 200, 5 noticias",NAS: la sección casi no cambia o el lector coge bloques fijos,no,,,0
noticias-1915,1869,https://www.aemet.es/es/noticias.rss,"sin fotos,acentos rotos,sin cambios | feed HTTP 200, 10 noticias, última 2026-09-30",codificación ISO-8859-15 leída como UTF-8 (arreglado en feeds-generico el 4 oct),no,,,0
noticias-1924,1925,https://e00-elmundo.uecdn.es/elmundo/rss/barcelona.xml,"sin cambios | feed HTTP 200, 13 noticias, última 2013-11-04",sección de El Mundo abandonada (última 2013-11-04),no,,,0
noticias-1925,1926,https://e00-elmundo.uecdn.es/elmundo/rss/baleares.xml,"sin cambios | feed HTTP 200, 11 noticias, última 2013-10-23",sección de El Mundo abandonada (última 2013-10-23),no,,,0
noticias-1926,1927,https://e00-elmundo.uecdn.es/elmundo/rss/castillayleon.xml,"sin cambios | feed HTTP 200, 13 noticias, última 2013-07-19",sección de El Mundo abandonada (última 2013-07-19),no,,,0
noticias-1927,1928,https://e00-elmundo.uecdn.es/elmundo/rss/castillayleon.xml,"sin cambios | feed HTTP 200, 13 noticias, última 2013-07-19",sección de El Mundo abandonada (última 2013-07-19),no,,,0
noticias-1928,1929,https://e00-elmundo.uecdn.es/elmundo/rss/valladolid.xml,"sin cambios | feed HTTP 200, 11 noticias, última 2012-10-04",sección de El Mundo abandonada (última 2012-10-04),no,,,0
noticias-1931,1932,https://e00-elmundo.uecdn.es/elmundo/rss/castellon.xml,"sin cambios | feed HTTP 200, 63 noticias, última 2023-05-09",sección de El Mundo abandonada (última 2023-05-09),no,,,0
noticias-1936,1937,https://e00-elmundo.uecdn.es/elmundo/rss/solidaridad.xml,"sin cambios | feed HTTP 200, 13 noticias, última 2013-10-20",sección de El Mundo abandonada (última 2013-10-20),no,,,0
noticias-1937,1938,https://e00-elmundo.uecdn.es/elmundo/rss/comunicacion.xml,"sin cambios | feed HTTP 200, 49 noticias, última 2026-09-29",sección de El Mundo abandonada (última 2026-09-29),no,,,0
noticias-1941,1942,https://e00-elmundo.uecdn.es/blogs/elmundo/el-gadgetoblog/index.xml,"sin fotos,acentos rotos,sin cambios | feed HTTP 200, 20 noticias, última 2019-01-22",blog de El Mundo abandonado (última 2019-01-22): sin sustituto,no,,,0
noticias-1942,1943,https://e00-elmundo.uecdn.es/blogs/elmundo/catalejo/index.xml,"acentos rotos,sin cambios | feed HTTP 200, 20 noticias, última 2016-05-09",blog de El Mundo abandonado (última 2016-05-09): sin sustituto,no,,,0
noticias-1943,1944,https://e00-elmundo.uecdn.es/blogs/elmundo/mundoplayer/index.xml,"sin fotos,acentos rotos,sin cambios | feed HTTP 200, 20 noticias, última 2017-02-23",blog de El Mundo abandonado (última 2017-02-23): sin sustituto,no,,,0
noticias-1944,1945,https://e00-elmundo.uecdn.es/blogs/elmundo/abogado_navegante/index.xml,"sin fotos,acentos rotos,sin cambios | feed HTTP 200, 15 noticias, última 2010-03-09",blog de El Mundo abandonado (última 2010-03-09): sin sustituto,no,,,0
noticias-1945,1946,https://e00-elmundo.uecdn.es/blogs/elmundo/aypad/index.xml,"sin fotos,acentos rotos,sin cambios | feed HTTP 200, 20 noticias, última 2010-07-22",blog de El Mundo abandonado (última 2010-07-22): sin sustituto,no,,,0
noticias-1946,1947,https://e00-elmundo.uecdn.es/elmundo/rss/blogs/palabrasarchivadas.xml,"sin cambios | feed HTTP 200, 52 noticias, última 2010-01-29",sección de El Mundo abandonada (última 2010-01-29),no,,,0
noticias-1947,1948,https://e00-elmundo.uecdn.es/blogs/elmundo/consejoeditorial/index.xml,"sin fotos,acentos rotos,sin cambios | feed HTTP 200, 20 noticias, última 2015-05-07",blog de El Mundo abandonado (última 2015-05-07): sin sustituto,no,,,0
noticias-1948,1949,https://e00-elmundo.uecdn.es/blogs/elmundo/dragolandia/index.xml,"sin fotos,sin cambios | feed HTTP 200, 20 noticias, última 2020-03-10",blog de El Mundo abandonado (última 2020-03-10): sin sustituto,no,,,0
noticias-1949,1950,https://e00-elmundo.uecdn.es/blogs/elmundo/elblogdesantiagogonzalez/index.xml,"acentos rotos,sin cambios | feed HTTP 200, 20 noticias, última 2018-08-05",blog de El Mundo abandonado (última 2018-08-05): sin sustituto,no,,,0
noticias-1950,1951,https://e00-elmundo.uecdn.es/blogs/elmundo/elmundopordentro/index.xml,"sin fotos,acentos rotos,sin cambios | feed HTTP 200, 20 noticias, última 2020-10-09",blog de El Mundo abandonado (última 2020-10-09): sin sustituto,no,,,0
noticias-1951,1952,https://e00-elmundo.uecdn.es/blogs/elmundo/lapurezaestaenlamezcla/index.xml,"sin fotos,acentos rotos,sin cambios | feed HTTP 200, 20 noticias, última 2015-05-26",blog de El Mundo abandonado (última 2015-05-26): sin sustituto,no,,,0
noticias-1952,1953,https://e00-elmundo.uecdn.es/blogs/elmundo/lafotodelasemana/index.xml,"acentos rotos,sin cambios | feed HTTP 200, 20 noticias, última 2015-03-10",blog de El Mundo abandonado (última 2015-03-10): sin sustituto,no,,,0
noticias-1953,1954,https://e00-elmundo.uecdn.es/blogs/elmundo/blogdepecho/index.xml,"sin fotos,acentos rotos,sin cambios | feed HTTP 200, 20 noticias, última 2015-07-16",blog de El Mundo abandonado (última 2015-07-16): sin sustituto,no,,,0
noticias-1954,1955,https://e00-elmundo.uecdn.es/blogs/elmundo/elradar/index.xml,"sin fotos,acentos rotos,sin cambios | feed HTTP 200, 20 noticias, última 2010-05-05",blog de El Mundo abandonado (última 2010-05-05): sin sustituto,no,,,0
noticias-1955,1956,https://e00-elmundo.uecdn.es/blogs/elmundo/rockandblog/index.xml,"sin fotos,acentos rotos,sin cambios | feed HTTP 200, 20 noticias, última 2015-02-20",blog de El Mundo abandonado (última 2015-02-20): sin sustituto,no,,,0
noticias-1956,1957,https://e00-elmundo.uecdn.es/blogs/elmundo/nodoycredito/index.xml,"sin fotos,acentos rotos,sin cambios | feed HTTP 200, 20 noticias, última 2015-07-13",blog de El Mundo abandonado (última 2015-07-13): sin sustituto,no,,,0
noticias-1957,1958,https://e00-elmundo.uecdn.es/blogs/elmundo/cocinandopalabras/index.xml,"sin fotos,acentos rotos,sin cambios | feed HTTP 200, 20 noticias, última 2010-06-11",blog de El Mundo abandonado (última 2010-06-11): sin sustituto,no,,,0
noticias-1958,1959,https://e00-elmundo.uecdn.es/blogs/elmundo/elvientosopladondequiere/index.xml,"sin fotos,acentos rotos,sin cambios | feed HTTP 200, 20 noticias, última 2014-09-21",blog de El Mundo abandonado (última 2014-09-21): sin sustituto,no,,,0
noticias-1959,1960,https://e00-elmundo.uecdn.es/blogs/elmundo/escorpion/index.xml,"sin fotos,acentos rotos,sin cambios | feed HTTP 200, 20 noticias, última 2015-09-30",blog de El Mundo abandonado (última 2015-09-30): sin sustituto,no,,,0
noticias-1960,1961,https://e00-elmundo.uecdn.es/blogs/elmundo/desde_el_mas_alla/index.xml,"sin fotos,acentos rotos,sin cambios | feed HTTP 200, 20 noticias, última 2012-06-18",blog de El Mundo abandonado (última 2012-06-18): sin sustituto,no,,,0
noticias-1961,1962,https://e00-elmundo.uecdn.es/blogs/elmundo/lacuadrilla/index.xml,"sin fotos,acentos rotos,sin cambios | feed HTTP 200, 20 noticias, última 2017-07-14",blog de El Mundo abandonado (última 2017-07-14): sin sustituto,no,,,0
noticias-1962,1963,https://e00-elmundo.uecdn.es/blogs/elmundo/lahoradelaverdad/index.xml,"acentos rotos,sin cambios | feed HTTP 200, 20 noticias, última 2015-08-20",blog de El Mundo abandonado (última 2015-08-20): sin sustituto,no,,,0
noticias-1964,1965,https://e00-elmundo.uecdn.es/blogs/elmundo/teletridente/index.xml,"sin fotos,acentos rotos,sin cambios | feed HTTP 200, 20 noticias, última 2015-10-02",blog de El Mundo abandonado (última 2015-10-02): sin sustituto,no,,,0
noticias-1965,1966,https://e00-elmundo.uecdn.es/blogs/elmundo/asesinoenserie/index.xml,"sin fotos,acentos rotos,sin cambios | feed HTTP 200, 20 noticias, última 2020-10-09",blog de El Mundo abandonado (última 2020-10-09): sin sustituto,no,,,0
noticias-1966,1967,https://e00-elmundo.uecdn.es/blogs/elmundo/corazondemelon/index.xml,"sin fotos,acentos rotos,sin cambios | feed HTTP 200, 20 noticias, última 2017-10-04",blog de El Mundo abandonado (última 2017-10-04): sin sustituto,no,,,0
noticias-1967,1968,https://e00-elmundo.uecdn.es/blogs/elmundo/sinnoticiasdedior/index.xml,"sin fotos,acentos rotos,sin cambios | feed HTTP 200, 20 noticias, última 2020-01-16",blog de El Mundo abandonado (última 2020-01-16): sin sustituto,no,,,0
noticias-1968,1969,https://e00-elmundo.uecdn.es/blogs/elmundo/camaredonda/index.xml,"sin fotos,acentos rotos,sin cambios | feed HTTP 200, 20 noticias, última 2011-07-15",blog de El Mundo abandonado (última 2011-07-15): sin sustituto,no,,,0
noticias-1969,1970,https://e00-elmundo.uecdn.es/blogs/elmundo/clima/index.xml,"sin fotos,acentos rotos,sin cambios | feed HTTP 200, 20 noticias, última 2016-11-14",blog de El Mundo abandonado (última 2016-11-14): sin sustituto,no,,,0
noticias-1970,1971,https://e00-elmundo.uecdn.es/blogs/elmundo/cosmos/index.xml,"sin fotos,acentos rotos,sin cambios | feed HTTP 200, 20 noticias, última 2014-11-13",blog de El Mundo abandonado (última 2014-11-13): sin sustituto,no,,,0
noticias-1971,1972,https://e00-elmundo.uecdn.es/blogs/elmundo/sapiens/index.xml,"sin fotos,acentos rotos,sin cambios | feed HTTP 200, 20 noticias, última 2015-02-13",blog de El Mundo abandonado (última 2015-02-13): sin sustituto,no,,,0
noticias-1972,1973,https://e00-elmundo.uecdn.es/blogs/elmundo/verde/index.xml,"sin fotos,acentos rotos,sin cambios | feed HTTP 200, 15 noticias, última 2010-05-04",blog de El Mundo abandonado (última 2010-05-04): sin sustituto,no,,,0
noticias-1973,1974,https://e00-elmundo.uecdn.es/blogs/elmundo/tierra/index.xml,"sin fotos,acentos rotos,sin cambios | feed HTTP 200, 20 noticias, última 2017-10-10",blog de El Mundo abandonado (última 2017-10-10): sin sustituto,no,,,0
noticias-1974,1975,https://e00-elmundo.uecdn.es/blogs/elmundo/ciudadanom/index.xml,"sin fotos,acentos rotos,sin cambios | feed HTTP 200, 20 noticias, última 2014-11-12",blog de El Mundo abandonado (última 2014-11-12): sin sustituto,no,,,0
noticias-1975,1976,https://e00-elmundo.uecdn.es/blogs/elmundo/madridbajosfondos/index.xml,"acentos rotos,sin cambios | feed HTTP 200, 20 noticias, última 2010-10-12",blog de El Mundo abandonado (última 2010-10-12): sin sustituto,no,,,0
noticias-1976,1977,https://e00-elmundo.uecdn.es/blogs/elmundo/atodanoche/index.xml,"sin fotos,acentos rotos,sin cambios | feed HTTP 200, 20 noticias, última 2010-09-28",blog de El Mundo abandonado (última 2010-09-28): sin sustituto,no,,,0
noticias-1977,1978,https://e00-elmundo.uecdn.es/blogs/elmundo/ciudadanobarcelona/index.xml,"sin fotos,acentos rotos,sin cambios | feed HTTP 200, 20 noticias, última 2012-05-05",blog de El Mundo abandonado (última 2012-05-05): sin sustituto,no,,,0
noticias-1978,1979,https://e00-elmundo.uecdn.es/blogs/elmundo/ciudadanobaleares/index.xml,"sin fotos,acentos rotos,sin cambios | feed HTTP 200, 20 noticias, última 2013-01-12",blog de El Mundo abandonado (última 2013-01-12): sin sustituto,no,,,0
noticias-1979,1980,https://e00-elmundo.uecdn.es/blogs/elmundo/archipielago_gulasch/index.xml,"sin fotos,acentos rotos,sin cambios | feed HTTP 200, 20 noticias, última 2015-12-18",blog de El Mundo abandonado (última 2015-12-18): sin sustituto,no,,,0
noticias-1980,1981,https://e00-elmundo.uecdn.es/blogs/elmundo/ciudadanovalencia/index.xml,"sin fotos,acentos rotos,sin cambios | feed HTTP 200, 20 noticias, última 2013-06-27",blog de El Mundo abandonado (última 2013-06-27): sin sustituto,no,,,0
noticias-1981,1982,https://e00-elmundo.uecdn.es/blogs/elmundo/ciudadanocastillayleon/index.xml,"sin fotos,acentos rotos,sin cambios | feed HTTP 200, 12 noticias, última 2013-04-09",blog de El Mundo abandonado (última 2013-04-09): sin sustituto,no,,,0
noticias-1982,1983,https://e00-elmundo.uecdn.es/blogs/elmundo/cronicasdesdeeuropa/index.xml,"acentos rotos,sin cambios | feed HTTP 200, 20 noticias, última 2011-09-18",blog de El Mundo abandonado (última 2011-09-18): sin sustituto,no,,,0
noticias-1983,1984,https://e00-elmundo.uecdn.es/blogs/elmundo/cronicasdesdeeeuu/index.xml,"sin fotos,acentos rotos,sin cambios | feed HTTP 200, 20 noticias, última 2011-09-19",blog de El Mundo abandonado (última 2011-09-19): sin sustituto,no,,,0
noticias-1984,1985,https://e00-elmundo.uecdn.es/elmundo/rss/blogs/lapurezaestaenlamezcla.xml,"sin cambios | feed HTTP 200, 6 noticias, última 2010-09-16",sección de El Mundo abandonada (última 2010-09-16),no,,,0
noticias-1985,1986,https://e00-elmundo.uecdn.es/blogs/elmundo/orienteproximo/index.xml,"sin fotos,acentos rotos,sin cambios | feed HTTP 200, 20 noticias, última 2011-09-16",blog de El Mundo abandonado (última 2011-09-16): sin sustituto,no,,,0
noticias-1986,1987,https://e00-elmundo.uecdn.es/blogs/elmundo/cronicasdesdeasia/index.xml,"acentos rotos,sin cambios | feed HTTP 200, 20 noticias, última 2011-08-30",blog de El Mundo abandonado (última 2011-08-30): sin sustituto,no,,,0
noticias-1987,1988,https://e00-elmundo.uecdn.es/blogs/elmundo/cronicasdesdelatinoamerica/index.xml,"sin fotos,acentos rotos,sin cambios | feed HTTP 200, 14 noticias, última 2010-06-03",blog de El Mundo abandonado (última 2010-06-03): sin sustituto,no,,,0
noticias-1988,1989,https://e00-elmundo.uecdn.es/blogs/elmundo/chinavirtual/index.xml,"menos de 3,sin fotos,sin cambios | feed HTTP 200, 2 noticias, última 2010-03-16",blog de El Mundo abandonado (última 2010-03-16): sin sustituto,no,,,0
noticias-1989,1990,https://e00-elmundo.uecdn.es/blogs/elmundo/habaname/index.xml,"sin fotos,acentos rotos,sin cambios | feed HTTP 200, 20 noticias, última 2015-09-21",blog de El Mundo abandonado (última 2015-09-21): sin sustituto,no,,,0
noticias-1990,1991,https://e00-elmundo.uecdn.es/blogs/elmundo/hemisferioxx/index.xml,"sin fotos,acentos rotos,sin cambios | feed HTTP 200, 20 noticias, última 2010-10-30",blog de El Mundo abandonado (última 2010-10-30): sin sustituto,no,,,0
noticias-1995,1996,https://e00-elmundo.uecdn.es/elmundodeporte/rss/golf.xml,"sin cambios | feed HTTP 200, 4 noticias, última 2010-01-11",feed abandonado (última 2010-01-11): leer la página vía NAS,no,,,0
noticias-2120,2075,https://carmenprofe.synology.me/scraper_generico.php?url=https%3A%2F%2Fwww.infolibre.es%2Fopinion%2Fblogs%2Fel-barrio-es-nuestro%2F,"sin cambios | feed HTTP 200, 8 noticias",NAS: la sección casi no cambia o el lector coge bloques fijos,no,,,0
noticias-2121,2076,https://carmenprofe.synology.me/scraper_generico.php?url=https%3A%2F%2Fwww.infolibre.es%2Fopinion%2Fblogs%2Fal-reves-al-derecho%2F,"sin cambios | feed HTTP 200, 8 noticias",NAS: la sección casi no cambia o el lector coge bloques fijos,no,,,0
noticias-2122,2077,https://carmenprofe.synology.me/scraper_generico.php?url=https%3A%2F%2Fwww.infolibre.es%2Fopinion%2Fvinetas%2Fjavirroyo%2F,"sin cambios | feed HTTP 200, 8 noticias",NAS: la sección casi no cambia o el lector coge bloques fijos,no,,,0
noticias-2123,2078,https://carmenprofe.synology.me/scraper_generico.php?url=https%3A%2F%2Fwww.infolibre.es%2Fopinion%2Ffirmas%2F,"sin cambios | feed HTTP 200, 8 noticias",NAS: la sección casi no cambia o el lector coge bloques fijos,no,,,0
noticias-2125,2079,https://carmenprofe.synology.me/scraper_generico.php?url=https%3A%2F%2Fwww.infolibre.es%2Fsuplementos%2Fpatrimonio-actividades-diaz-ayuso%2F,"sin cambios | feed HTTP 200, 8 noticias",NAS: la sección casi no cambia o el lector coge bloques fijos,no,,,0
noticias-2124,2080,https://carmenprofe.synology.me/scraper_generico.php?url=https%3A%2F%2Fwww.infolibre.es%2Fsuplementos%2Fresidencias-la-zona-cero-del-covid%2F,"sin cambios | feed HTTP 200, 8 noticias",NAS: la sección casi no cambia o el lector coge bloques fijos,no,,,0
noticias-2126,2081,https://carmenprofe.synology.me/scraper_generico.php?url=https%3A%2F%2Fwww.infolibre.es%2Fsuplementos%2Fradiografia-de-la-universidad-privada%2F,"sin cambios | feed HTTP 200, 6 noticias",NAS: la sección casi no cambia o el lector coge bloques fijos,no,,,0
noticias-2129,2083,https://carmenprofe.synology.me/scraper_generico.php?url=https%3A%2F%2Fwww.infolibre.es%2Fclub-infolibre%2Fsorteos%2F,"sin cambios | feed HTTP 200, 8 noticias",NAS: la sección casi no cambia o el lector coge bloques fijos,no,,,0
noticias-2130,2085,https://carmenprofe.synology.me/scraper_generico.php?url=https%3A%2F%2Fwww.infolibre.es%2Fclub-infolibre%2Fforos%2F,"sin cambios | feed HTTP 200, 8 noticias",NAS: la sección casi no cambia o el lector coge bloques fijos,no,,,0
noticias-2132,2086,https://carmenprofe.synology.me/scraper_generico.php?url=https%3A%2F%2Fwww.infolibre.es%2Fsociedad-amigos-infolibre%2F,"menos de 3,sin cambios | feed HTTP 200, 2 noticias",NAS: la sección casi no cambia o el lector coge bloques fijos,no,,,0
noticias-2131,2087,https://carmenprofe.synology.me/scraper_generico.php?url=https%3A%2F%2Fwww.infolibre.es%2Fventajas%2F,"menos de 3,sin cambios | feed HTTP 200, 2 noticias",NAS: la sección casi no cambia o el lector coge bloques fijos,no,,,0
noticias-2134,2089,https://carmenprofe.synology.me/scraper_generico.php?url=https%3A%2F%2Fwww.infolibre.es%2Fclub-infolibre%2Fsomos-resistencia%2F,"menos de 3,sin cambios | feed HTTP 200, 2 noticias",NAS: la sección casi no cambia o el lector coge bloques fijos,no,,,0
noticias-2137,2090,https://carmenprofe.synology.me/scraper_generico.php?url=https%3A%2F%2Fwww.infolibre.es%2Finvestigaciones%2F,"sin cambios | feed HTTP 200, 8 noticias",NAS: la sección casi no cambia o el lector coge bloques fijos,no,,,0
noticias-2135,2091,https://carmenprofe.synology.me/scraper_generico.php?url=https%3A%2F%2Fwww.infolibre.es%2Fboletines%2F,"menos de 3,sin cambios,enlaces ajenos (mailchi.mp) | feed HTTP 200, 2 noticias",NAS: la sección casi no cambia o el lector coge bloques fijos,no,,,0
noticias-2136,2092,https://carmenprofe.synology.me/scraper_generico.php?url=https%3A%2F%2Fwww.infolibre.es%2Fpremios-infolibre-2025%2F,"sin cambios | feed HTTP 200, 8 noticias",NAS: la sección casi no cambia o el lector coge bloques fijos,no,,,0
noticias-2138,2094,https://carmenprofe.synology.me/scraper_generico.php?url=https%3A%2F%2Fwww.infolibre.es%2Fsuplementos%2Fresidencias-la-zona-cero-del-covid%2F,"sin cambios | feed HTTP 200, 8 noticias",NAS: la sección casi no cambia o el lector coge bloques fijos,no,,,0
noticias-2142,2096,https://carmenprofe.synology.me/scraper_generico.php?url=https%3A%2F%2Fwww.infolibre.es%2Fautores%2Fmarta-gesto-laguela%2F,"menos de 3,sin cambios | feed HTTP 200, 2 noticias",NAS: la sección casi no cambia o el lector coge bloques fijos,no,,,0
noticias-2143,2097,https://carmenprofe.synology.me/scraper_generico.php?url=https%3A%2F%2Fwww.infolibre.es%2Fautores%2Fmarta-jaenes%2F,"sin cambios | feed HTTP 200, 6 noticias",NAS: la sección casi no cambia o el lector coge bloques fijos,no,,,0
noticias-2146,2099,https://carmenprofe.synology.me/scraper_generico.php?url=https%3A%2F%2Fwww.infolibre.es%2Fautores%2Fantonio-ruiz-valdivia%2F,"menos de 3,sin cambios | feed HTTP 200, 1 noticias",NAS: la sección casi no cambia o el lector coge bloques fijos,no,,,0
noticias-2141,2101,https://carmenprofe.synology.me/scraper_generico.php?url=https%3A%2F%2Fwww.infolibre.es%2Fautores%2Fvirginia-p-alonso%2F,"sin cambios | feed HTTP 200, 3 noticias",NAS: la sección casi no cambia o el lector coge bloques fijos,no,,,0
noticias-2151,2106,https://carmenprofe.synology.me/scraper_generico.php?url=https%3A%2F%2Fwww.infolibre.es%2Fautores%2Fsabela-rodriguez%2F,"menos de 3,sin cambios | feed HTTP 200, 2 noticias",NAS: la sección casi no cambia o el lector coge bloques fijos,no,,,0
noticias-2153,2108,https://carmenprofe.synology.me/scraper_generico.php?url=https%3A%2F%2Fwww.infolibre.es%2Fautores%2Fsergio-sangiao%2F,"sin cambios | feed HTTP 200, 3 noticias",NAS: la sección casi no cambia o el lector coge bloques fijos,no,,,0
noticias-2154,2109,https://carmenprofe.synology.me/scraper_generico.php?url=https%3A%2F%2Fwww.infolibre.es%2Fautores%2Fignacio-carrascon%2F,"sin cambios | feed HTTP 200, 3 noticias",NAS: la sección casi no cambia o el lector coge bloques fijos,no,,,0
noticias-2158,2113,https://carmenprofe.synology.me/scraper_generico.php?url=https%3A%2F%2Fwww.infolibre.es%2Fautores%2Falba-cabanero%2F,"sin cambios | feed HTTP 200, 4 noticias",NAS: la sección casi no cambia o el lector coge bloques fijos,no,,,0
noticias-2161,2116,https://carmenprofe.synology.me/scraper_generico.php?url=https%3A%2F%2Fwww.infolibre.es%2Fautores%2Framon-reboiras%2F,"sin cambios | feed HTTP 200, 3 noticias",NAS: la sección casi no cambia o el lector coge bloques fijos,no,,,0
noticias-2214,2169,https://carmenprofe.synology.me/scraper_generico.php?url=https%3A%2F%2Fwww.epe.es%2Fes%2Factivos%2F,"sin cambios | feed HTTP 200, 8 noticias",NAS: la sección casi no cambia o el lector coge bloques fijos,no,,,0
noticias-2216,2170,https://consumo.gob.es/es/rss-noticias.xml,"sin fotos,sin cambios | feed HTTP 200, 10 noticias",el feed no trae imágenes y la página no da og:image,no,,,0
noticias-2217,2171,https://consumo.gob.es/es/rss-publicaciones.xml,"sin fotos,sin cambios | feed HTTP 200, 1200 noticias, última 2026-07-27",feed abandonado (última 2026-07-27): leer la página vía NAS,no,,,0
noticias-2220,2174,https://noticias.carmenprofe.synology.me/scraper_generico.php?url=https%3A%2F%2Fes.wfp.org%2Fpublicaciones,"sin cambios | feed HTTP 200, 8 noticias",NAS: la sección casi no cambia o el lector coge bloques fijos,no,,,0
noticias-2221,2175,https://noticias.carmenprofe.synology.me/scraper_generico.php?url=https%3A%2F%2Fwww.lavuelta.es%2Fes%2Fnoticias%2F,"sin cambios | feed HTTP 200, 4 noticias",NAS: la sección casi no cambia o el lector coge bloques fijos,no,,,0
noticias-2223,2177,https://noticias.carmenprofe.synology.me/scraper_generico.php?url=https%3A%2F%2Fsingaporecriterium.com%2Fpress%2F,"sin cambios | feed HTTP 200, 8 noticias",NAS: la sección casi no cambia o el lector coge bloques fijos,no,,,0
noticias-2224,2178,https://noticias.carmenprofe.synology.me/scraper_generico.php?url=https%3A%2F%2Fweb.guardiacivil.es%2Fes%2Fdestacados%2Fnoticias%2F,"sin fotos,sin cambios | feed HTTP 200, 8 noticias",NAS: la sección casi no cambia o el lector coge bloques fijos,no,,,0
noticias-2226,2180,https://noticias.carmenprofe.synology.me/scraper_generico.php?url=https%3A%2F%2Fwww.lamoncloa.gob.es%2Fserviciosdeprensa%2Fnotasprensa%2FPaginas%2Findex.aspx,"sin cambios | feed HTTP 200, 6 noticias",NAS: la sección casi no cambia o el lector coge bloques fijos,no,,,0
noticias-2229,2183,https://noticias.carmenprofe.synology.me/scraper_generico.php?url=https%3A%2F%2Fwww.poderjudicial.es%2Fcgpj%2Fes%2FPoder-Judicial%2FRSS%2F,"sin cambios | feed HTTP 200, 8 noticias",NAS: la sección casi no cambia o el lector coge bloques fijos,no,,,0
noticias-2230,2184,https://noticias.carmenprofe.synology.me/scraper_generico.php?url=https%3A%2F%2Fwww.poderjudicial.es%2Fcgpj%2Fes%2FPoder-Judicial%2FSala-de-Prensa%2F,"sin fotos,sin cambios | feed HTTP 200, 8 noticias",NAS: la sección casi no cambia o el lector coge bloques fijos,no,,,0
noticias-2232,2186,https://carmenprofe.synology.me/scraper_generico.php?url=https%3A%2F%2Fwww.awin1.com%2Fcread.php%3Fawinmid%3D10486%26awinaffid%3D347757%26ued%3Dhttps%253A%252F%252Fwww.lookfantastic.es%252Fc%252Foffers%252Feu%252Fpc-savings%252F,"sin cambios | feed HTTP 200, 8 noticias",NAS: la sección casi no cambia o el lector coge bloques fijos,no,,,0
noticias-2235,2189,https://carmenprofe.synology.me/scraper_generico.php?url=https%3A%2F%2Fwww.miteco.gob.es%2Fes%2Fprensa%2Fgaleria-de-audios.html,"sin cambios,enlaces ajenos (aepd.es microsoft.com) | feed HTTP 200, 6 noticias",el lector del NAS recoge enlaces de otras webs (filtro preparado en docs/nas),no,,,0
noticias-2236,2190,https://carmenprofe.synology.me/scraper_generico.php?url=https%3A%2F%2Fwww.miteco.gob.es%2Fes%2Fprensa%2Fhistorico.html,"sin cambios,enlaces ajenos (aepd.es microsoft.com) | feed HTTP 200, 6 noticias",el lector del NAS recoge enlaces de otras webs (filtro preparado en docs/nas),no,,,0
noticias-2242,2196,https://carmenprofe.synology.me/scraper_generico.php?url=https%3A%2F%2Fwww.awin1.com%2Fcread.php%3Fawinmid%3D118079%26awinaffid%3D347757%26ued%3Dhttps%253A%252F%252Fbabyshusher.com%252Fcollections%252Fshop-all,"sin cambios | feed HTTP 200, 8 noticias",NAS: la sección casi no cambia o el lector coge bloques fijos,no,,,0
noticias-2244,2198,https://carmenprofe.synology.me/scraper_generico.php?url=https%3A%2F%2Fwww.awin1.com%2Fcread.php%3Fawinmid%3D25555%26awinaffid%3D1187492%26ued%3Dhttps%253A%252F%252Fwww.beds.es%252Fofertas,"sin fotos,sin cambios,enlaces ajenos (beds.es) | feed HTTP 200, 8 noticias",NAS: la sección casi no cambia o el lector coge bloques fijos,no,,,0
noticias-2247,2201,https://noticias.carmenprofe.synology.me/scraper_generico.php?url=https%3A%2F%2Fnuevosureste.es%2Fpublicidad%2F,"menos de 3,sin cambios | feed HTTP 200, 1 noticias | NAS fresca",NAS: la sección casi no cambia o el lector coge bloques fijos,no,,,0
noticias-2248,2202,https://noticias.carmenprofe.synology.me/scraper_generico.php?url=https%3A%2F%2Fnuevosureste.es%2Fquienes-somos%2F,"menos de 3,sin cambios | feed HTTP 200, 1 noticias",NAS: la sección casi no cambia o el lector coge bloques fijos,no,,,0
noticias-2255,2204,https://noticias.carmenprofe.synology.me/scraper_generico.php?url=https%3A%2F%2Fwww.diarioderivas.es%2Fseccion%2Fmedio-ambiente%2F,"sin cambios | feed HTTP 200, 8 noticias",NAS: la sección casi no cambia o el lector coge bloques fijos,no,,,0
noticias-2289,2209,https://noticias.carmenprofe.synology.me/scraper_generico.php?url=https%3A%2F%2Fwww.newtral.es%2Ftag%2Fdesinformacion%2F,"sin cambios | feed HTTP 200, 8 noticias",NAS: la sección casi no cambia o el lector coge bloques fijos,no,,,0
noticias-2249,2212,https://noticias.carmenprofe.synology.me/scraper_generico.php?url=https%3A%2F%2Fnuevosureste.es%2Fcontacto%2F,"menos de 3,sin cambios | feed HTTP 200, 1 noticias",NAS: la sección casi no cambia o el lector coge bloques fijos,no,,,0
noticias-2250,2213,https://noticias.carmenprofe.synology.me/scraper_generico.php?url=https%3A%2F%2Fnuevosureste.es%2Fcreative-commons%2F,"menos de 3,sin cambios | feed HTTP 200, 1 noticias",NAS: la sección casi no cambia o el lector coge bloques fijos,no,,,0
noticias-2251,2214,https://noticias.carmenprofe.synology.me/scraper_generico.php?url=https%3A%2F%2Fnuevosureste.es%2Faviso-legal%2F,"menos de 3,sin cambios | feed HTTP 200, 1 noticias",NAS: la sección casi no cambia o el lector coge bloques fijos,no,,,0
noticias-2252,2215,https://noticias.carmenprofe.synology.me/scraper_generico.php?url=https%3A%2F%2Fnuevosureste.es%2Fpolitica-privacidad-cookies%2F,"menos de 3,sin fotos,sin cambios,enlaces ajenos (microsoft.com) | feed HTTP 200, 1 noticias",NAS: la sección casi no cambia o el lector coge bloques fijos,no,,,0
noticias-2256,2217,https://noticias.carmenprofe.synology.me/scraper_generico.php?url=https%3A%2F%2Fwww.diarioderivas.es%2Fseccion%2Feducacion%2F,"sin cambios | feed HTTP 200, 8 noticias",NAS: la sección casi no cambia o el lector coge bloques fijos,no,,,0
noticias-2262,2219,https://noticias.carmenprofe.synology.me/scraper_generico.php?url=https%3A%2F%2Fwww.diarioderivas.es%2Fseccion%2Fopinion%2F,"sin cambios | feed HTTP 200, 8 noticias",NAS: la sección casi no cambia o el lector coge bloques fijos,no,,,0
noticias-2260,2221,https://noticias.carmenprofe.synology.me/scraper_generico.php?url=https%3A%2F%2Fwww.diarioderivas.es%2Fhistoria-de-rivas-vaciamadrid%2F,"sin cambios | feed HTTP 200, 8 noticias",el NAS ya tiene noticias nuevas pero el proceso de feeds no las guarda (NAS ocupado o tiempo de espera),no,,,0
noticias-2257,2222,https://noticias.carmenprofe.synology.me/scraper_generico.php?url=https%3A%2F%2Fwww.diarioderivas.es%2Fseccion%2Fsucesos%2F,"sin cambios | feed HTTP 200, 8 noticias",NAS: la sección casi no cambia o el lector coge bloques fijos,no,,,0
noticias-2259,2223,https://noticias.carmenprofe.synology.me/scraper_generico.php?url=https%3A%2F%2Fwww.diarioderivas.es%2Fempresas%2F,"sin cambios | feed HTTP 200, 6 noticias",NAS: la sección casi no cambia o el lector coge bloques fijos,no,,,0
noticias-2292,2226,https://noticias.carmenprofe.synology.me/scraper_generico.php?url=https%3A%2F%2Fwww.hispanidad.com%2Ftag%2Fdiario-corrupcion-sanchista,"sin cambios | feed HTTP 200, 8 noticias",NAS: la sección casi no cambia o el lector coge bloques fijos,no,,,0
noticias-2297,2228,https://noticias.carmenprofe.synology.me/scraper_generico.php?url=https%3A%2F%2Fwww.alertadigital.com%2Fseccion%2Fespana%2Fandalucia%2F,"menos de 3,sin fotos,sin cambios | feed HTTP 200, 1 noticias",el lector del NAS saca pocas noticias de esa página,no,,,0
noticias-2298,2229,https://noticias.carmenprofe.synology.me/scraper_generico.php?url=https%3A%2F%2Fwww.alertadigital.com%2Fseccion%2Fespana%2Fbaleares%2F,"menos de 3,sin fotos,sin cambios | feed HTTP 200, 1 noticias",el lector del NAS saca pocas noticias de esa página,no,,,0
noticias-2296,2230,https://noticias.carmenprofe.synology.me/scraper_generico.php?url=https%3A%2F%2Fwww.alertadigital.com%2Fseccion%2Fespana%2F,"menos de 3,sin fotos,sin cambios | feed HTTP 200, 1 noticias",el lector del NAS saca pocas noticias de esa página,no,,,0
noticias-2299,2231,https://noticias.carmenprofe.synology.me/scraper_generico.php?url=https%3A%2F%2Fwww.alertadigital.com%2Fseccion%2Fespana%2Fcastilla-y-leon%2F,"menos de 3,sin fotos,sin cambios | feed HTTP 200, 1 noticias",el lector del NAS saca pocas noticias de esa página,no,,,0
noticias-2302,2233,https://noticias.carmenprofe.synology.me/scraper_generico.php?url=https%3A%2F%2Fwww.alertadigital.com%2Fseccion%2Fespana%2Fgalicia%2F,"menos de 3,sin fotos,sin cambios | feed HTTP 200, 1 noticias",el lector del NAS saca pocas noticias de esa página,no,,,0
noticias-2300,2234,https://noticias.carmenprofe.synology.me/scraper_generico.php?url=https%3A%2F%2Fwww.alertadigital.com%2Fseccion%2Fespana%2Fcatal%2F,"menos de 3,sin fotos,sin cambios | feed HTTP 200, 1 noticias",el lector del NAS saca pocas noticias de esa página,no,,,0
noticias-2304,2236,https://noticias.carmenprofe.synology.me/scraper_generico.php?url=https%3A%2F%2Fwww.alertadigital.com%2Fseccion%2Fespana%2Freino-de-valencia%2F,"menos de 3,sin fotos,sin cambios | feed HTTP 200, 1 noticias",el lector del NAS saca pocas noticias de esa página,no,,,0
noticias-2305,2237,https://noticias.carmenprofe.synology.me/scraper_generico.php?url=https%3A%2F%2Fwww.alertadigital.com%2Fseccion%2Fespana%2Fpais-vasco%2F,"menos de 3,sin fotos,sin cambios | feed HTTP 200, 1 noticias",el lector del NAS saca pocas noticias de esa página,no,,,0
noticias-2308,2239,https://noticias.carmenprofe.synology.me/scraper_generico.php?url=https%3A%2F%2Fwww.alertadigital.com%2Fseccion%2Finternacional%2Fiberoamerica%2F,"menos de 3,sin fotos,sin cambios | feed HTTP 200, 1 noticias",el lector del NAS saca pocas noticias de esa página,no,,,0
noticias-2311,2242,https://noticias.carmenprofe.synology.me/scraper_generico.php?url=https%3A%2F%2Fwww.alertadigital.com%2Fseccion%2Fdeportes%2F,"menos de 3,sin fotos,sin cambios | feed HTTP 200, 1 noticias",el lector del NAS saca pocas noticias de esa página,no,,,0
noticias-2314,2243,https://noticias.carmenprofe.synology.me/scraper_generico.php?url=https%3A%2F%2Fwww.alertadigital.com%2Fseccion%2Fcine-y-tv%2F,"menos de 3,sin fotos,sin cambios | feed HTTP 200, 1 noticias",el lector del NAS saca pocas noticias de esa página,no,,,0
noticias-2315,2245,https://noticias.carmenprofe.synology.me/scraper_generico.php?url=https%3A%2F%2Fwww.alertadigital.com%2Fseccion%2Falerta-kostka%2F,"menos de 3,sin fotos,sin cambios | feed HTTP 200, 1 noticias",el lector del NAS saca pocas noticias de esa página,no,,,0
noticias-2321,2248,https://noticias.carmenprofe.synology.me/scraper_generico.php?url=https%3A%2F%2Fwww.alertadigital.com%2Fseccion%2Fejercito-2%2F,"menos de 3,sin fotos,sin cambios | feed HTTP 200, 1 noticias",el lector del NAS saca pocas noticias de esa página,no,,,0
noticias-2323,2250,https://noticias.carmenprofe.synology.me/scraper_generico.php?url=https%3A%2F%2Fwww.alertadigital.com%2Fseccion%2Fnostalgia%2F,"menos de 3,sin fotos,sin cambios | feed HTTP 200, 1 noticias",el lector del NAS saca pocas noticias de esa página,no,,,0
noticias-2328,2256,https://noticias.carmenprofe.synology.me/scraper_generico.php?url=https%3A%2F%2Fwww.alertadigital.com%2F%3Fs%3D123,"menos de 3,sin fotos,sin cambios | feed HTTP 200, 1 noticias",el lector del NAS saca pocas noticias de esa página,no,,,0
noticias-2329,2257,https://noticias.carmenprofe.synology.me/scraper_generico.php?url=https%3A%2F%2Fwww.newtral.es%2Ftag%2Fceuta%2F,"sin cambios | feed HTTP 200, 8 noticias",NAS: la sección casi no cambia o el lector coge bloques fijos,no,,,0
noticias-2337,2262,https://noticias.carmenprofe.synology.me/scraper_generico.php?url=https%3A%2F%2Fnl.babubas.com%2Fsummer-deals,"sin fotos,sin cambios | feed HTTP 200, 8 noticias",NAS: la sección casi no cambia o el lector coge bloques fijos,no,,,0
noticias-2338,2263,https://noticias.carmenprofe.synology.me/scraper_generico.php?url=https%3A%2F%2Fwww.awin1.com%2Fcread.php%3Fawinmid%3D119267%26awinaffid%3D347757%26ued%3Dhttps%253A%252F%252Fnl.babubas.com%252Fsummer-deals,"sin fotos,sin cambios,enlaces ajenos (babubas.com) | feed HTTP 200, 8 noticias",NAS: la sección casi no cambia o el lector coge bloques fijos,no,,,0
noticias-2342,2268,https://noticias.carmenprofe.synology.me/scraper_generico.php?url=https%3A%2F%2Fwww.zamora24horas.com%2Fgalerias,"sin cambios | feed HTTP 200, 4 noticias",el NAS ya tiene noticias nuevas pero el proceso de feeds no las guarda (NAS ocupado o tiempo de espera),no,,,0
noticias-2350,2271,https://noticias.carmenprofe.synology.me/scraper_generico.php?url=https%3A%2F%2Fwww.zamora24horas.com%2Ftemas%2Feventos%2Fsemana-santa,"sin cambios | feed HTTP 200, 5 noticias",NAS: la sección casi no cambia o el lector coge bloques fijos,no,,,0
noticias-2348,2273,https://noticias.carmenprofe.synology.me/scraper_generico.php?url=https%3A%2F%2Fwww.zamora24horas.com%2Fcampo,"sin cambios | feed HTTP 200, 5 noticias",NAS: la sección casi no cambia o el lector coge bloques fijos,no,,,0
noticias-2352,2275,https://noticias.carmenprofe.synology.me/scraper_generico.php?url=https%3A%2F%2Fwww.zamora24horas.com%2Fsociedad,"sin cambios | feed HTTP 200, 5 noticias",NAS: la sección casi no cambia o el lector coge bloques fijos,no,,,0
noticias-2353,2277,https://noticias.carmenprofe.synology.me/scraper_generico.php?url=https%3A%2F%2Ftiendaonline.larazon.es%2F,"sin cambios | feed HTTP 200, 8 noticias",NAS: la sección casi no cambia o el lector coge bloques fijos,no,,,0
noticias-2357,2278,https://noticias.carmenprofe.synology.me/scraper_generico.php?url=https%3A%2F%2Fwww.larazon.es%2Fmotor%2F,"sin cambios | feed HTTP 200, 8 noticias",el NAS ya tiene noticias nuevas pero el proceso de feeds no las guarda (NAS ocupado o tiempo de espera),no,,,0
noticias-2354,2279,https://noticias.carmenprofe.synology.me/scraper_generico.php?url=https%3A%2F%2Fwww.larazon.es%2Facceder%2F%3Fredirect_uri%3Dhttp%3A%2F%2Flarazonepaper.pressreader.com%2F340b,"sin cambios | feed HTTP 200, 8 noticias",NAS: la sección casi no cambia o el lector coge bloques fijos,no,,,0
noticias-2362,2284,https://noticias.carmenprofe.synology.me/scraper_generico.php?url=https%3A%2F%2Fpromociones.larazon.es%2F,"sin cambios,enlaces ajenos (facebook.com) | feed HTTP 200, 6 noticias",NAS: la sección casi no cambia o el lector coge bloques fijos,no,,,0
noticias-2363,2285,https://noticias.carmenprofe.synology.me/scraper_generico.php?url=https%3A%2F%2Fwww.larazon.es%2Ftags%2Fsuplementos-lifestyle%2F,"sin cambios | feed HTTP 200, 8 noticias",NAS: la sección casi no cambia o el lector coge bloques fijos,no,,,0
noticias-2365,2288,https://noticias.carmenprofe.synology.me/scraper_generico.php?url=https%3A%2F%2Fwww.larazon.es%2Fsuplementos%2F,"sin cambios | feed HTTP 200, 8 noticias",NAS: la sección casi no cambia o el lector coge bloques fijos,no,,,0
noticias-2370,2291,https://noticias.carmenprofe.synology.me/scraper_generico.php?url=https%3A%2F%2Fwww.larazon.es%2Fviajes%2F,"sin cambios | feed HTTP 200, 8 noticias",el NAS ya tiene noticias nuevas pero el proceso de feeds no las guarda (NAS ocupado o tiempo de espera),no,,,0
noticias-2375,2295,https://noticias.carmenprofe.synology.me/scraper_generico.php?url=https%3A%2F%2Fwww.larazon.es%2Fquienes-somos%2F,"sin cambios | feed HTTP 200, 8 noticias",NAS: la sección casi no cambia o el lector coge bloques fijos,no,,,0
noticias-2378,2297,https://noticias.carmenprofe.synology.me/scraper_generico.php?url=https%3A%2F%2Fwww.alertadigital.com%2Fseccion%2Fespana%2Fandalucia%2F,"menos de 3,sin fotos,sin cambios | feed HTTP 200, 1 noticias",el lector del NAS saca pocas noticias de esa página,no,,,0
noticias-2381,2298,https://noticias.carmenprofe.synology.me/scraper_generico.php?url=https%3A%2F%2Fwww.alertadigital.com%2Fseccion%2Fespana%2Fcatal%2F,"menos de 3,sin fotos,sin cambios | feed HTTP 200, 1 noticias",el lector del NAS saca pocas noticias de esa página,no,,,0
noticias-2383,2300,https://noticias.carmenprofe.synology.me/scraper_generico.php?url=https%3A%2F%2Fwww.alertadigital.com%2Fseccion%2Fespana%2Fgalicia%2F,"menos de 3,sin fotos,sin cambios | feed HTTP 200, 1 noticias",el lector del NAS saca pocas noticias de esa página,no,,,0
noticias-2386,2301,https://noticias.carmenprofe.synology.me/scraper_generico.php?url=https%3A%2F%2Fwww.alertadigital.com%2Fseccion%2Fespana%2Fpais-vasco%2F,"menos de 3,sin fotos,sin cambios | feed HTTP 200, 1 noticias",el lector del NAS saca pocas noticias de esa página,no,,,0
noticias-2389,2305,https://noticias.carmenprofe.synology.me/scraper_generico.php?url=https%3A%2F%2Fwww.alertadigital.com%2Fseccion%2Finternacional%2Fiberoamerica%2F,"menos de 3,sin fotos,sin cambios | feed HTTP 200, 1 noticias",el lector del NAS saca pocas noticias de esa página,no,,,0
noticias-2385,2306,https://noticias.carmenprofe.synology.me/scraper_generico.php?url=https%3A%2F%2Fwww.alertadigital.com%2Fseccion%2Fespana%2Freino-de-valencia%2F,"menos de 3,sin fotos,sin cambios | feed HTTP 200, 1 noticias",el lector del NAS saca pocas noticias de esa página,no,,,0
noticias-2399,2311,https://noticias.carmenprofe.synology.me/scraper_generico.php?url=https%3A%2F%2Fwww.alertadigital.com%2Fseccion%2Finternacional%2Fno-woke%2F,"menos de 3,sin fotos,sin cambios | feed HTTP 200, 1 noticias",el lector del NAS saca pocas noticias de esa página,no,,,0
noticias-2404,2312,https://noticias.carmenprofe.synology.me/scraper_generico.php?url=https%3A%2F%2Fwww.alertadigital.com%2Fseccion%2Fnostalgia%2F,"menos de 3,sin fotos,sin cambios | feed HTTP 200, 1 noticias",el lector del NAS saca pocas noticias de esa página,no,,,0
noticias-2407,2313,https://noticias.carmenprofe.synology.me/scraper_generico.php?url=https%3A%2F%2Fwww.alertadigital.com%2Fseccion%2Fespana%2Fandalucia%2F,"menos de 3,sin fotos,sin cambios | feed HTTP 200, 1 noticias",el lector del NAS saca pocas noticias de esa página,no,,,0
noticias-2409,2314,https://noticias.carmenprofe.synology.me/scraper_generico.php?url=https%3A%2F%2Fwww.alertadigital.com%2Fseccion%2Fespana%2Fcatal%2F,"menos de 3,sin fotos,sin cambios | feed HTTP 200, 1 noticias",el lector del NAS saca pocas noticias de esa página,no,,,0
noticias-2412,2315,https://noticias.carmenprofe.synology.me/scraper_generico.php?url=https%3A%2F%2Fwww.alertadigital.com%2Fseccion%2Fespana%2Fgalicia%2F,"menos de 3,sin fotos,sin cambios | feed HTTP 200, 1 noticias",el lector del NAS saca pocas noticias de esa página,no,,,0
noticias-2415,2316,https://noticias.carmenprofe.synology.me/scraper_generico.php?url=https%3A%2F%2Fwww.alertadigital.com%2Fseccion%2Finternacional%2Fiberoamerica%2F,"menos de 3,sin fotos,sin cambios | feed HTTP 200, 1 noticias",el lector del NAS saca pocas noticias de esa página,no,,,0
noticias-2417,2317,https://noticias.carmenprofe.synology.me/scraper_generico.php?url=https%3A%2F%2Fwww.alertadigital.com%2F%3Fs%3D123,"menos de 3,sin fotos,sin cambios | feed HTTP 200, 1 noticias",el lector del NAS saca pocas noticias de esa página,no,,,0
noticias-2411,2318,https://noticias.carmenprofe.synology.me/scraper_generico.php?url=https%3A%2F%2Fwww.alertadigital.com%2Fseccion%2Fespana%2Freino-de-valencia%2F,"menos de 3,sin fotos,sin cambios | feed HTTP 200, 1 noticias",el lector del NAS saca pocas noticias de esa página,no,,,0
noticias-2418,2319,https://noticias.carmenprofe.synology.me/scraper_generico.php?url=https%3A%2F%2Fwww.alertadigital.com%2Fauthor%2Fcarmentomas%2F,"menos de 3,sin fotos,sin cambios | feed HTTP 200, 1 noticias",el lector del NAS saca pocas noticias de esa página,no,,,0
noticias-2398,2320,https://noticias.carmenprofe.synology.me/scraper_generico.php?url=https%3A%2F%2Fwww.alertadigital.com%2Fseccion%2Fcorruptolandia%2F,"menos de 3,sin fotos,sin cambios | feed HTTP 200, 1 noticias",el lector del NAS saca pocas noticias de esa página,no,,,0
noticias-2402,2322,https://noticias.carmenprofe.synology.me/scraper_generico.php?url=https%3A%2F%2Fwww.alertadigital.com%2Fseccion%2Fejercito-2%2F,"menos de 3,sin fotos,sin cambios | feed HTTP 200, 1 noticias",el lector del NAS saca pocas noticias de esa página,no,,,0
noticias-301,248,https://www.abc.es/rss/2.0/deportes/real-madrid/,"titulo corto | feed HTTP 200, 25 noticias, última 2026-10-02",revisar,sí,PERIÓDICOS ALIAZON,https://periodicosaliazon.blogspot.com/2026/07/real-madrid-abc.html,1
noticias-19,468,https://script.google.com/macros/s/AKfycbxMwKitb599oOi-o4uFQZZ0aD45PJ0qp1CjtkFLNtkm9C2IDNubsaboRVWYxBA4xkMgeg/exec?feed=https://www.elplural.com/feed/&contains=/autonomias/andalucia,menos de 3 | feed HTTP 200,revisar,sí,NOTICIAS AUTONÓMICAS ESPAÑA,https://noticiasautonomicas.blogspot.com/2026/09/andalucia-el-plural.html | https://noticiasautonomicas.blogspot.com/2026/07/andalucia-el-plural.html,2
noticias-1778,1737,http://blogs.20minutos.es/martinezsoler/feed/,enlaces ajenos (elplural.com) | feed HTTP 410,el lector del NAS recoge enlaces de otras webs (filtro preparado en docs/nas),sí,PERIÓDICOS ALIAZON,https://periodicosaliazon.blogspot.com/2026/08/el-plural-feed.html,1
noticias-200,184,https://www.huffingtonpost.es/feeds/index.xml,"sin fotos | feed HTTP 200, 48 noticias, última 2026-10-04",el feed no trae imágenes y la página no da og:image,no,,,0
noticias-521,403,https://www.elconfidencialdigital.com/rss/album/medios/,titulo corto | feed HTTP 403,bloquea a GitHub (403): leer la página de la sección vía NAS,no,,,0
noticias-522,405,https://www.elconfidencialdigital.com/rss/album/defensa/,titulo corto | feed HTTP 403,bloquea a GitHub (403): leer la página de la sección vía NAS,no,,,0
noticias-15,464,https://script.google.com/macros/s/AKfycbxMwKitb599oOi-o4uFQZZ0aD45PJ0qp1CjtkFLNtkm9C2IDNubsaboRVWYxBA4xkMgeg/exec?feed=https://www.elplural.com/feed/&contains=/sociedad,"menos de 3 | feed HTTP 200, 1 noticias, última 2026-10-04",revisar,no,,,0
noticias-17,466,https://script.google.com/macros/s/AKfycbxMwKitb599oOi-o4uFQZZ0aD45PJ0qp1CjtkFLNtkm9C2IDNubsaboRVWYxBA4xkMgeg/exec?feed=https://www.elplural.com/feed/&contains=/revista-bando,menos de 3 | feed HTTP ERR timeout,feed ERR timeout: leer la página vía NAS,no,,,0
noticias-21,470,https://script.google.com/macros/s/AKfycbxMwKitb599oOi-o4uFQZZ0aD45PJ0qp1CjtkFLNtkm9C2IDNubsaboRVWYxBA4xkMgeg/exec?feed=https://www.elplural.com/feed/&contains=/juegos,menos de 3 | feed HTTP 200,revisar,no,,,0
noticias-526,574,https://www.elconfidencialdigital.com/rss/album/vivir/,titulo corto | feed HTTP 403,bloquea a GitHub (403): leer la página de la sección vía NAS,no,,,0
noticias-709,699,https://carmenprofe.synology.me/scraper_generico.php?url=https%3A%2F%2Flibrotea.eldiario.es%2F,"enlaces ajenos (acumbamail.com) | feed HTTP 200, 8 noticias",el lector del NAS recoge enlaces de otras webs (filtro preparado en docs/nas),no,,,0
noticias-715,707,https://carmenprofe.synology.me/scraper_generico.php?url=https%3A%2F%2Fwww.eldiario.es%2Fvertele%2Fprogramacion-tv%2F,"menos de 3 | feed HTTP 200, 1 noticias",el lector del NAS saca pocas noticias de esa página,no,,,0
noticias-746,730,https://carmenprofe.synology.me/scraper_generico.php?url=https%3A%2F%2Flamarina.eldiario.es%2F,"enlaces ajenos (consorciomare.es victoria-parking.com youtube.com) | feed HTTP 200, 8 noticias",el lector del NAS recoge enlaces de otras webs (filtro preparado en docs/nas),no,,,0
noticias-799,768,https://carmenprofe.synology.me/scraper_generico.php?url=https%3A%2F%2Fwww.eldiario.es%2Fvertele%2Fprogramacion-tv%2F,"menos de 3 | feed HTTP 200, 1 noticias",el lector del NAS saca pocas noticias de esa página,no,,,0
noticias-810,776,https://carmenprofe.synology.me/scraper_generico.php?url=https%3A%2F%2Fwww.twitter.com%2Feldiarioes,"menos de 3 | feed HTTP 200, 1 noticias",NAS: la sección casi no cambia o el lector coge bloques fijos,no,,,0
noticias-811,777,https://carmenprofe.synology.me/scraper_generico.php?url=https%3A%2F%2Fwww.eldiario.es%2Fautores%2Fanton_losada%2F,"menos de 3,sin fotos | feed HTTP 200, 1 noticias",NAS: la sección casi no cambia o el lector coge bloques fijos,no,,,0
noticias-816,782,https://carmenprofe.synology.me/scraper_generico.php?url=https%3A%2F%2Fwww.eldiario.es%2Fautores%2Fbernardo_vergara%2F,"menos de 3,sin fotos | feed HTTP 200, 1 noticias",NAS: la sección casi no cambia o el lector coge bloques fijos,no,,,0
noticias-813,784,https://carmenprofe.synology.me/scraper_generico.php?url=https%3A%2F%2Fwww.eldiario.es%2Fautores%2Fisaac_rosa%2F,"menos de 3,sin fotos | feed HTTP 200, 1 noticias",NAS: la sección casi no cambia o el lector coge bloques fijos,no,,,0
noticias-851,816,https://e00-elmundo.uecdn.es/blogs/elmundo/elmundopordentro/index.xml,"acentos rotos | feed HTTP 200, 20 noticias, última 2020-10-09",blog de El Mundo abandonado (última 2020-10-09): sin sustituto,no,,,0
noticias-866,826,https://e00-elmundo.uecdn.es/blogs/elmundo/asesinoenserie/index.xml,"acentos rotos | feed HTTP 200, 20 noticias, última 2020-10-09",blog de El Mundo abandonado (última 2020-10-09): sin sustituto,no,,,0
noticias-976,1008,https://rss.dw.com/rdf/rss-sp-all,"sin fotos | feed HTTP 200, 18 noticias, última 2026-10-04",el feed no trae imágenes y la página no da og:image,no,,,0
noticias-980,1013,https://www.algecirasalminuto.es/feed/,sin fotos | feed HTTP 202,el feed no trae imágenes y la página no da og:image,no,,,0
noticias-1451,1409,https://carmenprofe.synology.me/scraper_generico.php?url=https%3A%2F%2Flibrotea.eldiario.es%2F,"enlaces ajenos (acumbamail.com) | feed HTTP 200, 8 noticias",el lector del NAS recoge enlaces de otras webs (filtro preparado en docs/nas),no,,,0
noticias-1457,1414,https://carmenprofe.synology.me/scraper_generico.php?url=https%3A%2F%2Fwww.eldiario.es%2Fvertele%2Fprogramacion-tv%2F,"menos de 3 | feed HTTP 200, 1 noticias",el lector del NAS saca pocas noticias de esa página,no,,,0
noticias-1488,1449,https://carmenprofe.synology.me/scraper_generico.php?url=https%3A%2F%2Flamarina.eldiario.es%2F,"enlaces ajenos (consorciomare.es victoria-parking.com youtube.com) | feed HTTP 200, 8 noticias",el lector del NAS recoge enlaces de otras webs (filtro preparado en docs/nas),no,,,0
noticias-1541,1499,https://carmenprofe.synology.me/scraper_generico.php?url=https%3A%2F%2Fwww.eldiario.es%2Fvertele%2Fprogramacion-tv%2F,"menos de 3 | feed HTTP 200, 1 noticias",el lector del NAS saca pocas noticias de esa página,no,,,0
noticias-1731,1689,https://carmenprofe.synology.me/scraper_generico.php?url=https%3A%2F%2Fwww.aionsur.com%2F,"enlaces ajenos (prodetur.es) | feed HTTP 200, 8 noticias",el lector del NAS recoge enlaces de otras webs (filtro preparado en docs/nas),no,,,0
noticias-1777,1736,http://blogs.20minutos.es/madrereciente/feed/,enlaces ajenos (elperiodico.com) | feed HTTP 410,el lector del NAS recoge enlaces de otras webs (filtro preparado en docs/nas),no,,,0
noticias-1905,1840,https://carmenprofe.synology.me/scraper_generico.php?url=https%3A%2F%2Fwww.twitter.com%2Feldiarioes,"menos de 3 | feed HTTP 200, 1 noticias",NAS: la sección casi no cambia o el lector coge bloques fijos,no,,,0
noticias-1906,1844,https://carmenprofe.synology.me/scraper_generico.php?url=https%3A%2F%2Fwww.eldiario.es%2Fautores%2Fanton_losada%2F,"menos de 3,sin fotos | feed HTTP 200, 1 noticias",NAS: la sección casi no cambia o el lector coge bloques fijos,no,,,0
noticias-1908,1846,https://carmenprofe.synology.me/scraper_generico.php?url=https%3A%2F%2Fwww.eldiario.es%2Fautores%2Fisaac_rosa%2F,"menos de 3,sin fotos | feed HTTP 200, 1 noticias",NAS: la sección casi no cambia o el lector coge bloques fijos,no,,,0
noticias-1911,1849,https://carmenprofe.synology.me/scraper_generico.php?url=https%3A%2F%2Fwww.eldiario.es%2Fautores%2Fbernardo_vergara%2F,"menos de 3,sin fotos | feed HTTP 200, 1 noticias",NAS: la sección casi no cambia o el lector coge bloques fijos,no,,,0
noticias-2140,2095,https://carmenprofe.synology.me/scraper_generico.php?url=https%3A%2F%2Fwww.infolibre.es%2Fautores%2Fjesus-marana%2F,"menos de 3 | feed HTTP 200, 2 noticias",NAS: la sección casi no cambia o el lector coge bloques fijos,no,,,0
noticias-2145,2100,https://carmenprofe.synology.me/scraper_generico.php?url=https%3A%2F%2Fwww.infolibre.es%2Fautores%2Ffernando-varela%2F,"menos de 3 | feed HTTP 200, 2 noticias",NAS: la sección casi no cambia o el lector coge bloques fijos,no,,,0
noticias-2147,2102,https://carmenprofe.synology.me/scraper_generico.php?url=https%3A%2F%2Fwww.infolibre.es%2Fautores%2Fmanuel-altozano%2F,"menos de 3 | feed HTTP 200, 1 noticias",NAS: la sección casi no cambia o el lector coge bloques fijos,no,,,0
noticias-2149,2104,https://carmenprofe.synology.me/scraper_generico.php?url=https%3A%2F%2Fwww.infolibre.es%2Fautores%2Fdaniel-lara%2F,"menos de 3 | feed HTTP 200, 1 noticias",NAS: la sección casi no cambia o el lector coge bloques fijos,no,,,0
noticias-2150,2105,https://carmenprofe.synology.me/scraper_generico.php?url=https%3A%2F%2Fwww.infolibre.es%2Fautores%2Fmarta-monforte-jaen%2F,"menos de 3 | feed HTTP 200, 2 noticias",NAS: la sección casi no cambia o el lector coge bloques fijos,no,,,0
noticias-2152,2107,https://carmenprofe.synology.me/scraper_generico.php?url=https%3A%2F%2Fwww.infolibre.es%2Fautores%2Fselina-barcena%2F,"menos de 3 | feed HTTP 200, 1 noticias",NAS: la sección casi no cambia o el lector coge bloques fijos,no,,,0
noticias-2156,2111,https://carmenprofe.synology.me/scraper_generico.php?url=https%3A%2F%2Fwww.infolibre.es%2Fautores%2Falvaro-sanchez-castrillo%2F,"menos de 3 | feed HTTP 200, 1 noticias",NAS: la sección casi no cambia o el lector coge bloques fijos,no,,,0
noticias-2160,2115,https://carmenprofe.synology.me/scraper_generico.php?url=https%3A%2F%2Fwww.infolibre.es%2Fautores%2Fraquel-valdeolivas%2F,"menos de 3,sin fotos | feed HTTP 200, 1 noticias",NAS: la sección casi no cambia o el lector coge bloques fijos,no,,,0
noticias-2213,2168,https://carmenprofe.synology.me/scraper_generico.php?url=https%3A%2F%2Fwww.epe.es%2Fes%2Fabril%2F,"enlaces ajenos (elperiodico.com) | feed HTTP 200, 8 noticias",el lector del NAS recoge enlaces de otras webs (filtro preparado en docs/nas),no,,,0
noticias-2227,2181,https://feeds.feedburner.com/emtmadrid,"enlaces ajenos (emtmadrid.es:8082) | feed HTTP 200, 215 noticias, última 2026-10-04",el lector del NAS recoge enlaces de otras webs (filtro preparado en docs/nas),no,,,0
noticias-2233,2187,https://carmenprofe.synology.me/scraper_generico.php?url=https%3A%2F%2Fwww.miteco.gob.es%2Fes%2Fprensa%2Fultimas-noticias.html,"enlaces ajenos (aepd.es microsoft.com) | feed HTTP 200, 6 noticias",el lector del NAS recoge enlaces de otras webs (filtro preparado en docs/nas),no,,,0
noticias-2234,2188,https://carmenprofe.synology.me/scraper_generico.php?url=https%3A%2F%2Fwww.miteco.gob.es%2Fes%2Fprensa%2Fgaleria-de-imagenes.html,"enlaces ajenos (aepd.es microsoft.com) | feed HTTP 200, 6 noticias",el lector del NAS recoge enlaces de otras webs (filtro preparado en docs/nas),no,,,0
noticias-2245,2199,https://noticias.carmenprofe.synology.me/scraper_generico.php?url=https%3A%2F%2Fwww.awin1.com%2Fcread.php%3Fawinmid%3D18456%26awinaffid%3D347757%26ued%3Dhttps%253A%252F%252Fwww.babista.ch%252Fsale%252F%253Fforce_sid%253D4f6fecdfb408d5bfb1bce066538d3048,"enlaces ajenos (babista.ch) | feed HTTP 200, 8 noticias",el lector del NAS recoge enlaces de otras webs (filtro preparado en docs/nas),no,,,0
noticias-2301,2232,https://noticias.carmenprofe.synology.me/scraper_generico.php?url=https%3A%2F%2Fwww.alertadigital.com%2Fseccion%2Fotras-noticias%2F,"menos de 3,sin fotos | feed HTTP 200, 1 noticias",el lector del NAS saca pocas noticias de esa página,no,,,0
noticias-2303,2235,https://noticias.carmenprofe.synology.me/scraper_generico.php?url=https%3A%2F%2Fwww.alertadigital.com%2Fseccion%2Fespana%2Fmadrid%2F,"menos de 3,sin fotos | feed HTTP 200, 1 noticias",el lector del NAS saca pocas noticias de esa página,no,,,0
noticias-2307,2238,https://noticias.carmenprofe.synology.me/scraper_generico.php?url=https%3A%2F%2Fwww.alertadigital.com%2Fseccion%2Finternacional%2Feeuu-internacional%2F,"menos de 3,sin fotos | feed HTTP 200, 1 noticias",el lector del NAS saca pocas noticias de esa página,no,,,0
noticias-2309,2240,https://noticias.carmenprofe.synology.me/scraper_generico.php?url=https%3A%2F%2Fwww.alertadigital.com%2Fseccion%2Fsociedad%2F,"menos de 3,sin fotos | feed HTTP 200, 1 noticias",el lector del NAS saca pocas noticias de esa página,no,,,0
noticias-2310,2241,https://noticias.carmenprofe.synology.me/scraper_generico.php?url=https%3A%2F%2Fwww.alertadigital.com%2Fseccion%2Feconomia%2F,"menos de 3,sin fotos | feed HTTP 200, 1 noticias",el lector del NAS saca pocas noticias de esa página,no,,,0
noticias-2313,2244,https://noticias.carmenprofe.synology.me/scraper_generico.php?url=https%3A%2F%2Fwww.alertadigital.com%2Fseccion%2Fsucesos%2F,"menos de 3,sin fotos | feed HTTP 200, 1 noticias",el lector del NAS saca pocas noticias de esa página,no,,,0
noticias-2316,2246,https://noticias.carmenprofe.synology.me/scraper_generico.php?url=https%3A%2F%2Fwww.alertadigital.com%2Fseccion%2Farticulos-de-opinion%2F,"menos de 3,sin fotos | feed HTTP 200, 1 noticias",el lector del NAS saca pocas noticias de esa página,no,,,0
noticias-2319,2247,https://noticias.carmenprofe.synology.me/scraper_generico.php?url=https%3A%2F%2Fwww.alertadigital.com%2Fseccion%2Fcultura%2F,"menos de 3,sin fotos | feed HTTP 200, 1 noticias",el lector del NAS saca pocas noticias de esa página,no,,,0
noticias-2320,2249,https://noticias.carmenprofe.synology.me/scraper_generico.php?url=https%3A%2F%2Fwww.alertadigital.com%2Fseccion%2Fsalud%2F,"menos de 3,sin fotos | feed HTTP 200, 1 noticias",el lector del NAS saca pocas noticias de esa página,no,,,0
noticias-2306,2251,https://noticias.carmenprofe.synology.me/scraper_generico.php?url=https%3A%2F%2Fwww.alertadigital.com%2Fseccion%2Finternacional%2F,"menos de 3,sin fotos | feed HTTP 200, 1 noticias",el lector del NAS saca pocas noticias de esa página,no,,,0
noticias-2324,2252,https://noticias.carmenprofe.synology.me/scraper_generico.php?url=https%3A%2F%2Fwww.alertadigital.com%2Fseccion%2Fad-tribunales%2F,"menos de 3,sin fotos | feed HTTP 200, 1 noticias",el lector del NAS saca pocas noticias de esa página,no,,,0
noticias-2325,2253,https://noticias.carmenprofe.synology.me/scraper_generico.php?url=https%3A%2F%2Fwww.alertadigital.com%2Fseccion%2Freligion%2F,"menos de 3,sin fotos | feed HTTP 200, 1 noticias",el lector del NAS saca pocas noticias de esa página,no,,,0
noticias-2382,2299,https://noticias.carmenprofe.synology.me/scraper_generico.php?url=https%3A%2F%2Fwww.alertadigital.com%2Fseccion%2Fotras-noticias%2F,"menos de 3,sin fotos | feed HTTP 200, 1 noticias",el lector del NAS saca pocas noticias de esa página,no,,,0
noticias-2387,2302,https://noticias.carmenprofe.synology.me/scraper_generico.php?url=https%3A%2F%2Fwww.alertadigital.com%2Fseccion%2Finternacional%2F,"menos de 3,sin fotos | feed HTTP 200, 1 noticias",el lector del NAS saca pocas noticias de esa página,no,,,0
noticias-2388,2303,https://noticias.carmenprofe.synology.me/scraper_generico.php?url=https%3A%2F%2Fwww.alertadigital.com%2Fseccion%2Finternacional%2Feeuu-internacional%2F,"menos de 3,sin fotos | feed HTTP 200, 1 noticias",el lector del NAS saca pocas noticias de esa página,no,,,0
noticias-2390,2304,https://noticias.carmenprofe.synology.me/scraper_generico.php?url=https%3A%2F%2Fwww.alertadigital.com%2Fseccion%2Fsociedad%2F,"menos de 3,sin fotos | feed HTTP 200, 1 noticias",el lector del NAS saca pocas noticias de esa página,no,,,0
noticias-2391,2307,https://noticias.carmenprofe.synology.me/scraper_generico.php?url=https%3A%2F%2Fwww.alertadigital.com%2Fseccion%2Feconomia%2F,"menos de 3,sin fotos | feed HTTP 200, 1 noticias",el lector del NAS saca pocas noticias de esa página,no,,,0
noticias-2393,2308,https://noticias.carmenprofe.synology.me/scraper_generico.php?url=https%3A%2F%2Fwww.alertadigital.com%2Fseccion%2Fa-fondo%2F,"menos de 3,sin fotos | feed HTTP 200, 1 noticias",el lector del NAS saca pocas noticias de esa página,no,,,0
noticias-2394,2309,https://noticias.carmenprofe.synology.me/scraper_generico.php?url=https%3A%2F%2Fwww.alertadigital.com%2Fseccion%2Fsucesos%2F,"menos de 3,sin fotos | feed HTTP 200, 1 noticias",el lector del NAS saca pocas noticias de esa página,no,,,0
noticias-2401,2310,https://noticias.carmenprofe.synology.me/scraper_generico.php?url=https%3A%2F%2Fwww.alertadigital.com%2Fseccion%2Fsalud%2F,"menos de 3,sin fotos | feed HTTP 200, 1 noticias",el lector del NAS saca pocas noticias de esa página,no,,,0
noticias-2400,2321,https://noticias.carmenprofe.synology.me/scraper_generico.php?url=https%3A%2F%2Fwww.alertadigital.com%2Fseccion%2Fcultura%2F,"menos de 3,sin fotos | feed HTTP 200, 1 noticias",el lector del NAS saca pocas noticias de esa página,no,,,0
noticias-2441,2345,https://danielleguiziony.com/blogs/press.atom,"sin fotos | feed HTTP 200, 30 noticias, última 2026-04-29",feed abandonado (última 2026-04-29): leer la página vía NAS,no,,,0
